scene,session,source_kind,tracks,samples,speed_mean_mps,speed_p10_mps,congested_fraction_below_10mps,freeflow_fraction_above_20mps,density_mean_veh_km_lane,lane_change_tracks,valid_track_fraction,verified_wave_events
fixture-0,fixture-session-0,SYNTHETIC_FIXTURE,12,1777,17.439105987548828,15.500359535217285,0.0,0.0,3.6775662899017334,1,0.9806843267108167,0
fixture-1,fixture-session-1,SYNTHETIC_FIXTURE,15,2230,18.600542068481445,16.638866424560547,0.0,0.2556053811659193,4.615066051483154,0,0.9845474613686535,0
fixture-2,fixture-session-2,SYNTHETIC_FIXTURE,9,1324,13.849771499633789,12.009564399719238,0.0,0.0,2.7400662899017334,0,0.9742457689477557,0
fixture-3,fixture-session-3,SYNTHETIC_FIXTURE,12,1777,8.919191360473633,7.100009918212891,0.694991558806978,0.0,3.6775662899017334,1,0.9806843267108167,0
fixture-4,fixture-session-4,SYNTHETIC_FIXTURE,16,2300,21.521459579467773,19.631511688232422,0.0,0.7673913043478261,4.759933948516846,0,0.9519867549668874,0
fixture-5,fixture-session-5,SYNTHETIC_FIXTURE,12,1777,12.29536247253418,10.320648193359375,0.0,0.0,3.6775662899017334,0,0.9806843267108167,0
fixture-6,fixture-session-6,SYNTHETIC_FIXTURE,9,1321,21.430269241333008,19.606185913085938,0.0,0.761544284632854,2.7338576316833496,1,0.9720382634289919,0
fixture-7,fixture-session-7,SYNTHETIC_FIXTURE,16,2381,17.051376342773438,15.17281723022461,0.0,0.0,4.927566051483154,0,0.9855132450331126,0
fixture-8,fixture-session-8,SYNTHETIC_FIXTURE,12,1777,12.339265823364258,10.380599975585938,0.0,0.0,3.6775662899017334,0,0.9806843267108167,0
fixture-9,fixture-session-9,SYNTHETIC_FIXTURE,10,1475,9.22248363494873,7.324375629425049,0.6216949152542373,0.0,3.0525662899017334,1,0.9768211920529801,0
fixture-10,fixture-session-10,SYNTHETIC_FIXTURE,9,1324,11.400715827941895,9.518671989440918,0.25226586102719034,0.0,2.7400662899017334,0,0.9742457689477557,0
fixture-11,fixture-session-11,SYNTHETIC_FIXTURE,13,1925,19.515850067138672,17.590002059936523,0.0,0.4296103896103896,3.9838576316833496,0,0.9806418746816098,0
fixture-12,fixture-session-12,SYNTHETIC_FIXTURE,11,1626,13.598050117492676,11.782191276550293,0.0,0.0,3.3650662899017334,1,0.9789283564118001,0
fixture-13,fixture-session-13,SYNTHETIC_FIXTURE,10,1475,14.484046936035156,12.523653984069824,0.0,0.0,3.0525662899017334,0,0.9768211920529801,0
fixture-14,fixture-session-14,SYNTHETIC_FIXTURE,11,1626,8.79924201965332,6.806436061859131,0.7023370233702337,0.0,3.3650662899017334,0,0.9789283564118001,0
fixture-15,fixture-session-15,SYNTHETIC_FIXTURE,11,1626,9.668570518493652,7.744629383087158,0.5424354243542435,0.0,3.3650662899017334,1,0.9789283564118001,0
fixture-16,fixture-session-16,SYNTHETIC_FIXTURE,8,1173,12.5480375289917,10.740581512451172,0.0,0.0,2.4275662899017334,0,0.9710264900662252,0
fixture-17,fixture-session-17,SYNTHETIC_FIXTURE,9,1324,8.921526908874512,7.06874418258667,0.6895770392749244,0.0,2.7400662899017334,0,0.9742457689477557,0
