seed,model,family_id,scenario,objective,delay,progress,queue,conflicts,collisions,completed
202,A_original,0,intersection,3.520317102968692,4.985690116882324,4.658838272094727,1.899999976158142,6,0,0
202,A_original,1,merge,17.98049082770944,6.936927318572998,3.5695266723632812,3.700000286102295,12,8,0
202,A_original,2,intersection,5.571997710764408,5.746316909790039,4.144348621368408,2.9000000953674316,8,0,0
202,A_original,3,merge,7.856412193328142,7.498976230621338,2.990567445755005,4.59999942779541,2,0,1
202,A_original,4,intersection,6.58350956261158,4.662799835205078,5.1684956550598145,1.100000023841858,15,2,0
202,A_original,5,merge,10.714246263951065,7.509527206420898,3.131162166595459,4.099999904632568,6,2,1
202,A_original,6,intersection,5.889665856510401,5.225594520568848,4.603165626525879,2.0999999046325684,10,1,0
202,A_original,7,merge,8.207540755718947,5.002510070800781,4.5795207023620605,1.2000000476837158,13,3,0
202,A_original,8,intersection,5.933935178518295,4.878991603851318,4.786118507385254,1.5999999046325684,14,1,0
202,A_original,9,merge,4.463836774528026,5.9021100997924805,4.342403411865234,1.899999976158142,5,0,0
202,A_original,10,intersection,5.591085265725852,5.68406343460083,4.046995162963867,2.9000000953674316,8,0,0
202,A_original,11,merge,4.559730340242385,6.054793357849121,3.9337124824523926,2.4000000953674316,2,0,0
202,A_original,12,intersection,5.720843793898821,5.743561267852783,4.656742572784424,2.0,13,0,0
202,A_original,13,merge,3.441037607043982,5.280737400054932,4.815781593322754,1.100000023841858,7,0,0
202,A_original,14,intersection,4.660091893672943,4.3502678871154785,4.865811824798584,1.4000000953674316,11,1,0
202,A_original,15,merge,22.61204694211483,6.94805908203125,3.5099236965179443,3.200000047683716,12,12,0
