seed,model,family_id,scenario,step,a,b,hidden
202,A_original,0,intersection,0,1,1,False
202,A_original,0,intersection,1,1,1,False
202,A_original,0,intersection,2,1,1,False
202,A_original,0,intersection,3,1,1,False
202,A_original,0,intersection,4,1,1,False
202,A_original,0,intersection,5,0,0,False
202,A_original,0,intersection,6,0,0,False
202,A_original,0,intersection,7,0,0,False
202,A_original,0,intersection,8,0,0,False
202,A_original,0,intersection,9,0,0,False
202,A_original,0,intersection,10,0,0,False
202,A_original,0,intersection,11,1,1,False
202,A_original,1,merge,0,1,1,False
202,A_original,1,merge,1,1,1,False
202,A_original,1,merge,2,1,1,False
202,A_original,1,merge,3,1,1,False
202,A_original,1,merge,4,1,1,False
202,A_original,1,merge,5,1,1,False
202,A_original,1,merge,6,1,1,False
202,A_original,1,merge,7,1,1,False
202,A_original,1,merge,8,1,1,False
202,A_original,1,merge,9,1,1,False
202,A_original,1,merge,10,1,1,False
202,A_original,1,merge,11,1,1,False
202,A_original,2,intersection,0,1,1,False
202,A_original,2,intersection,1,1,1,False
202,A_original,2,intersection,2,1,0,False
202,A_original,2,intersection,3,1,0,False
202,A_original,2,intersection,4,1,0,False
202,A_original,2,intersection,5,0,0,False
202,A_original,2,intersection,6,0,0,False
202,A_original,2,intersection,7,0,0,False
202,A_original,2,intersection,8,0,0,False
202,A_original,2,intersection,9,0,0,False
202,A_original,2,intersection,10,1,0,False
202,A_original,2,intersection,11,1,1,False
202,A_original,3,merge,0,1,1,False
202,A_original,3,merge,1,1,1,False
202,A_original,3,merge,2,1,1,False
202,A_original,3,merge,3,1,1,False
202,A_original,3,merge,4,1,1,False
202,A_original,3,merge,5,1,1,False
202,A_original,3,merge,6,1,1,False
202,A_original,3,merge,7,1,1,False
202,A_original,3,merge,8,1,1,False
202,A_original,3,merge,9,1,1,False
202,A_original,3,merge,10,1,1,False
202,A_original,3,merge,11,1,1,False
202,A_original,4,intersection,0,1,1,False
202,A_original,4,intersection,1,1,0,False
202,A_original,4,intersection,2,1,0,False
202,A_original,4,intersection,3,1,0,False
202,A_original,4,intersection,4,0,0,False
202,A_original,4,intersection,5,0,0,False
202,A_original,4,intersection,6,0,0,False
202,A_original,4,intersection,7,0,0,False
202,A_original,4,intersection,8,0,0,False
202,A_original,4,intersection,9,0,0,False
202,A_original,4,intersection,10,0,0,False
202,A_original,4,intersection,11,1,0,False
202,A_original,5,merge,0,1,1,False
202,A_original,5,merge,1,1,1,False
202,A_original,5,merge,2,1,1,False
202,A_original,5,merge,3,1,1,False
202,A_original,5,merge,4,1,1,False
202,A_original,5,merge,5,1,1,False
202,A_original,5,merge,6,1,1,False
202,A_original,5,merge,7,1,1,False
202,A_original,5,merge,8,1,1,False
202,A_original,5,merge,9,1,1,False
202,A_original,5,merge,10,1,1,False
202,A_original,5,merge,11,1,1,False
202,A_original,6,intersection,0,1,1,False
202,A_original,6,intersection,1,0,0,False
202,A_original,6,intersection,2,0,0,False
202,A_original,6,intersection,3,0,0,False
202,A_original,6,intersection,4,0,0,False
202,A_original,6,intersection,5,0,0,False
202,A_original,6,intersection,6,0,0,False
202,A_original,6,intersection,7,0,0,False
202,A_original,6,intersection,8,0,0,False
202,A_original,6,intersection,9,0,0,False
202,A_original,6,intersection,10,0,0,False
202,A_original,6,intersection,11,0,0,False
202,A_original,7,merge,0,1,1,False
202,A_original,7,merge,1,1,1,False
202,A_original,7,merge,2,1,1,False
202,A_original,7,merge,3,1,1,False
202,A_original,7,merge,4,1,1,False
202,A_original,7,merge,5,1,1,False
202,A_original,7,merge,6,1,1,False
202,A_original,7,merge,7,1,1,False
202,A_original,7,merge,8,1,1,False
202,A_original,7,merge,9,1,1,False
202,A_original,7,merge,10,1,1,False
202,A_original,7,merge,11,1,1,False
202,A_original,8,intersection,0,1,1,False
202,A_original,8,intersection,1,1,1,False
202,A_original,8,intersection,2,1,1,False
202,A_original,8,intersection,3,1,0,False
202,A_original,8,intersection,4,0,0,False
202,A_original,8,intersection,5,0,0,False
202,A_original,8,intersection,6,0,0,False
202,A_original,8,intersection,7,0,0,False
202,A_original,8,intersection,8,0,0,False
202,A_original,8,intersection,9,1,0,False
202,A_original,8,intersection,10,0,0,False
202,A_original,8,intersection,11,1,1,False
202,A_original,9,merge,0,1,1,False
202,A_original,9,merge,1,1,1,False
202,A_original,9,merge,2,1,1,False
202,A_original,9,merge,3,1,1,False
202,A_original,9,merge,4,1,1,False
202,A_original,9,merge,5,1,1,False
202,A_original,9,merge,6,1,1,False
202,A_original,9,merge,7,1,1,False
202,A_original,9,merge,8,1,1,False
202,A_original,9,merge,9,1,1,False
202,A_original,9,merge,10,1,1,False
202,A_original,9,merge,11,1,1,False
202,A_original,10,intersection,0,1,1,False
202,A_original,10,intersection,1,1,1,False
202,A_original,10,intersection,2,1,1,False
202,A_original,10,intersection,3,0,0,False
202,A_original,10,intersection,4,1,1,False
202,A_original,10,intersection,5,0,0,False
202,A_original,10,intersection,6,0,0,False
202,A_original,10,intersection,7,0,0,False
202,A_original,10,intersection,8,1,0,False
202,A_original,10,intersection,9,1,0,False
202,A_original,10,intersection,10,1,0,False
202,A_original,10,intersection,11,1,1,False
202,A_original,11,merge,0,1,1,False
202,A_original,11,merge,1,1,1,False
202,A_original,11,merge,2,1,1,False
202,A_original,11,merge,3,1,1,False
202,A_original,11,merge,4,1,1,False
202,A_original,11,merge,5,1,1,False
202,A_original,11,merge,6,1,1,False
202,A_original,11,merge,7,1,1,False
202,A_original,11,merge,8,1,1,False
202,A_original,11,merge,9,1,1,False
202,A_original,11,merge,10,1,1,False
202,A_original,11,merge,11,1,1,False
202,A_original,12,intersection,0,1,1,False
202,A_original,12,intersection,1,1,1,False
202,A_original,12,intersection,2,1,0,False
202,A_original,12,intersection,3,0,0,False
202,A_original,12,intersection,4,0,0,False
202,A_original,12,intersection,5,0,0,False
202,A_original,12,intersection,6,0,0,False
202,A_original,12,intersection,7,0,0,False
202,A_original,12,intersection,8,0,0,False
202,A_original,12,intersection,9,0,0,False
202,A_original,12,intersection,10,0,0,False
202,A_original,12,intersection,11,1,1,False
202,A_original,13,merge,0,1,1,False
202,A_original,13,merge,1,1,1,False
202,A_original,13,merge,2,1,1,False
202,A_original,13,merge,3,1,1,False
202,A_original,13,merge,4,1,1,False
202,A_original,13,merge,5,1,1,False
202,A_original,13,merge,6,1,1,False
202,A_original,13,merge,7,1,1,False
202,A_original,13,merge,8,1,1,False
202,A_original,13,merge,9,1,1,False
202,A_original,13,merge,10,1,1,False
202,A_original,13,merge,11,1,1,False
202,A_original,14,intersection,0,1,1,False
202,A_original,14,intersection,1,1,1,False
202,A_original,14,intersection,2,1,0,False
202,A_original,14,intersection,3,0,0,False
202,A_original,14,intersection,4,1,0,False
202,A_original,14,intersection,5,0,0,False
202,A_original,14,intersection,6,0,0,False
202,A_original,14,intersection,7,0,0,False
202,A_original,14,intersection,8,0,0,False
202,A_original,14,intersection,9,0,0,False
202,A_original,14,intersection,10,0,0,False
202,A_original,14,intersection,11,1,1,False
202,A_original,15,merge,0,1,1,False
202,A_original,15,merge,1,1,1,False
202,A_original,15,merge,2,1,1,False
202,A_original,15,merge,3,1,1,False
202,A_original,15,merge,4,1,1,False
202,A_original,15,merge,5,1,1,False
202,A_original,15,merge,6,1,1,False
202,A_original,15,merge,7,1,1,False
202,A_original,15,merge,8,1,1,False
202,A_original,15,merge,9,1,1,False
202,A_original,15,merge,10,1,1,False
202,A_original,15,merge,11,1,1,False
