variant,seed,scene,stratum,valid_agent_times,ade_m
independent,101,fixture-14,lane_change,0,
independent,101,fixture-14,lane_keep,1000,23.016387939453125
independent,101,fixture-14,class_0,1000,23.016387939453125
independent,101,fixture-15,lane_change,100,23.116174697875977
independent,101,fixture-15,lane_keep,900,21.852296829223633
independent,101,fixture-15,class_0,1000,21.97868537902832
independent,101,fixture-16,lane_change,0,
independent,101,fixture-16,lane_keep,700,13.879901885986328
independent,101,fixture-16,class_0,700,13.879901885986328
independent,101,fixture-17,lane_change,0,
independent,101,fixture-17,lane_keep,800,7.792267322540283
independent,101,fixture-17,class_0,800,7.792267322540283
deterministic,101,fixture-14,lane_change,0,
deterministic,101,fixture-14,lane_keep,1000,26.087846755981445
deterministic,101,fixture-14,class_0,1000,26.087846755981445
deterministic,101,fixture-15,lane_change,100,24.80449867248535
deterministic,101,fixture-15,lane_keep,900,23.606645584106445
deterministic,101,fixture-15,class_0,1000,23.72642707824707
deterministic,101,fixture-16,lane_change,0,
deterministic,101,fixture-16,lane_keep,700,10.291733741760254
deterministic,101,fixture-16,class_0,700,10.291733741760254
deterministic,101,fixture-17,lane_change,0,
deterministic,101,fixture-17,lane_keep,800,5.78183126449585
deterministic,101,fixture-17,class_0,800,5.78183126449585
macro_only,101,fixture-14,lane_change,0,
macro_only,101,fixture-14,lane_keep,1000,19.03789710998535
macro_only,101,fixture-14,class_0,1000,19.03789710998535
macro_only,101,fixture-15,lane_change,100,20.461257934570312
macro_only,101,fixture-15,lane_keep,900,17.68758201599121
macro_only,101,fixture-15,class_0,1000,17.964948654174805
macro_only,101,fixture-16,lane_change,0,
macro_only,101,fixture-16,lane_keep,700,19.546287536621094
macro_only,101,fixture-16,class_0,700,19.546287536621094
macro_only,101,fixture-17,lane_change,0,
macro_only,101,fixture-17,lane_keep,800,12.310257911682129
macro_only,101,fixture-17,class_0,800,12.310257911682129
micro_only,101,fixture-14,lane_change,0,
micro_only,101,fixture-14,lane_keep,1000,26.639375686645508
micro_only,101,fixture-14,class_0,1000,26.639375686645508
micro_only,101,fixture-15,lane_change,100,25.603837966918945
micro_only,101,fixture-15,lane_keep,900,25.302309036254883
micro_only,101,fixture-15,class_0,1000,25.332462310791016
micro_only,101,fixture-16,lane_change,0,
micro_only,101,fixture-16,lane_keep,700,12.528462409973145
micro_only,101,fixture-16,class_0,700,12.528462409973145
micro_only,101,fixture-17,lane_change,0,
micro_only,101,fixture-17,lane_keep,800,6.2903361320495605
micro_only,101,fixture-17,class_0,800,6.2903361320495605
no_crossscale,101,fixture-14,lane_change,0,
no_crossscale,101,fixture-14,lane_keep,1000,26.59825897216797
no_crossscale,101,fixture-14,class_0,1000,26.59825897216797
no_crossscale,101,fixture-15,lane_change,100,27.164274215698242
no_crossscale,101,fixture-15,lane_keep,900,26.498802185058594
no_crossscale,101,fixture-15,class_0,1000,26.56534767150879
no_crossscale,101,fixture-16,lane_change,0,
no_crossscale,101,fixture-16,lane_keep,700,9.925065994262695
no_crossscale,101,fixture-16,class_0,700,9.925065994262695
no_crossscale,101,fixture-17,lane_change,0,
no_crossscale,101,fixture-17,lane_keep,800,7.341070652008057
no_crossscale,101,fixture-17,class_0,800,7.341070652008057
full,101,fixture-14,lane_change,0,
full,101,fixture-14,lane_keep,1000,22.106653213500977
full,101,fixture-14,class_0,1000,22.106653213500977
full,101,fixture-15,lane_change,100,20.58399200439453
full,101,fixture-15,lane_keep,900,20.810720443725586
full,101,fixture-15,class_0,1000,20.78805160522461
full,101,fixture-16,lane_change,0,
full,101,fixture-16,lane_keep,700,16.592750549316406
full,101,fixture-16,class_0,700,16.592750549316406
full,101,fixture-17,lane_change,0,
full,101,fixture-17,lane_keep,800,9.642845153808594
full,101,fixture-17,class_0,800,9.642845153808594
