seed,variant,step,train_loss,validation_loss,micro_loss,macro_loss,kl
101,independent,1,0.22291788458824158,0.0527733638882637,0.003977549547562376,0.0,0.02182349665090442
101,independent,20,0.02202821522951126,0.005851841376473506,0.0006157339710625819,0.0,0.0053635070798918605
101,independent,40,0.007770379073917866,0.005827858578413725,0.0017471709346864373,0.0,0.002456469368189573
101,independent,60,0.0023770758416503668,0.007088704655567805,0.0005293343929224648,0.0,0.00125807523727417
101,independent,80,0.0044387336820364,0.005758780054748058,0.0007171848548750859,0.0,0.0007032255321973935
101,independent,100,0.02805107831954956,0.00442049209959805,0.00262388534611091,0.0,0.0005834688781760633
101,deterministic,1,0.0323646143078804,0.036748018115758896,0.0019093754381174222,0.029018605314195155,0.0
101,deterministic,20,0.03581593185663223,0.022647336435814697,0.0008479919250021339,0.03254016265273094,0.0
101,deterministic,40,0.030107814818620682,0.020371914220352966,0.0002895125087889028,0.02755763791501522,0.0
101,deterministic,60,0.02287220023572445,0.007495690292368333,0.00010225142929130016,0.01885211104527116,0.0
101,deterministic,80,0.006303115282207727,0.005830789916217327,9.918639677835017e-05,0.005662294197827577,0.0
101,deterministic,100,0.0400027260184288,0.004868487517038981,0.0015843280591070652,0.034984521195292474,0.0
101,macro_only,1,0.036832261830568314,0.04210065429409345,0.0,0.03154872991144657,0.03263414651155472
101,macro_only,20,0.03820904344320297,0.026255025217930477,0.0,0.033587459661066535,0.017019454669207335
101,macro_only,40,0.03491177782416344,0.023906069807708263,0.0,0.031077028810977937,0.005655413819476962
101,macro_only,60,0.04009810835123062,0.018565000966191292,0.0,0.03402035553008318,0.003082112455740571
101,macro_only,80,0.012996524572372437,0.010075742068390051,0.0,0.011720870528370142,0.005634400330018252
101,macro_only,100,0.04372253268957138,0.005846873080978791,0.0,0.03712355978786945,0.004755056847352534
101,micro_only,1,0.2464902400970459,0.044035594910383224,0.003908150625647977,0.0,0.02719298368319869
101,micro_only,20,0.03141693398356438,0.004853343513483803,0.0019810652622254564,0.0,0.06022548172622919
101,micro_only,40,0.00982153695076704,0.006635669929285844,0.0016140527892275713,0.0,0.15242986045777798
101,micro_only,60,0.005456133279949427,0.006991554827739795,0.0015387900130008347,0.0,0.24571034424006938
101,micro_only,80,0.006387083791196346,0.004442819859832525,0.001046343200141564,0.0,0.19263253398239613
101,micro_only,100,0.027359971776604652,0.003634182969108224,0.0022339527029544117,0.0,0.13745353035628796
101,no_crossscale,1,0.27285856008529663,0.07852102319399516,0.0049288179143331945,0.03154872991144657,0.027170069981366396
101,no_crossscale,20,0.0677020400762558,0.028210959086815517,0.0013538272585719823,0.033629109151661396,0.05780554749071598
101,no_crossscale,40,0.03842330724000931,0.026342554638783138,0.0009384761600813363,0.03151882477104664,0.13018408082425595
101,no_crossscale,60,0.03975670039653778,0.022255454522867996,0.0009311147427069954,0.034370815753936766,0.19668674618005752
101,no_crossscale,80,0.016448242589831352,0.011666635982692242,0.0007813640244421549,0.01111375754699111,0.2044364746659994
101,no_crossscale,100,0.06335538625717163,0.007933923974633217,0.0019272744306363166,0.03770824931561947,0.12828083150088787
101,full,1,0.24473512172698975,0.06919642786184947,0.0023621757805813103,0.029576228000223637,0.023967271111905573
101,full,20,0.05909828096628189,0.03353083754579226,0.002629968652036041,0.035801973566412924,0.11221574526280165
101,full,40,0.04449019953608513,0.03188424992064635,0.0018711239114054478,0.03138402607291937,0.10931109338998794
101,full,60,0.0526624396443367,0.0301168505102396,0.001326231514394749,0.04183367751538754,0.07587079927325249
101,full,80,0.021764684468507767,0.028218893334269524,0.0012455787029466592,0.013784150872379542,0.06206900104880333
101,full,100,0.05911992862820625,0.02669118158519268,0.0023588817566633224,0.030580024980008603,0.04848755039274692
