scenario,agents,observed_context_agents,valid_states,missing_fraction,speed_mean_mps,position_velocity_discrepancy_mps,static_map_features,relative_start_seconds,relative_end_seconds
333606,2,2,34,0.6304347826086957,29.768831253051758,0.044040705840192804,11,0.0,8.999991416931152
330403,2,2,55,0.40217391304347827,29.964506149291992,0.054288737101893664,11,0.0,8.999991416931152
332009,2,2,28,0.6956521739130435,36.24238967895508,0.019245539617460405,11,0.0,8.999991416931152
333611,2,2,64,0.30434782608695654,29.252262115478516,0.034979235120027055,11,0.0,8.999991416931152
332015,3,3,60,0.5652173913043479,35.008033752441406,0.013418089209469934,11,0.0,8.999991416931152
333617,3,3,104,0.24637681159420288,32.49889373779297,0.02015303556258338,11,0.0,8.999991416931152
332018,2,2,54,0.4130434782608695,36.61576843261719,0.015388322119816592,11,0.0,8.999991416931152
330416,2,2,50,0.4565217391304348,32.425933837890625,0.030529769818302195,11,0.0,8.999991416931152
332019,2,2,43,0.5326086956521738,32.82132339477539,0.029105694457559162,11,0.0,8.999991416931152
333619,2,2,34,0.6304347826086957,35.197425842285156,0.012828412286260693,11,0.0,8.999991416931152
330419,2,2,63,0.3152173913043478,33.60968780517578,0.02273292273756566,11,0.0,8.999991416931152
332021,2,2,48,0.4782608695652174,32.747249603271484,0.03960763990842285,11,0.0,8.999991416931152
332020,2,2,52,0.4347826086956522,32.18467712402344,0.02294310847372194,11,0.0,8.999991416931152
330422,2,2,17,0.8152173913043479,42.107444763183594,0.07140230392676591,11,0.0,8.999991416931152
332022,3,3,67,0.5144927536231885,29.44800567626953,0.024800965674432903,11,0.0,8.999991416931152
338421,3,3,108,0.21739130434782605,32.11442184448242,0.024240101287204874,11,0.0,8.999991416931152
333623,2,2,53,0.42391304347826086,29.215774536132812,0.010812203073916865,11,0.0,8.999991416931152
341621,2,2,15,0.8369565217391304,26.933488845825195,0.06077013349254389,11,0.0,8.999991416931152
333625,2,2,32,0.6521739130434783,31.69891357421875,0.06584994926107812,11,0.0,8.999991416931152
330421,2,2,75,0.18478260869565222,22.383460998535156,0.04426493435189721,11,0.0,8.999991416931152
328826,2,2,53,0.42391304347826086,27.450347900390625,0.021498412418509607,11,0.0,8.999991416931152
332027,2,2,16,0.8260869565217391,38.034481048583984,0.08541680006006891,11,0.0,8.999991416931152
330427,2,2,34,0.6304347826086957,33.62498092651367,0.010929153276347532,11,0.0,8.999991416931152
333628,2,2,49,0.46739130434782605,35.56520462036133,0.018397319823757887,11,0.0,8.999991416931152
330428,2,2,60,0.34782608695652173,36.49755096435547,0.020826271521370447,11,0.0,8.999991416931152
332028,3,3,106,0.23188405797101452,35.48683166503906,0.018779552800563103,11,0.0,8.999991416931152
309630,2,2,37,0.5978260869565217,26.67795753479004,0.03302226804274639,11,0.0,8.999991416931152
314432,2,2,40,0.5652173913043479,27.254138946533203,0.03100262133941052,11,0.0,8.999991416931152
332034,3,3,76,0.4492753623188406,31.575824737548828,0.0305565566240324,11,0.0,8.999991416931152
303235,3,3,63,0.5434782608695652,35.098079681396484,0.03182306379893505,11,0.0,8.999991416931152
328834,2,2,89,0.03260869565217395,34.02447509765625,0.01004739507989122,11,0.0,8.999991416931152
330435,2,2,68,0.26086956521739135,33.797393798828125,0.01201934689389568,11,0.0,8.999991416931152
332036,2,2,33,0.6413043478260869,32.60621643066406,0.009438234339702154,11,0.0,8.999991416931152
313638,2,2,87,0.05434782608695654,30.85600471496582,0.012667745581510521,11,0.0,8.999991416931152
316838,4,4,71,0.6141304347826086,32.7799072265625,0.02567039739588274,11,0.0,8.999991416931152
315238,8,8,262,0.2880434782608695,33.213680267333984,0.011845220777362483,11,0.0,8.999991416931152
342438,4,4,59,0.6793478260869565,32.326141357421875,0.025321281617326375,11,0.0,8.999991416931152
339237,4,4,180,0.021739130434782594,34.388465881347656,0.017370810564702785,11,0.0,8.999991416931152
310438,5,5,104,0.5478260869565217,32.10021209716797,0.02463524148481153,11,0.0,8.999991416931152
318437,3,3,138,0.0,39.851505279541016,0.019061817696363757,11,0.0,8.999991416931152
321638,4,4,38,0.7934782608695652,39.3134880065918,0.01417925977470997,11,0.0,8.999991416931152
329638,7,7,297,0.07763975155279501,32.882232666015625,0.01404824404922905,11,0.0,8.999991416931152
347238,7,7,225,0.3012422360248447,29.874265670776367,0.022414823644250632,11,0.0,8.999991416931152
348838,2,2,59,0.3586956521739131,33.535736083984375,0.008856864475518858,11,0.0,8.999991416931152
329637,3,3,138,0.0,30.16919708251953,0.014604233433920498,11,0.0,8.999991416931152
332838,2,2,19,0.7934782608695652,32.05178451538086,0.01947220550813153,11,0.0,8.999991416931152
302437,2,2,86,0.06521739130434778,34.9904899597168,0.013361395556050492,11,0.0,8.999991416931152
305637,2,2,81,0.11956521739130432,31.133451461791992,0.010370938372614697,11,0.0,8.999991416931152
344038,3,3,98,0.28985507246376807,33.71906280517578,0.017762559963214596,11,0.0,8.999991416931152
304038,3,3,95,0.3115942028985508,35.760902404785156,0.013730242458264822,11,0.0,8.999991416931152
340838,2,2,64,0.30434782608695654,34.23057556152344,0.027543763902846314,11,0.0,8.999991416931152
318439,5,5,73,0.682608695652174,33.64316177368164,0.008935343605918591,11,0.0,8.999991416931152
334437,3,3,138,0.0,30.386259078979492,0.016947482231485136,11,0.0,8.999991416931152
336037,2,2,87,0.05434782608695654,31.83497428894043,0.020843808183320708,11,0.0,8.999991416931152
337638,3,3,68,0.5072463768115942,33.36255645751953,0.021958081694286903,11,0.0,8.999991416931152
307239,2,2,60,0.34782608695652173,36.29499053955078,0.017960512728856667,11,0.0,8.999991416931152
323238,2,2,92,0.0,34.822654724121094,0.012003429905726542,11,0.0,8.999991416931152
324839,5,5,181,0.21304347826086956,39.21757507324219,0.022826340427158982,11,0.0,8.999991416931152
331239,5,5,120,0.4782608695652174,31.690752029418945,0.014507508673985172,11,0.0,8.999991416931152
332839,4,4,117,0.36413043478260865,32.11241912841797,0.017628237769184738,11,0.0,8.999991416931152
310439,3,3,68,0.5072463768115942,31.438825607299805,0.024856024648080764,11,0.0,8.999991416931152
350437,2,2,92,0.0,34.04108428955078,0.013634351745233884,11,0.0,8.999991416931152
312039,4,4,184,0.0,31.982702255249023,0.01302190271650703,11,0.0,8.999991416931152
315239,4,4,154,0.1630434782608695,33.35886764526367,0.011083668751577888,11,0.0,8.999991416931152
316839,5,5,152,0.33913043478260874,32.05427551269531,0.020427331336147676,11,0.0,8.999991416931152
326439,2,2,38,0.5869565217391304,31.498743057250977,0.029085724846926446,11,0.0,8.999991416931152
345638,2,2,90,0.021739130434782594,33.0729866027832,0.0144525948737023,11,0.0,8.999991416931152
348839,3,3,104,0.24637681159420288,25.96315574645996,0.020902983535410573,11,0.0,8.999991416931152
304039,2,2,58,0.3695652173913043,31.601648330688477,0.021147451216751198,11,0.0,8.999991416931152
347239,4,4,134,0.2717391304347826,28.542428970336914,0.0163986215888689,11,0.0,8.999991416931152
344039,3,3,117,0.15217391304347827,33.516361236572266,0.025216483843622184,11,0.0,8.999991416931152
350439,2,2,92,0.0,35.683982849121094,0.0201207740814268,11,0.0,8.999991416931152
302438,4,4,184,0.0,33.320369720458984,0.009729980667401116,11,0.0,8.999991416931152
305639,3,3,98,0.28985507246376807,33.36427688598633,0.016272500107965375,11,0.0,8.999991416931152
320040,4,4,114,0.3804347826086957,35.13992691040039,0.014819944582115909,11,0.0,8.999991416931152
326440,3,3,34,0.7536231884057971,36.74443817138672,0.019115979877700088,11,0.0,8.999991416931152
328040,3,3,124,0.10144927536231885,28.126279830932617,0.014351355889077285,11,0.0,8.999991416931152
323239,3,3,138,0.0,41.17621612548828,0.02459631564304728,11,0.0,8.999991416931152
342440,4,4,83,0.5489130434782609,31.65882110595703,0.026403411570727724,11,0.0,8.999991416931152
318440,3,3,87,0.3695652173913043,33.878726959228516,0.02240588248684806,11,0.0,8.999991416931152
304040,2,2,48,0.4782608695652174,29.73858642578125,0.025187281240034044,11,0.0,8.999991416931152
313639,4,4,176,0.04347826086956519,31.815935134887695,0.01336081520994393,11,0.0,8.999991416931152
315240,5,5,133,0.4217391304347826,30.806859970092773,0.00755868098572789,11,0.0,8.999991416931152
347240,4,4,118,0.3586956521739131,32.0217170715332,0.012854571590550493,11,0.0,8.999991416931152
348840,4,4,153,0.1684782608695652,31.046775817871094,0.029845604768704983,11,0.0,8.999991416931152
313640,5,5,190,0.17391304347826086,30.097740173339844,0.014357106279647114,11,0.0,8.999991416931152
352040,6,6,212,0.23188405797101452,33.05030059814453,0.012540367801626314,11,0.0,8.999991416931152
310440,2,2,47,0.48913043478260865,36.57301330566406,0.015063111453884366,11,0.0,8.999991416931152
350440,6,6,234,0.15217391304347827,31.018207550048828,0.03564741248956391,11,0.0,8.999991416931152
334439,2,2,92,0.0,31.526880264282227,0.007512752785977184,11,0.0,8.999991416931152
336040,3,3,105,0.23913043478260865,31.896554946899414,0.007556440459260511,11,0.0,8.999991416931152
337640,2,2,36,0.6086956521739131,31.525747299194336,0.008530671473897937,11,0.0,8.999991416931152
339239,3,3,138,0.0,31.15821647644043,0.02249790959011611,11,0.0,8.999991416931152
340840,3,3,98,0.28985507246376807,30.329193115234375,0.01322092794576161,11,0.0,8.999991416931152
316840,3,3,95,0.3115942028985508,32.529476165771484,0.013438518843339547,11,0.0,8.999991416931152
329640,3,3,114,0.17391304347826086,25.850114822387695,0.03313707639432949,11,0.0,8.999991416931152
321641,2,2,23,0.75,35.923423767089844,0.02076995494680351,11,0.0,8.999991416931152
316841,5,5,127,0.4478260869565217,32.58043670654297,0.028916887911547756,11,0.0,8.999991416931152
318441,3,3,89,0.35507246376811596,33.381595611572266,0.01253867107517603,11,0.0,8.999991416931152
307240,3,3,78,0.4347826086956522,32.24378967285156,0.023781012495189213,11,0.0,8.999991416931152
355241,2,2,15,0.8369565217391304,34.78175354003906,0.006205041761969594,9,0.0,8.999991416931152
334440,6,6,264,0.04347826086956519,33.01001739501953,0.020550689243915017,11,0.0,8.999991416931152
352041,4,4,99,0.4619565217391305,33.260406494140625,0.031106876116865266,11,0.0,8.999991416931152
302440,5,5,223,0.0304347826086957,31.75721549987793,0.016859524642113603,11,0.0,8.999991416931152
353641,7,7,220,0.31677018633540377,30.83745574951172,0.020207205672603007,11,0.0,8.999991416931152
323241,6,6,208,0.24637681159420288,35.016292572021484,0.02465567166084902,11,0.0,8.999991416931152
310441,6,6,167,0.39492753623188404,33.20769119262695,0.03849434547991202,11,0.0,8.999991416931152
320041,4,4,130,0.2934782608695652,33.12012481689453,0.011264610221345098,11,0.0,8.999991416931152
304041,5,5,186,0.19130434782608696,32.57854461669922,0.014205841764310414,11,0.0,8.999991416931152
345640,2,2,92,0.0,32.83103942871094,0.0156785547751139,11,0.0,8.999991416931152
348841,3,3,104,0.24637681159420288,34.60554504394531,0.008852198279164069,11,0.0,8.999991416931152
329641,4,4,144,0.21739130434782605,40.40690231323242,0.015169904003059231,11,0.0,8.999991416931152
337641,4,4,79,0.5706521739130435,33.92707443237305,0.01134672111337133,11,0.0,8.999991416931152
350441,3,3,110,0.2028985507246377,33.44807434082031,0.01263166408153075,11,0.0,8.999991416931152
315241,3,3,94,0.3188405797101449,31.656206130981445,0.016283985570800658,11,0.0,8.999991416931152
344041,2,2,92,0.0,31.41082000732422,0.012069989420323557,11,0.0,8.999991416931152
336041,4,4,111,0.3967391304347826,34.46467590332031,0.017427798961418682,11,0.0,8.999991416931152
331241,4,4,133,0.27717391304347827,37.20018768310547,0.015671606076182926,11,0.0,8.999991416931152
313641,2,2,92,0.0,33.23957443237305,0.013403139003927905,11,0.0,8.999991416931152
302441,5,5,223,0.0304347826086957,33.86347579956055,0.012233281406033499,11,0.0,8.999991416931152
305641,2,2,81,0.11956521739130432,33.0976448059082,0.017151259375233503,11,0.0,8.999991416931152
324842,5,5,144,0.3739130434782608,32.071414947509766,0.02354139054517596,11,0.0,8.999991416931152
352042,3,3,101,0.2681159420289855,34.853538513183594,0.01597322788804079,11,0.0,8.999991416931152
332842,3,3,111,0.19565217391304346,39.642398834228516,0.02418445352660331,11,0.0,8.999991416931152
310442,2,2,54,0.4130434782608695,30.57795524597168,0.017570012017885366,11,0.0,8.999991416931152
312042,3,3,87,0.3695652173913043,31.201738357543945,0.014318668547687206,11,0.0,8.999991416931152
353642,3,3,60,0.5652173913043479,33.736473083496094,0.043885938712650084,11,0.0,8.999991416931152
355242,2,2,15,0.8369565217391304,31.766324996948242,0.009918672811032755,9,0.0,8.999991416931152
323242,3,3,105,0.23913043478260865,35.3394660949707,0.023282487358595925,11,0.0,8.999991416931152
326442,4,4,111,0.3967391304347826,34.31644058227539,0.017675633011890405,11,0.0,8.999991416931152
320042,4,4,117,0.36413043478260865,32.29652404785156,0.009412242970786562,11,0.0,8.999991416931152
337642,2,2,73,0.2065217391304348,34.71046829223633,0.024069529108554574,11,0.0,8.999991416931152
339242,7,7,316,0.018633540372670843,34.11970138549805,0.01479392505587838,11,0.0,8.999991416931152
350442,3,3,111,0.19565217391304346,33.02306365966797,0.01338713908607471,11,0.0,8.999991416931152
315242,2,2,47,0.48913043478260865,36.638275146484375,0.015951195576021468,11,0.0,8.999991416931152
316842,3,3,94,0.3188405797101449,30.79701042175293,0.01274586824568429,11,0.0,8.999991416931152
345641,3,3,134,0.02898550724637683,31.52773666381836,0.00913158772754207,11,0.0,8.999991416931152
347242,3,3,94,0.3188405797101449,29.703205108642578,0.017565000697095892,11,0.0,8.999991416931152
348842,2,2,62,0.32608695652173914,27.018598556518555,0.02362428253121372,11,0.0,8.999991416931152
305642,3,3,112,0.18840579710144922,33.39191818237305,0.008076629784160023,11,0.0,8.999991416931152
352797,5,5,135,0.4130434782608695,33.35843276977539,0.02031389464681306,11,0.0,8.999991416931152
325597,3,3,89,0.35507246376811596,36.43227005004883,0.022228766589018505,11,0.0,8.999991416931152
336797,4,4,112,0.3913043478260869,33.35347366333008,0.03012362820796908,11,0.0,8.999991416931152
312797,3,3,134,0.02898550724637683,33.02219772338867,0.02685910902053339,11,0.0,8.999991416931152
346397,4,4,140,0.23913043478260865,33.27887725830078,0.014788552826468921,11,0.0,8.999991416931152
339997,5,5,190,0.17391304347826086,35.15970993041992,0.015182969478464483,11,0.0,8.999991416931152
351197,6,6,237,0.14130434782608692,33.92581558227539,0.020951632071318015,11,0.0,8.999991416931152
315997,3,3,67,0.5144927536231885,33.0667724609375,0.020695760863543876,11,0.0,8.999991416931152
341597,3,3,138,0.0,24.6459903717041,0.013913345631825438,11,0.0,8.999991416931152
347997,3,3,100,0.2753623188405797,26.825517654418945,0.02458943157284917,11,0.0,8.999991416931152
323997,5,5,220,0.04347826086956519,35.44108581542969,0.0118225197804665,11,0.0,8.999991416931152
304797,4,4,157,0.1467391304347826,35.63718795776367,0.011021065946821415,11,0.0,8.999991416931152
311198,10,10,212,0.5391304347826087,32.94071578979492,0.013497074314677227,11,0.0,8.999991416931152
327198,6,6,134,0.5144927536231885,34.113624572753906,0.027909078434511222,11,0.0,8.999991416931152
328798,2,2,78,0.15217391304347827,33.95711135864258,0.018436913332906736,11,0.0,8.999991416931152
309598,4,4,121,0.34239130434782605,32.64092254638672,0.02049284691310708,11,0.0,8.999991416931152
319198,4,4,70,0.6195652173913043,33.807838439941406,0.012375819084116902,11,0.0,8.999991416931152
312798,6,6,140,0.49275362318840576,30.666133880615234,0.024701063287144578,11,0.0,8.999991416931152
325598,3,3,92,0.33333333333333337,32.730857849121094,0.04086855097675446,11,0.0,8.999991416931152
322398,5,5,73,0.682608695652174,34.941017150878906,0.008251346176797021,11,0.0,8.999991416931152
343198,6,6,141,0.48913043478260865,24.883197784423828,0.04036932035961172,11,0.0,8.999991416931152
314397,3,3,138,0.0,29.07386016845703,0.01578421169589857,11,0.0,8.999991416931152
352798,4,4,102,0.44565217391304346,37.771697998046875,0.02117936312470834,11,0.0,8.999991416931152
338398,2,2,77,0.1630434782608695,33.673946380615234,0.008355488923192112,11,0.0,8.999991416931152
330398,4,4,112,0.3913043478260869,30.736814498901367,0.011243991976173262,11,0.0,8.999991416931152
314398,3,3,57,0.5869565217391304,29.17717170715332,0.045782224833182936,11,0.0,8.999991416931152
331997,3,3,128,0.07246376811594202,35.52091979980469,0.009912077033893837,11,0.0,8.999991416931152
354398,9,9,222,0.46376811594202894,34.88717269897461,0.031275597612299484,11,0.0,8.999991416931152
339998,5,5,133,0.4217391304347826,32.918548583984375,0.013481833441699904,11,0.0,8.999991416931152
341598,3,3,115,0.16666666666666663,36.20207977294922,0.013473826601199989,11,0.0,8.999991416931152
335198,2,2,49,0.46739130434782605,33.95257568359375,0.02208676535518064,11,0.0,8.999991416931152
320798,9,9,276,0.33333333333333337,33.50007247924805,0.016960185107683122,11,0.0,8.999991416931152
323998,5,5,146,0.3652173913043478,37.30567932128906,0.013859137708584377,11,0.0,8.999991416931152
306398,5,5,153,0.33478260869565213,34.3514518737793,0.019785777383005024,11,0.0,8.999991416931152
351198,6,6,201,0.2717391304347826,33.42782974243164,0.031840767260734947,11,0.0,8.999991416931152
331998,6,6,204,0.26086956521739135,33.31368637084961,0.01869862081252647,11,0.0,8.999991416931152
315998,4,4,117,0.36413043478260865,31.13759422302246,0.03283855573573341,11,0.0,8.999991416931152
347998,7,7,238,0.26086956521739135,30.480195999145508,0.030656874498037896,11,0.0,8.999991416931152
304798,7,7,278,0.1366459627329193,35.18408203125,0.025547813658938098,11,0.0,8.999991416931152
333598,3,3,80,0.42028985507246375,32.83052444458008,0.009767511984768435,11,0.0,8.999991416931152
307998,2,2,42,0.5434782608695652,30.46921157836914,0.010224023736124726,11,0.0,8.999991416931152
346398,3,3,135,0.021739130434782594,32.743404388427734,0.00897178590826516,11,0.0,8.999991416931152
