seed,model,scenario,command,count,frequency
0,heuristic,intersection,-1,144,0.75
0,heuristic,intersection,1,48,0.25
0,heuristic,merge,-1,96,0.5
0,heuristic,merge,1,96,0.5
0,noop,intersection,0,192,1.0
0,noop,merge,0,192,1.0
0,oracle,intersection,-1,5,0.026041666666666668
0,oracle,intersection,0,18,0.09375
0,oracle,intersection,1,169,0.8802083333333334
0,oracle,merge,-1,8,0.041666666666666664
0,oracle,merge,0,22,0.11458333333333333
0,oracle,merge,1,162,0.84375
101,A_original,intersection,1,192,1.0
101,A_original,merge,1,192,1.0
101,B_factorial,intersection,1,192,1.0
101,B_factorial,merge,1,192,1.0
101,C_difference,intersection,1,192,1.0
101,C_difference,merge,1,192,1.0
101,D_pairwise,intersection,1,192,1.0
101,D_pairwise,merge,1,192,1.0
101,independent,intersection,1,192,1.0
101,independent,merge,1,192,1.0
101,privileged,intersection,1,192,1.0
101,privileged,merge,1,192,1.0
202,A_original,intersection,0,124,0.6458333333333334
202,A_original,intersection,1,68,0.3541666666666667
202,A_original,merge,1,192,1.0
202,B_factorial,intersection,0,19,0.09895833333333333
202,B_factorial,intersection,1,173,0.9010416666666666
202,B_factorial,merge,1,192,1.0
202,C_difference,intersection,0,2,0.010416666666666666
202,C_difference,intersection,1,190,0.9895833333333334
202,C_difference,merge,0,6,0.03125
202,C_difference,merge,1,186,0.96875
202,D_pairwise,intersection,1,192,1.0
202,D_pairwise,merge,1,192,1.0
202,independent,intersection,1,192,1.0
202,independent,merge,1,192,1.0
202,privileged,intersection,1,192,1.0
202,privileged,merge,1,192,1.0
303,A_original,intersection,1,192,1.0
303,A_original,merge,1,192,1.0
303,B_factorial,intersection,1,192,1.0
303,B_factorial,merge,1,192,1.0
303,C_difference,intersection,1,192,1.0
303,C_difference,merge,1,192,1.0
303,D_pairwise,intersection,1,192,1.0
303,D_pairwise,merge,1,192,1.0
303,independent,intersection,1,192,1.0
303,independent,merge,1,192,1.0
303,privileged,intersection,1,192,1.0
303,privileged,merge,1,192,1.0
