scenario,joint_action,count,actual_conflict_relationship,both_within_horizon,same_state_counterfactual_siblings
intersection,YY,1024,True,True,0
intersection,YM,72,True,True,0
intersection,YP,87,True,True,0
intersection,MY,78,True,True,0
intersection,MM,58,True,True,0
intersection,MP,55,True,True,0
intersection,PY,198,True,True,0
intersection,PM,42,True,True,0
intersection,PP,330,True,True,0
merge,YY,666,True,True,0
merge,YM,47,True,True,0
merge,YP,170,True,True,0
merge,MY,50,True,True,0
merge,MM,14,True,True,0
merge,MP,50,True,True,0
merge,PY,194,True,True,0
merge,PM,46,True,True,0
merge,PP,247,True,True,0
