seed,model,family_id,scenario,true_residual_rms,predicted_residual_rms,residual_pearson,residual_spearman,factorial_rank_agreement
101,A_original,0,intersection,0.0702728449713715,0.2205369656351705,-0.5916531254023186,-0.5499999999999999,1.0
101,A_original,1,merge,3.481174840669128,0.8735452685040783,-0.7333667088187931,-0.7166666666666667,0.5277777777777778
101,A_original,2,intersection,0.03210178259346734,0.1719860493035962,-0.9968412659336878,-1.0,0.9722222222222222
101,A_original,3,merge,1.5538454980738345,0.8916358045644792,0.13531162845147543,0.26666666666666666,0.75
101,A_original,4,intersection,0.48403823891465414,0.1897397896384654,-0.7027874700440753,-0.5,0.6111111111111112
101,A_original,5,merge,2.252910269268128,0.8548592722086684,-0.10011970351990454,0.11666666666666665,0.6666666666666666
101,A_original,6,intersection,0.5670379149569007,0.18050432236573075,-0.7014812236854564,-0.7333333333333334,0.8888888888888888
101,A_original,7,merge,0.7207154704223158,0.8170530442471069,-0.6358733251856833,-0.5666666666666667,0.6666666666666666
101,A_original,8,intersection,0.63216930503371,0.1951232362490187,0.8619822082153634,0.65,0.8611111111111112
101,A_original,9,merge,1.1871742644288166,0.8427185746165283,0.38833979412262165,0.48333333333333334,0.75
101,A_original,10,intersection,0.018931016777947247,0.17445467786394675,0.9956560079246308,0.7333333333333334,0.8888888888888888
101,A_original,11,merge,1.2550015170622004,0.8199681392109728,0.28449247452162474,0.2333333333333333,0.7222222222222222
101,A_original,12,intersection,6.7751502471249115e-06,0.19871458001255515,-0.9633547768234676,-0.7999999999999999,0.9166666666666666
101,A_original,13,merge,1.2580034815213412,0.8164884532422002,-0.0257020007955508,-0.08333333333333334,0.75
101,A_original,14,intersection,1.5496030348868783,0.1830926987779987,-0.9967073006127171,-0.9,0.8611111111111112
101,A_original,15,merge,4.547689777492111,0.8655336204099636,-0.8029492426357041,-0.7333333333333334,0.5555555555555556
101,B_factorial,0,intersection,0.0702728449713715,0.04528573568883991,-0.30340156712396515,-0.45,1.0
101,B_factorial,1,merge,3.481174840669128,0.06674134753265967,-0.7057457126770003,-0.5666666666666667,0.5555555555555556
101,B_factorial,2,intersection,0.03210178259346734,0.043033693231475136,-0.9403140434555727,-0.9,0.9444444444444444
101,B_factorial,3,merge,1.5538454980738345,0.06455022520994727,0.14612307650913037,0.06666666666666667,0.75
101,B_factorial,4,intersection,0.48403823891465414,0.043244939865410295,-0.4969724331555621,-0.31666666666666665,0.5555555555555556
101,B_factorial,5,merge,2.252910269268128,0.062487440813258105,-0.07979463176206511,-0.13333333333333333,0.6666666666666666
101,B_factorial,6,intersection,0.5670379149569007,0.0437236977083776,-0.8216550025197963,-0.9333333333333332,0.8888888888888888
101,B_factorial,7,merge,0.7207154704223158,0.06379439903533235,-0.6129870734903894,-0.5666666666666667,0.6388888888888888
101,B_factorial,8,intersection,0.63216930503371,0.043517099344431036,0.7166384944898756,0.5666666666666667,0.8611111111111112
101,B_factorial,9,merge,1.1871742644288166,0.06676729316705379,0.3843701724794955,0.33333333333333337,0.6944444444444444
101,B_factorial,10,intersection,0.018931016777947247,0.04242752153296108,0.9461698843203451,0.7166666666666667,0.9444444444444444
101,B_factorial,11,merge,1.2550015170622004,0.06566114095846547,0.2862310264551447,0.39999999999999997,0.7777777777777778
101,B_factorial,12,intersection,6.7751502471249115e-06,0.04366769618250902,-0.8667379724268056,-0.7,0.9444444444444444
101,B_factorial,13,merge,1.2580034815213412,0.06735550314940124,-0.042611556613925836,-0.33333333333333337,0.75
101,B_factorial,14,intersection,1.5496030348868783,0.04461988569876642,-0.9720499120657535,-0.9500000000000001,0.8055555555555556
101,B_factorial,15,merge,4.547689777492111,0.06775864677881067,-0.7831312552379357,-0.8166666666666667,0.5555555555555556
101,C_difference,0,intersection,0.0702728449713715,0.02519288478378511,-0.690384660212643,-0.7833333333333333,0.9722222222222222
101,C_difference,1,merge,3.481174840669128,0.01973531994254356,-0.7273387163854799,-0.5,0.5555555555555556
101,C_difference,2,intersection,0.03210178259346734,0.02483387563566405,-0.9853944343031448,-0.7166666666666667,0.9444444444444444
101,C_difference,3,merge,1.5538454980738345,0.02450421164886617,0.09422744725416715,-0.2333333333333333,0.7222222222222222
101,C_difference,4,intersection,0.48403823891465414,0.028771411690115534,-0.7588636460288533,-0.8499999999999999,0.6111111111111112
101,C_difference,5,merge,2.252910269268128,0.024761242567988506,-0.15969701043101378,-0.33333333333333337,0.6388888888888888
101,C_difference,6,intersection,0.5670379149569007,0.024648598723588887,-0.604607450319516,-0.5833333333333334,0.9166666666666666
101,C_difference,7,merge,0.7207154704223158,0.025485067120829867,-0.640360726188768,-0.6833333333333333,0.6111111111111112
101,C_difference,8,intersection,0.63216930503371,0.024125433737091983,0.9119366758122913,0.8833333333333333,0.8888888888888888
101,C_difference,9,merge,1.1871742644288166,0.024086878965741246,0.37549581227426926,0.21666666666666667,0.75
101,C_difference,10,intersection,0.018931016777947247,0.024875188773597595,0.9876166571542405,0.8333333333333333,0.8888888888888888
101,C_difference,11,merge,1.2550015170622004,0.021492911776061253,0.2698859333635548,0.25,0.7777777777777778
101,C_difference,12,intersection,6.7751502471249115e-06,0.024561086377889313,-0.984054591414439,-0.8666666666666667,0.8888888888888888
101,C_difference,13,merge,1.2580034815213412,0.023477936642142618,-0.011460287307781272,-0.11666666666666665,0.7222222222222222
101,C_difference,14,intersection,1.5496030348868783,0.02635789800563601,-0.9713599725603486,-0.7166666666666667,0.8611111111111112
101,C_difference,15,merge,4.547689777492111,0.021545603447993313,-0.81223555616694,-0.9500000000000001,0.5555555555555556
101,D_pairwise,0,intersection,0.0702728449713715,0.04117291611025853,-0.6643250433477933,-0.9,0.9444444444444444
101,D_pairwise,1,merge,3.481174840669128,0.04674960886660599,-0.7078921537565698,-0.7,0.5277777777777778
101,D_pairwise,2,intersection,0.03210178259346734,0.04327383012062776,-0.9908894422561579,-0.8666666666666667,1.0
101,D_pairwise,3,merge,1.5538454980738345,0.050595724598375254,0.14328246073092335,0.18333333333333335,0.75
101,D_pairwise,4,intersection,0.48403823891465414,0.044558796428362614,-0.6578333346893206,-0.33333333333333337,0.6111111111111112
101,D_pairwise,5,merge,2.252910269268128,0.04831071601798411,-0.09369130906097939,0.06666666666666667,0.6388888888888888
101,D_pairwise,6,intersection,0.5670379149569007,0.041335228058640094,-0.7010480297147212,-0.7999999999999999,0.8611111111111112
101,D_pairwise,7,merge,0.7207154704223158,0.04830105210326853,-0.5773667356539683,-0.48333333333333334,0.6388888888888888
101,D_pairwise,8,intersection,0.63216930503371,0.04297434051325837,0.8582573775829546,0.75,0.8611111111111112
101,D_pairwise,9,merge,1.1871742644288166,0.04364109741605963,0.3637814852764426,0.39999999999999997,0.75
101,D_pairwise,10,intersection,0.018931016777947247,0.04626381485318206,0.9948599171731559,0.8499999999999999,0.8888888888888888
101,D_pairwise,11,merge,1.2550015170622004,0.0432057487899785,0.24652410057579138,0.39999999999999997,0.75
101,D_pairwise,12,intersection,6.7751502471249115e-06,0.04417969072470407,-0.972275251974622,-0.8666666666666667,0.9444444444444444
101,D_pairwise,13,merge,1.2580034815213412,0.043387899977111684,-0.04717699336297661,-0.18333333333333335,0.75
101,D_pairwise,14,intersection,1.5496030348868783,0.04241006062586038,-0.990006238425643,-0.8166666666666667,0.8611111111111112
101,D_pairwise,15,merge,4.547689777492111,0.04486576892578515,-0.7723575143797439,-0.6833333333333333,0.5555555555555556
101,independent,0,intersection,0.0702728449713715,4.043248200186588e-08,-0.17144907711950355,0.049999999999999996,0.9166666666666666
101,independent,1,merge,3.481174840669128,8.014631887258234e-08,0.6477348287030424,0.8333333333333333,0.5833333333333334
101,independent,2,intersection,0.03210178259346734,8.618131304346115e-08,-0.8061202531382026,-0.5499999999999999,0.9722222222222222
101,independent,3,merge,1.5538454980738345,2.1470915847279034e-08,0.28814608443313316,0.19999999999999998,0.7222222222222222
101,independent,4,intersection,0.48403823891465414,9.461616352997483e-08,-0.08857401488821047,0.2833333333333333,0.6111111111111112
101,independent,5,merge,2.252910269268128,9.49421941040358e-08,-0.07151085089083474,-0.09999999999999999,0.6388888888888888
101,independent,6,intersection,0.5670379149569007,4.496725927979797e-08,0.41544178128184733,0.21666666666666667,0.9166666666666666
101,independent,7,merge,0.7207154704223158,5.317516054615054e-08,0.3963199896063009,0.18333333333333335,0.6388888888888888
101,independent,8,intersection,0.63216930503371,2.1989224380029876e-08,0.9494010808342811,0.9500000000000001,0.8888888888888888
101,independent,9,merge,1.1871742644288166,3.7694691282097896e-08,-0.3350821805791525,-0.3,0.6944444444444444
101,independent,10,intersection,0.018931016777947247,4.218920148916598e-08,0.11252923903483723,0.5333333333333333,0.8888888888888888
101,independent,11,merge,1.2550015170622004,1.2173919169966174e-07,-0.29357937697456127,-0.16666666666666669,0.7777777777777778
101,independent,12,intersection,6.7751502471249115e-06,4.158589242317808e-08,-0.7827702052682831,-0.75,0.8888888888888888
101,independent,13,merge,1.2580034815213412,6.092808582858496e-08,0.09622404642987442,0.31666666666666665,0.75
101,independent,14,intersection,1.5496030348868783,6.601544702375436e-08,-0.0865177432282424,-0.06666666666666667,0.8611111111111112
101,independent,15,merge,4.547689777492111,5.8096478526280866e-08,-0.5870158875013943,-0.7166666666666667,0.5555555555555556
101,privileged,0,intersection,0.0702728449713715,0.0071568472887434354,-0.36980424659433303,-0.5,0.9722222222222222
101,privileged,1,merge,3.481174840669128,0.011058665773913184,-0.5971322996066105,-0.5666666666666667,0.5555555555555556
101,privileged,2,intersection,0.03210178259346734,0.008215219317624011,-0.9614428634009509,-0.9,0.9166666666666666
101,privileged,3,merge,1.5538454980738345,0.01284610998801345,0.13937454524010848,0.06666666666666667,0.7222222222222222
101,privileged,4,intersection,0.48403823891465414,0.008399434074650184,-0.5777990878803485,-0.3666666666666667,0.5833333333333334
101,privileged,5,merge,2.252910269268128,0.012358794005618519,-0.09489622211149511,-0.13333333333333333,0.6388888888888888
101,privileged,6,intersection,0.5670379149569007,0.0074723315889448725,-0.8136416080179935,-0.9333333333333332,0.8888888888888888
101,privileged,7,merge,0.7207154704223158,0.010732196308116582,-0.5261956470043829,-0.5666666666666667,0.6111111111111112
101,privileged,8,intersection,0.63216930503371,0.007342024809819465,0.7485516903647325,0.5666666666666667,0.8611111111111112
101,privileged,9,merge,1.1871742644288166,0.011323469833208881,0.3295169752036174,0.33333333333333337,0.7222222222222222
101,privileged,10,intersection,0.018931016777947247,0.007445194656856981,0.9749308909585769,0.7166666666666667,0.9166666666666666
101,privileged,11,merge,1.2550015170622004,0.01025055804932239,0.23378086966865197,0.39999999999999997,0.75
101,privileged,12,intersection,6.7751502471249115e-06,0.007276876552375977,-0.8845346336585016,-0.7,0.9166666666666666
101,privileged,13,merge,1.2580034815213412,0.011595676404839016,-0.07667755719295377,-0.08333333333333334,0.7222222222222222
101,privileged,14,intersection,1.5496030348868783,0.007483385417634355,-0.981225181297053,-1.0,0.8333333333333334
101,privileged,15,merge,4.547689777492111,0.011596522461598861,-0.6695702100235462,-0.7333333333333334,0.5277777777777778
202,A_original,0,intersection,0.0702728449713715,0.0747783188929646,-0.6856167555444455,-0.9500000000000001,0.8611111111111112
202,A_original,1,merge,3.481174840669128,0.06248787121776616,-0.7043691424846312,-0.5666666666666667,0.5833333333333334
202,A_original,2,intersection,0.03210178259346734,0.08540999380991468,-0.9969772626872162,-0.7666666666666667,0.9166666666666666
202,A_original,3,merge,1.5538454980738345,0.06214695244650413,0.1331189503330071,0.06666666666666667,0.6944444444444444
202,A_original,4,intersection,0.48403823891465414,0.07177587477834285,-0.7159901035463638,-0.6833333333333333,0.6666666666666666
202,A_original,5,merge,2.252910269268128,0.05765713510792764,-0.0952685534253189,-0.13333333333333333,0.6111111111111112
202,A_original,6,intersection,0.5670379149569007,0.07892786494390125,-0.635427686902728,-0.4666666666666666,0.9444444444444444
202,A_original,7,merge,0.7207154704223158,0.06362335625938498,-0.6204375440862108,-0.5666666666666667,0.6388888888888888
202,A_original,8,intersection,0.63216930503371,0.07860185781948137,0.9062848542826193,0.9666666666666667,0.9166666666666666
202,A_original,9,merge,1.1871742644288166,0.05523606781182021,0.38170812126635195,0.33333333333333337,0.6944444444444444
202,A_original,10,intersection,0.018931016777947247,0.07232948654105928,0.9982611532317458,0.8333333333333333,0.8333333333333334
202,A_original,11,merge,1.2550015170622004,0.05617002651664448,0.28838789533535325,0.39999999999999997,0.7777777777777778
202,A_original,12,intersection,6.7751502471249115e-06,0.07575233706806153,-0.9835195588945299,-0.9666666666666667,0.8611111111111112
202,A_original,13,merge,1.2580034815213412,0.053944881299252345,-0.046097193327377425,-0.33333333333333337,0.6944444444444444
202,A_original,14,intersection,1.5496030348868783,0.06374689960256073,-0.9844701951741848,-0.6666666666666667,0.9166666666666666
202,A_original,15,merge,4.547689777492111,0.05601638353251023,-0.7801536405835772,-0.8166666666666667,0.5277777777777778
202,B_factorial,0,intersection,0.0702728449713715,0.024414632740424696,0.15309495399862305,-0.2333333333333333,0.9166666666666666
202,B_factorial,1,merge,3.481174840669128,0.028702025426921855,-0.5081849144439962,-0.38333333333333336,0.5555555555555556
202,B_factorial,2,intersection,0.03210178259346734,0.023465277267941925,-0.7176491368354739,-0.7833333333333333,0.9722222222222222
202,B_factorial,3,merge,1.5538454980738345,0.03533375055720935,0.14224115490854697,0.0,0.7222222222222222
202,B_factorial,4,intersection,0.48403823891465414,0.023365231394012562,-0.1765045410648153,-0.06666666666666667,0.6111111111111112
202,B_factorial,5,merge,2.252910269268128,0.032382658642691416,-0.045736189568741356,-0.13333333333333333,0.6388888888888888
202,B_factorial,6,intersection,0.5670379149569007,0.023052644756963992,-0.8653216090128603,-0.9500000000000001,0.8888888888888888
202,B_factorial,7,merge,0.7207154704223158,0.02449549935500376,-0.3693982170614687,-0.38333333333333336,0.6111111111111112
202,B_factorial,8,intersection,0.63216930503371,0.024517277134989846,0.4101281367091796,0.38333333333333336,0.8888888888888888
202,B_factorial,9,merge,1.1871742644288166,0.02542292145626595,0.27534907120830004,0.21666666666666667,0.7222222222222222
202,B_factorial,10,intersection,0.018931016777947247,0.023447704403361764,0.7243726858231169,0.5499999999999999,0.8888888888888888
202,B_factorial,11,merge,1.2550015170622004,0.02342031822898753,0.20542050639230414,0.3,0.8055555555555556
202,B_factorial,12,intersection,6.7751502471249115e-06,0.022878774502669837,-0.5413327226632805,-0.5333333333333333,0.8888888888888888
202,B_factorial,13,merge,1.2580034815213412,0.026998973110476464,-0.11678083508296833,-0.45,0.7222222222222222
202,B_factorial,14,intersection,1.5496030348868783,0.023698192840946566,-0.7545117467250256,-0.9,0.8611111111111112
202,B_factorial,15,merge,4.547689777492111,0.02743724063693193,-0.5605886301164578,-0.6166666666666666,0.5277777777777778
202,C_difference,0,intersection,0.0702728449713715,0.0608504991817517,-0.4650026800984251,-0.45,0.9722222222222222
202,C_difference,1,merge,3.481174840669128,0.11897653364597559,-0.7240348311956062,-0.5666666666666667,0.5555555555555556
202,C_difference,2,intersection,0.03210178259346734,0.06356725088901988,-0.9907573373088892,-0.9500000000000001,1.0
202,C_difference,3,merge,1.5538454980738345,0.1325651080387973,0.11489744704464254,0.06666666666666667,0.7222222222222222
202,C_difference,4,intersection,0.48403823891465414,0.05964489743272174,-0.6058821382981228,-0.31666666666666665,0.5833333333333334
202,C_difference,5,merge,2.252910269268128,0.13366013386484918,-0.11983114083556691,-0.13333333333333333,0.6388888888888888
202,C_difference,6,intersection,0.5670379149569007,0.0565440493673526,-0.7437229946269373,-0.8166666666666667,0.8611111111111112
202,C_difference,7,merge,0.7207154704223158,0.10050352460151071,-0.657553187084819,-0.7666666666666667,0.6666666666666666
202,C_difference,8,intersection,0.63216930503371,0.05585604670668219,0.8381491279514203,0.65,0.8333333333333334
202,C_difference,9,merge,1.1871742644288166,0.09885803015705205,0.35508605735345666,0.33333333333333337,0.7222222222222222
202,C_difference,10,intersection,0.018931016777947247,0.059412298222666166,0.9892763867578737,0.7166666666666667,0.9166666666666666
202,C_difference,11,merge,1.2550015170622004,0.09778758962284693,0.2608218400885678,0.2333333333333333,0.75
202,C_difference,12,intersection,6.7751502471249115e-06,0.055053079532857194,-0.9426115566675266,-0.7999999999999999,0.9444444444444444
202,C_difference,13,merge,1.2580034815213412,0.0994715682971143,-0.057574259650347626,-0.33333333333333337,0.7222222222222222
202,C_difference,14,intersection,1.5496030348868783,0.05505487096826295,-0.9923625131747594,-0.9500000000000001,0.8333333333333334
202,C_difference,15,merge,4.547689777492111,0.11718250869651833,-0.798773722084215,-0.8166666666666667,0.5277777777777778
202,D_pairwise,0,intersection,0.0702728449713715,0.009584851661760234,0.8596349953549318,0.7,1.0
202,D_pairwise,1,merge,3.481174840669128,0.014414942337617403,-0.3512503631007997,-0.19999999999999998,0.5555555555555556
202,D_pairwise,2,intersection,0.03210178259346734,0.007444251511188054,0.18732101576640742,0.0,0.9444444444444444
202,D_pairwise,3,merge,1.5538454980738345,0.015234316012624103,0.13984489111997947,0.0,0.6944444444444444
202,D_pairwise,4,intersection,0.48403823891465414,0.009097092067986508,0.38085697469999125,0.7,0.5555555555555556
202,D_pairwise,5,merge,2.252910269268128,0.014681538514566697,-0.023316141490089676,-0.16666666666666669,0.6388888888888888
202,D_pairwise,6,intersection,0.5670379149569007,0.007669951907943817,-0.36737058353541774,-0.38333333333333336,0.8888888888888888
202,D_pairwise,7,merge,0.7207154704223158,0.012933052214131782,-0.3325332836373195,-0.3,0.6666666666666666
202,D_pairwise,8,intersection,0.63216930503371,0.007795487474859924,-0.6168476414216337,-0.5666666666666667,0.8611111111111112
202,D_pairwise,9,merge,1.1871742644288166,0.014242383912073678,0.2685569464800132,0.38333333333333336,0.6944444444444444
202,D_pairwise,10,intersection,0.018931016777947247,0.006374475151100091,-0.19872364757452163,-0.38333333333333336,0.9444444444444444
202,D_pairwise,11,merge,1.2550015170622004,0.012238258625572145,0.2171866653186287,0.5166666666666667,0.75
202,D_pairwise,12,intersection,6.7751502471249115e-06,0.0076537473470465215,0.4230698170441545,0.39999999999999997,0.9444444444444444
202,D_pairwise,13,merge,1.2580034815213412,0.014670149074920612,-0.09777435362124816,-0.31666666666666665,0.6944444444444444
202,D_pairwise,14,intersection,1.5496030348868783,0.007495250656828715,0.03063080721323711,-0.19999999999999998,0.8055555555555556
202,D_pairwise,15,merge,4.547689777492111,0.015387446166126273,-0.4623264531690223,-0.35,0.5277777777777778
202,independent,0,intersection,0.0702728449713715,6.134665947982948e-08,-0.6441967231907273,-0.5,0.9166666666666666
202,independent,1,merge,3.481174840669128,9.296697629410114e-08,0.005894267361114702,0.38333333333333336,0.6111111111111112
202,independent,2,intersection,0.03210178259346734,6.992679871263252e-08,-0.03575288528489866,-0.2333333333333333,0.9722222222222222
202,independent,3,merge,1.5538454980738345,5.350389203359161e-08,0.2627062951957678,0.35,0.75
202,independent,4,intersection,0.48403823891465414,8.304341427444212e-08,0.7446472892246339,0.6,0.6111111111111112
202,independent,5,merge,2.252910269268128,1.5077587693562805e-08,0.716688283398898,0.8166666666666667,0.6666666666666666
202,independent,6,intersection,0.5670379149569007,1.1603527058159715e-07,0.22721335759727662,0.48333333333333334,0.8888888888888888
202,independent,7,merge,0.7207154704223158,3.878728690300491e-08,-0.43255866736359333,-0.48333333333333334,0.6388888888888888
202,independent,8,intersection,0.63216930503371,8.015213683239258e-08,-0.1793428631205762,-0.15,0.8611111111111112
202,independent,9,merge,1.1871742644288166,4.551409159506216e-08,-0.554790632255283,-0.5,0.6666666666666666
202,independent,10,intersection,0.018931016777947247,7.098580370713438e-08,-0.45186951094724603,-0.6833333333333333,0.8888888888888888
202,independent,11,merge,1.2550015170622004,3.702172896665071e-08,0.3390555413259887,0.3666666666666667,0.8055555555555556
202,independent,12,intersection,6.7751502471249115e-06,6.387298490458763e-08,0.04827447287096908,0.21666666666666667,0.9166666666666666
202,independent,13,merge,1.2580034815213412,2.9141101901393373e-08,0.30347879177812176,0.09999999999999999,0.75
202,independent,14,intersection,1.5496030348868783,7.978305740930422e-08,-0.1133172151007841,0.09999999999999999,0.8611111111111112
202,independent,15,merge,4.547689777492111,6.771926367749908e-08,-0.17913820903315555,0.25,0.5555555555555556
202,privileged,0,intersection,0.0702728449713715,0.024560788028587063,-0.18986973982607278,-0.45,1.0
202,privileged,1,merge,3.481174840669128,0.06765796089452973,-0.6949417036984059,-0.5666666666666667,0.5555555555555556
202,privileged,2,intersection,0.03210178259346734,0.03848907254280667,-0.9826297124496433,-0.9,0.9444444444444444
202,privileged,3,merge,1.5538454980738345,0.08454927221734294,0.12605828633683644,0.06666666666666667,0.75
202,privileged,4,intersection,0.48403823891465414,0.019061920260535832,-0.3181143602454584,-0.06666666666666667,0.5833333333333334
202,privileged,5,merge,2.252910269268128,0.07535633935105183,-0.10768792367597974,-0.13333333333333333,0.6388888888888888
202,privileged,6,intersection,0.5670379149569007,0.024414266696009598,-0.844192041162192,-0.9333333333333332,0.8611111111111112
202,privileged,7,merge,0.7207154704223158,0.04002530091522426,-0.5510016435132905,-0.5666666666666667,0.6111111111111112
202,privileged,8,intersection,0.63216930503371,0.0224712769250939,0.6452216272086945,0.5666666666666667,0.8611111111111112
202,privileged,9,merge,1.1871742644288166,0.04632678477478655,0.3568695119338334,0.33333333333333337,0.7222222222222222
202,privileged,10,intersection,0.018931016777947247,0.03241429075718205,0.9708565136087975,0.7166666666666667,0.9166666666666666
202,privileged,11,merge,1.2550015170622004,0.05066893177586229,0.27318677373079636,0.39999999999999997,0.7777777777777778
202,privileged,12,intersection,6.7751502471249115e-06,0.019923591523784583,-0.7475646040613361,-0.5333333333333333,0.9444444444444444
202,privileged,13,merge,1.2580034815213412,0.05319255974080087,-0.07139549124210753,-0.33333333333333337,0.7222222222222222
202,privileged,14,intersection,1.5496030348868783,0.018853430411758708,-0.8421417350096109,-0.9,0.8333333333333334
202,privileged,15,merge,4.547689777492111,0.06798102897124089,-0.7730043888696033,-0.8166666666666667,0.5555555555555556
303,A_original,0,intersection,0.0702728449713715,3.203038851534655e-05,-0.9495052377750948,-0.8666666666666667,0.9444444444444444
303,A_original,1,merge,3.481174840669128,1.465987860857985e-05,0.16314761338570372,0.0,0.6111111111111112
303,A_original,2,intersection,0.03210178259346734,5.7153986735997225e-05,-0.7217708597434646,-0.2333333333333333,0.8888888888888888
303,A_original,3,merge,1.5538454980738345,1.6787101925999816e-05,-0.3799577173505876,-0.5,0.6388888888888888
303,A_original,4,intersection,0.48403823891465414,3.6987023092546284e-05,-0.8686115056798379,-0.8333333333333333,0.5833333333333334
303,A_original,5,merge,2.252910269268128,1.835883206897624e-05,-0.2644502462644787,-0.38333333333333336,0.5833333333333334
303,A_original,6,intersection,0.5670379149569007,4.7039795420494236e-05,-0.16516241836041268,-0.13333333333333333,0.8611111111111112
303,A_original,7,merge,0.7207154704223158,1.3233896368341455e-05,0.11800337903617034,0.15,0.6666666666666666
303,A_original,8,intersection,0.63216930503371,4.1207036681000746e-05,0.8223664229214058,0.5833333333333334,0.8055555555555556
303,A_original,9,merge,1.1871742644288166,1.571930784876404e-05,-0.4067935817212653,-0.38333333333333336,0.6666666666666666
303,A_original,10,intersection,0.018931016777947247,6.205308779031855e-05,0.7230468193075189,0.5666666666666667,0.9166666666666666
303,A_original,11,merge,1.2550015170622004,1.8688439153869222e-05,-0.45312758493429367,-0.35,0.75
303,A_original,12,intersection,6.7751502471249115e-06,4.340539922471595e-05,-0.8122650907389801,-0.5,0.8888888888888888
303,A_original,13,merge,1.2580034815213412,1.890936714185025e-05,-0.4737618099453769,-0.43333333333333335,0.6111111111111112
303,A_original,14,intersection,1.5496030348868783,3.4608894433106164e-05,-0.6956284228135122,-0.6166666666666666,0.7777777777777778
303,A_original,15,merge,4.547689777492111,1.6055453422351434e-05,0.2897841318811789,0.11666666666666665,0.6111111111111112
303,B_factorial,0,intersection,0.0702728449713715,0.0792690802671795,-0.32916805066836846,-0.45,0.9166666666666666
303,B_factorial,1,merge,3.481174840669128,0.19135025535265665,-0.7247989156261851,-0.5666666666666667,0.5555555555555556
303,B_factorial,2,intersection,0.03210178259346734,0.07901200660083117,-0.95509385212131,-0.9,0.9722222222222222
303,B_factorial,3,merge,1.5538454980738345,0.2054149639291346,0.14220634389786477,0.06666666666666667,0.7222222222222222
303,B_factorial,4,intersection,0.48403823891465414,0.08108439392731105,-0.5462820918352836,-0.31666666666666665,0.6111111111111112
303,B_factorial,5,merge,2.252910269268128,0.20047092185626614,-0.09642980087853552,-0.13333333333333333,0.6388888888888888
303,B_factorial,6,intersection,0.5670379149569007,0.07436134141352685,-0.8150536227879901,-0.9333333333333332,0.9166666666666666
303,B_factorial,7,merge,0.7207154704223158,0.18084025142463267,-0.6300839513781009,-0.5666666666666667,0.6388888888888888
303,B_factorial,8,intersection,0.63216930503371,0.07779591546274184,0.7398534428312842,0.5666666666666667,0.8888888888888888
303,B_factorial,9,merge,1.1871742644288166,0.1881131748406104,0.3908661492233352,0.33333333333333337,0.7222222222222222
303,B_factorial,10,intersection,0.018931016777947247,0.0783123061928135,0.9578318653245909,0.7166666666666667,0.8888888888888888
303,B_factorial,11,merge,1.2550015170622004,0.18246281247212962,0.2938644456124816,0.39999999999999997,0.75
303,B_factorial,12,intersection,6.7751502471249115e-06,0.07789135569577357,-0.8803088999740144,-0.7,0.8888888888888888
303,B_factorial,13,merge,1.2580034815213412,0.18094998323708586,-0.03179864916009412,-0.33333333333333337,0.7222222222222222
303,B_factorial,14,intersection,1.5496030348868783,0.07821312196664554,-0.9765354303974176,-0.9500000000000001,0.8611111111111112
303,B_factorial,15,merge,4.547689777492111,0.19433070508972936,-0.7985855963949251,-0.7333333333333334,0.5277777777777778
303,C_difference,0,intersection,0.0702728449713715,0.02765141977926371,-0.32494557102035265,-0.5,0.9722222222222222
303,C_difference,1,merge,3.481174840669128,0.07305769081902307,-0.7039277283159718,-0.5666666666666667,0.5555555555555556
303,C_difference,2,intersection,0.03210178259346734,0.028830244643839428,-0.9653414111948753,-0.9,0.9166666666666666
303,C_difference,3,merge,1.5538454980738345,0.0812215043590782,0.11663475384672622,0.06666666666666667,0.7222222222222222
303,C_difference,4,intersection,0.48403823891465414,0.026170136941277213,-0.47324993237879787,-0.31666666666666665,0.5833333333333334
303,C_difference,5,merge,2.252910269268128,0.0751739455594038,-0.11868953521154585,-0.13333333333333333,0.6388888888888888
303,C_difference,6,intersection,0.5670379149569007,0.02650676061630263,-0.823596803075594,-0.9333333333333332,0.8888888888888888
303,C_difference,7,merge,0.7207154704223158,0.06431290927543784,-0.6086415528608787,-0.5666666666666667,0.6388888888888888
303,C_difference,8,intersection,0.63216930503371,0.027976065457225627,0.7312391538222764,0.5666666666666667,0.8611111111111112
303,C_difference,9,merge,1.1871742644288166,0.06718550874636628,0.36838031493524726,0.33333333333333337,0.7222222222222222
303,C_difference,10,intersection,0.018931016777947247,0.027216359135836893,0.9607717248240194,0.7166666666666667,0.9166666666666666
303,C_difference,11,merge,1.2550015170622004,0.06620084883303091,0.2696672653707676,0.39999999999999997,0.75
303,C_difference,12,intersection,6.7751502471249115e-06,0.026117946956229036,-0.8604410263624009,-0.7,0.9166666666666666
303,C_difference,13,merge,1.2580034815213412,0.06574377168882073,-0.0569979356385167,-0.33333333333333337,0.7222222222222222
303,C_difference,14,intersection,1.5496030348868783,0.025038499883048862,-0.9493354351207197,-0.9500000000000001,0.8333333333333334
303,C_difference,15,merge,4.547689777492111,0.0723291614222666,-0.7801745544642673,-0.8166666666666667,0.5
303,D_pairwise,0,intersection,0.0702728449713715,0.047613055892516486,-0.2613277633887184,-0.5,0.9444444444444444
303,D_pairwise,1,merge,3.481174840669128,0.13486661083266543,-0.7095701109132686,-0.7166666666666667,0.5555555555555556
303,D_pairwise,2,intersection,0.03210178259346734,0.046179777619255576,-0.9119888863500236,-0.9,0.9444444444444444
303,D_pairwise,3,merge,1.5538454980738345,0.13695165557212607,0.11786164016608372,0.26666666666666666,0.7222222222222222
303,D_pairwise,4,intersection,0.48403823891465414,0.047586325393153064,-0.4028668331214959,-0.3666666666666667,0.6111111111111112
303,D_pairwise,5,merge,2.252910269268128,0.13112054313758292,-0.1134535205453688,0.11666666666666665,0.6388888888888888
303,D_pairwise,6,intersection,0.5670379149569007,0.047403298592300296,-0.834417324160383,-0.9333333333333332,0.8888888888888888
303,D_pairwise,7,merge,0.7207154704223158,0.13609526624482443,-0.6219421277362387,-0.5666666666666667,0.6388888888888888
303,D_pairwise,8,intersection,0.63216930503371,0.048340082609519816,0.6889504031590604,0.5666666666666667,0.8611111111111112
303,D_pairwise,9,merge,1.1871742644288166,0.13948007658810246,0.36845524969665094,0.48333333333333334,0.6944444444444444
303,D_pairwise,10,intersection,0.018931016777947247,0.046147592733986144,0.9127586962697884,0.7166666666666667,0.9166666666666666
303,D_pairwise,11,merge,1.2550015170622004,0.1329563878101649,0.266616623356176,0.39999999999999997,0.75
303,D_pairwise,12,intersection,6.7751502471249115e-06,0.04788406739943261,-0.8286100866068651,-0.7,0.9166666666666666
303,D_pairwise,13,merge,1.2580034815213412,0.1352712098780848,-0.04358285670770844,-0.08333333333333334,0.7222222222222222
303,D_pairwise,14,intersection,1.5496030348868783,0.04859909712600336,-0.9499784849178445,-1.0,0.8611111111111112
303,D_pairwise,15,merge,4.547689777492111,0.13656445195981237,-0.7836201576786205,-0.7333333333333334,0.5277777777777778
303,independent,0,intersection,0.0702728449713715,9.960458326190609e-08,0.7085262055452243,0.6166666666666666,1.0
303,independent,1,merge,3.481174840669128,5.392460693799627e-08,-0.4173395003327318,-0.2333333333333333,0.5555555555555556
303,independent,2,intersection,0.03210178259346734,5.1630776158451326e-08,0.9540164981471579,0.7333333333333334,0.9444444444444444
303,independent,3,merge,1.5538454980738345,5.4250293608597186e-08,-0.22518506620854994,-0.25,0.6944444444444444
303,independent,4,intersection,0.48403823891465414,4.241015916971164e-08,-0.3481103911662572,-0.19999999999999998,0.5555555555555556
303,independent,5,merge,2.252910269268128,6.565556606311138e-08,-0.18489591778898412,-0.26666666666666666,0.6111111111111112
303,independent,6,intersection,0.5670379149569007,8.827916406377133e-08,-0.7942004498830147,-0.7999999999999999,0.8611111111111112
303,independent,7,merge,0.7207154704223158,5.813004584932314e-08,-0.678461714619054,-0.5,0.6666666666666666
303,independent,8,intersection,0.63216930503371,5.7277115330056854e-08,-0.8590352539358301,-0.9666666666666667,0.8333333333333334
303,independent,9,merge,1.1871742644288166,3.668192250931863e-08,0.632330175695231,0.6833333333333333,0.6944444444444444
303,independent,10,intersection,0.018931016777947247,5.3655738051655705e-08,0.060132546256523534,0.2333333333333333,0.9444444444444444
303,independent,11,merge,1.2550015170622004,2.3886336153457575e-08,0.3442250295086392,0.5499999999999999,0.7222222222222222
303,independent,12,intersection,6.7751502471249115e-06,4.562644949758253e-08,-0.8366672361915538,-0.7833333333333333,0.9444444444444444
303,independent,13,merge,1.2580034815213412,2.577939695319809e-08,0.07929378325772796,-0.18333333333333335,0.6944444444444444
303,independent,14,intersection,1.5496030348868783,4.716212781603654e-08,0.44989908038787385,0.38333333333333336,0.8055555555555556
303,independent,15,merge,4.547689777492111,4.026345059287408e-08,-0.2913588947181659,-0.18333333333333335,0.5277777777777778
303,privileged,0,intersection,0.0702728449713715,0.048282924540210215,0.9484352385269248,0.9500000000000001,0.9722222222222222
303,privileged,1,merge,3.481174840669128,0.028080111538401443,0.25324346964061256,0.3,0.5833333333333334
303,privileged,2,intersection,0.03210178259346734,0.044984779341059974,0.81142029682705,0.5,0.9166666666666666
303,privileged,3,merge,1.5538454980738345,0.027964707603554028,0.11499003093477433,0.19999999999999998,0.6944444444444444
303,privileged,4,intersection,0.48403823891465414,0.04776724358627551,0.7815301213076775,0.7333333333333334,0.5833333333333334
303,privileged,5,merge,2.252910269268128,0.027925108008742344,0.2198568829147592,0.3,0.6111111111111112
303,privileged,6,intersection,0.5670379149569007,0.04656487793266645,0.26101644733314733,0.39999999999999997,0.8888888888888888
303,privileged,7,merge,0.7207154704223158,0.03136782770940321,0.24445415805378395,0.3,0.6388888888888888
303,privileged,8,intersection,0.63216930503371,0.04446854285171775,-0.9093847927594034,-0.8833333333333333,0.8611111111111112
303,privileged,9,merge,1.1871742644288166,0.026894707047497433,-0.07571993762094514,0.0,0.7222222222222222
303,privileged,10,intersection,0.018931016777947247,0.04283857147643884,-0.7912447272080297,-0.7333333333333334,0.9166666666666666
303,privileged,11,merge,1.2550015170622004,0.029080778178821546,-0.020220100963624366,-0.08333333333333334,0.7777777777777778
303,privileged,12,intersection,6.7751502471249115e-06,0.04467424130137968,0.8821502696022784,0.9,0.9166666666666666
303,privileged,13,merge,1.2580034815213412,0.027271901144703552,-0.09947994166842193,-0.19999999999999998,0.7222222222222222
303,privileged,14,intersection,1.5496030348868783,0.04495061472601064,0.7441703592709276,0.5,0.8333333333333334
303,privileged,15,merge,4.547689777492111,0.026455685901556288,0.36174679456506964,0.6166666666666666,0.5
