split,scenario,joint_action,count
train,intersection,MM,12
train,intersection,MP,12
train,intersection,MY,12
train,intersection,PM,12
train,intersection,PP,12
train,intersection,PY,12
train,intersection,YM,12
train,intersection,YP,12
train,intersection,YY,12
train,merge,MM,12
train,merge,MP,12
train,merge,MY,12
train,merge,PM,12
train,merge,PP,12
train,merge,PY,12
train,merge,YM,12
train,merge,YP,12
train,merge,YY,12
validation,intersection,MM,3
validation,intersection,MP,3
validation,intersection,MY,3
validation,intersection,PM,3
validation,intersection,PP,3
validation,intersection,PY,3
validation,intersection,YM,3
validation,intersection,YP,3
validation,intersection,YY,3
validation,merge,MM,3
validation,merge,MP,3
validation,merge,MY,3
validation,merge,PM,3
validation,merge,PP,3
validation,merge,PY,3
validation,merge,YM,3
validation,merge,YP,3
validation,merge,YY,3
