seed,model,family_id,scenario,pair_position_error,all_position_error,pair_speed_error,conflict_proxy_error,objective_error,interaction_residual_error,joint_cf_pearson,joint_cf_spearman,outcome_distance_pearson,outcome_distance_spearman,true_interaction_rms
101,A_original,0,intersection,8.165073871612549,10.300633748372396,2.7810769081115723,0.1377042829990387,9.281061152319117,0.268166780622267,0.9605720952912136,1.0,0.9526965766207244,0.9495088244216788,0.0702728449713716
101,A_original,1,merge,13.398827340867784,8.115405665503609,2.964380979537964,0.0483809858560562,4.263038349333737,4.164365840162225,-0.047950994363283,0.0999999999999999,0.8017635934650325,0.82143734076904,3.4811748406691283
101,A_original,2,intersection,7.149289449055989,12.567155202229818,2.4338624477386475,0.1291151493787765,7.188940213090843,0.2040023627697608,0.977013616946926,0.9833333333333332,0.9647268065179408,0.9587949742937736,0.0321017825934672
101,A_original,3,merge,11.2413256433275,7.701251904169719,3.0058577060699463,0.0607517249882221,2.760260158893135,1.6836007198445164,0.2630714274413558,0.5666666666666667,0.7982704417044808,0.793449916848977,1.553845498073835
101,A_original,4,intersection,7.315732108222114,13.1192168129815,2.407116413116455,0.152587279677391,9.580949127425752,0.6319683958908402,0.3740494610322269,0.2833333333333333,0.9664388306280078,0.974658813658602,0.4840382389146542
101,A_original,5,merge,12.755015903049046,7.203168074289958,2.8654086589813232,0.0510103926062583,3.052886656439965,2.4883798709971616,0.006834996359814,0.4666666666666666,0.7996819504715843,0.8120222165931662,2.252910269268128
101,A_original,6,intersection,7.520588344997829,11.53929286532932,2.5823795795440674,0.1233076304197311,7.310866184433302,0.7054863107046058,0.7992576692548664,0.9166666666666666,0.9596034071364032,0.9560865139144126,0.5670379149569009
101,A_original,7,merge,7.817449569702148,7.123616324530707,2.3663253784179688,0.0612220764160156,4.800184090005027,1.391362900399281,0.4269957593303644,0.4833333333333333,0.8123437576810959,0.8298206705146811,0.7207154704223158
101,A_original,8,intersection,6.621548652648926,12.49897321065267,2.078163146972656,0.1387518793344497,8.13808029698001,0.474403319557413,0.790027341817985,0.8666666666666667,0.9682667236838712,0.9635670235336,0.63216930503371
101,A_original,9,merge,11.557832294040256,7.603024694654676,3.026152372360229,0.0601632259786129,4.594090307090017,1.1586739323997184,0.5735435053040043,0.5666666666666667,0.8103141125000237,0.8197606748199118,1.1871742644288166
101,A_original,10,intersection,6.678050438563029,12.16181468963623,2.1602485179901123,0.1235033273696899,6.604792440318398,0.1556158800783789,0.946533372626627,0.9,0.9646432298251288,0.9705316359376708,0.0189310167779472
101,A_original,11,merge,9.622695710923937,6.8637740347120495,2.5254368782043457,0.0616135187447071,3.953766624116236,1.289130012579332,0.555494128159097,0.5,0.80733554445757,0.8053155527966536,1.2550015170622004
101,A_original,12,intersection,8.166421890258789,11.160781224568684,2.958579540252685,0.1324002146720886,7.544006603227722,0.1987211068942197,0.9062408520143928,0.9166666666666666,0.9480492897574964,0.9546677965728424,6.775150247124912e-06
101,A_original,13,merge,11.11376396814982,7.717497666676839,3.1705284118652344,0.0487435609102249,4.402563662578662,1.5172427404000883,0.5067397845417982,0.5833333333333334,0.8088156273038127,0.8069922187457818,1.2580034815213412
101,A_original,14,intersection,7.682619412740071,10.918729676140678,2.57104229927063,0.1207613423466682,7.459788199282354,1.732156485287517,0.7537120251348873,0.8499999999999999,0.9586945233064808,0.9701447130263338,1.5496030348868783
101,A_original,15,merge,13.6906787554423,6.9144104851616754,3.1809895038604736,0.0480092614889144,5.343341883983876,5.267991428130152,-0.167838817496802,0.1166666666666666,0.8002958446992583,0.8040258097588625,4.547689777492107
101,B_factorial,0,intersection,2.0277379751205444,4.144513050715129,1.063660979270935,0.0658143460750579,3.2366576373908256,0.094446466808032,0.967350468144325,1.0,0.9892068974688276,0.9666624068242984,0.0702728449713716
101,B_factorial,1,merge,12.848049269782171,8.134070237477621,0.8464457392692566,0.0467241667211055,3.84774268809292,3.528594082182906,0.1348833116432215,0.15,0.9883440467363956,0.9857506037836038,3.4811748406691283
101,B_factorial,2,intersection,1.8926356898413763,6.188057846493191,1.0449799299240112,0.0582627467811107,1.6247923835615312,0.0740299426690128,0.9751675472730672,0.9666666666666668,0.989431732200579,0.9661465096091818,0.0321017825934672
101,B_factorial,3,merge,8.140695412953695,8.33688916100396,0.8529156446456909,0.0518371164798736,1.4927525980770588,1.545732822841088,0.2463985206720658,0.5666666666666667,0.987912441918418,0.9910385502385468,1.553845498073835
101,B_factorial,4,intersection,1.590225060780843,4.636655145221287,1.0446158647537231,0.0688712149858474,3.6742183127668167,0.5069207026677125,0.4375981783127385,0.1999999999999999,0.9886577615903672,0.9889749613780812,0.4840382389146542
101,B_factorial,5,merge,11.795019520653618,7.942605230543348,0.8945250511169434,0.0473439693450927,3.3219711363812285,2.2587554348060084,0.0211243596211809,0.4666666666666666,0.9879458939271868,0.9910385502385468,2.252910269268128
101,B_factorial,6,intersection,2.335067550341288,4.406343936920166,1.1094045639038086,0.064235620200634,1.83196047258046,0.6034785285857734,0.8243913443972516,0.8666666666666667,0.9890085197118464,0.9661465096091818,0.5670379149569009
101,B_factorial,7,merge,6.153653489218818,6.61182165145874,0.9053357243537904,0.0586836449801921,2.836891180657678,0.7614905621448329,0.5377330262280856,0.35,0.9853093759017756,0.983042143404243,0.7207154704223158
101,B_factorial,8,intersection,1.398327711555693,5.766611999935574,1.0337839126586914,0.0661801993846893,2.4569111920727624,0.6017491737930782,0.7685674212273873,0.8166666666666667,0.9857913443910644,0.9740139421397064,0.63216930503371
101,B_factorial,9,merge,10.058319475915695,6.764203813340929,0.8587080240249634,0.0575867481529712,2.4661160466074943,1.163145242012838,0.534008089065241,0.4666666666666666,0.989453364163473,0.9772382997341836,1.1871742644288166
101,B_factorial,10,intersection,1.4337441325187683,6.82243988249037,1.0219590663909912,0.0638797581195831,1.30925502255559,0.0252697054993213,0.938373209781232,0.9666666666666668,0.9884679366651116,0.9889749613780812,0.0189310167779472
101,B_factorial,11,merge,8.415299812952677,7.429137176937527,0.9208133220672609,0.0561891198158264,2.008032970147001,1.2378071555139922,0.5302041674904647,0.6,0.985254297190649,0.98059163163244,1.2550015170622004
101,B_factorial,12,intersection,3.3622763686709933,4.908777978685167,1.3258808851242063,0.0753818526864051,1.9064192654358012,0.0436735685932282,0.9131977094573358,0.9666666666666668,0.991988819661208,0.9661465096091818,6.775150247124912e-06
101,B_factorial,13,merge,9.256424208482107,7.639827569325765,0.8488354086875916,0.0512321256101131,2.3671023776299425,1.2626681164754892,0.5313451308746927,0.5833333333333334,0.9896572456756734,0.9862665009987202,1.2580034815213412
101,B_factorial,14,intersection,1.7047571937243144,3.936588340335422,1.0310558080673218,0.0583852678537368,3.019689480728573,1.5930102348996478,0.8021225347300814,0.7333333333333334,0.989831306723457,0.990006755808314,1.5496030348868783
101,B_factorial,15,merge,12.659630139668783,7.131343576643202,0.8566551208496094,0.0464681237936019,5.453988904439742,4.600946640201188,0.0337348595904982,0.1166666666666666,0.9899747780256531,0.9869113725176156,4.547689777492107
101,C_difference,0,intersection,3.27050076590644,3.401445229848226,1.3159780502319336,0.0656182467937469,3.239151314679119,0.0895401285349173,0.9676743659066992,0.9833333333333332,0.99483323804868,0.9620193318882508,0.0702728449713716
101,C_difference,1,merge,12.317135016123451,6.87180953555637,1.299917459487915,0.0456472299993038,3.6350987797644407,3.495555341792409,0.165153951471697,0.15,0.9876038518369188,0.9849767579609292,3.4811748406691283
101,C_difference,2,intersection,2.529883245627085,4.531848271687825,0.987622082233429,0.0576273761689662,1.6170340234869056,0.0567307828515561,0.9721943045989344,0.9666666666666668,0.9859818738000324,0.9506695931556908,0.0321017825934672
101,C_difference,3,merge,7.62664798895518,6.350854025946723,1.244726061820984,0.0532838776707649,1.647413322776556,1.5517283026147883,0.2483759512117335,0.5166666666666667,0.9949723888057784,0.9849767579609292,1.553845498073835
101,C_difference,4,intersection,2.132120860947503,4.824659374025133,1.2407160997390747,0.0688748508691787,3.722369643979602,0.506218712134815,0.4422144820270161,0.2833333333333333,0.9934002894349118,0.9884590641629648,0.4840382389146542
101,C_difference,5,merge,11.275056786007353,6.028045680787828,1.171284317970276,0.0469554476439952,2.805680719647142,2.256996931876281,0.0249846536007231,0.3999999999999999,0.9875737836961228,0.988845987074302,2.252910269268128
101,C_difference,6,intersection,2.964274803797404,3.8175130950080014,1.088268756866455,0.0639962032437324,1.739090479860703,0.5822717340381256,0.8350844350526553,0.9333333333333332,0.9894306199875532,0.9517013875859234,0.5670379149569009
101,C_difference,7,merge,5.70798573229048,5.304513904783461,1.118040680885315,0.0630535930395126,3.4700500838292974,0.7372949927630392,0.5495196252329406,0.3333333333333333,0.9988000053114948,0.9857506037836038,0.7207154704223158
101,C_difference,8,intersection,2.3281269338395862,5.125764846801758,1.0223206281661987,0.0661083087325096,2.447178851912419,0.6102487362614687,0.7685926344418521,0.8833333333333333,0.9819286279099018,0.9517013875859234,0.63216930503371
101,C_difference,9,merge,9.71512058046129,5.344577630360921,1.3966336250305176,0.060981772840023,3.052396729787191,1.178341234075438,0.5272720084530718,0.5666666666666667,0.9874335799772102,0.9838159892269176,1.1871742644288166
101,C_difference,10,intersection,2.298926982614729,5.1705756187438965,0.97632497549057,0.0638801082968711,1.297953999555773,0.0068553720149382,0.9330928210763058,0.9,0.9831400167742024,0.9839449635306964,0.0189310167779472
101,C_difference,11,merge,7.901072051790026,5.291252083248562,1.1401922702789309,0.06004623696208,2.406209199229876,1.2493722994973038,0.5213007594444702,0.6,0.999261904506832,0.9818813746702312,1.2550015170622004
101,C_difference,12,intersection,4.138206058078342,3.267430914772881,1.286044359207153,0.0750594660639762,1.9079331651164424,0.0245677535251525,0.9100233003488702,0.9,0.9940528814919816,0.9511854903708068,6.775150247124912e-06
101,C_difference,13,merge,9.039601273006864,5.690281205707127,1.3929764032363892,0.0514901578426361,2.929046392291785,1.258491533413302,0.5388480839571872,0.5333333333333333,0.9798102986136344,0.9771093254304046,1.2580034815213412
101,C_difference,14,intersection,2.4428704182306924,3.3645501931508384,1.1834189891815186,0.0581484325230121,2.9821787658830488,1.5752184926147712,0.8144370193245142,0.8499999999999999,0.9929183495883014,0.9893618842894184,1.5496030348868783
101,C_difference,15,merge,11.9657793574863,4.53690865304735,1.397289514541626,0.0452189818024635,4.864716486665937,4.565207183072424,0.0731373550987498,0.1166666666666666,0.9858593489927432,0.9783990684681956,4.547689777492107
101,independent,0,intersection,4.367589155832927,6.979325294494629,0.8609578013420105,0.0646105259656906,3.215616089734767,0.0702728519034946,0.9808037218345108,0.95,0.9587429110804568,0.9255525397440868,0.0702728449713716
101,independent,1,merge,14.337320592668322,10.030107392205132,0.8411532640457153,0.0464178882539272,4.021487691336208,3.4811747887555664,0.1797775693400946,0.1833333333333333,0.9498476192888292,0.9689802248933694,3.4811748406691283
101,independent,2,intersection,3.734505256017049,10.244740274217394,0.7662867903709412,0.0579550229012966,1.621365879144933,0.0321018520660096,0.9967306921950548,0.9833333333333332,0.946331141030178,0.9307225022618586,0.0321017825934672
101,independent,3,merge,10.432536522547403,12.179462326897514,0.8291645050048828,0.0538157448172569,1.8478176667292905,1.5538454918870748,0.2669515673098698,0.5166666666666667,0.9421841178448642,0.939252940416182,1.553845498073835
101,independent,4,intersection,4.49794766638014,5.22486866845025,0.8574134111404419,0.0675936490297317,3.697621368153227,0.4840382472951968,0.4438702111325702,0.2833333333333333,0.9463538637628106,0.9612252811167118,0.4840382389146542
101,independent,5,merge,13.464913580152723,11.562636587354872,0.932672917842865,0.0477451309561729,3.743602528207832,2.252910276057527,0.0558010379233042,0.3999999999999999,0.9338994065099968,0.915988109086209,2.252910269268128
101,independent,6,intersection,3.708446582158407,6.713956885867649,0.812777042388916,0.0625102594494819,2.246184829324484,0.5670378962756241,0.8227398043519825,0.9333333333333332,0.9522213218773138,0.9307225022618586,0.5670379149569009
101,independent,7,merge,8.239072322845459,6.412125746409099,0.9836195707321168,0.05998170748353,2.405503702114026,0.7207154493479385,0.5926493084349697,0.35,0.9293663178063892,0.9255525397440868,0.7207154704223158
101,independent,8,intersection,4.19818205303616,8.35234154595269,0.90804260969162,0.0650254562497139,2.545150323261817,0.6321692841571167,0.7555234973338085,0.8833333333333333,0.9355132077157232,0.9255525397440868,0.63216930503371
101,independent,9,merge,11.790565543704565,6.998115274641249,0.8224944472312927,0.0585399158298969,2.020450764099757,1.1871742770596363,0.5176242865960294,0.4666666666666666,0.9544317225878428,0.9651027530050408,1.1871742644288166
101,independent,10,intersection,4.128259181976318,10.662052896287706,0.9407321810722352,0.0638403221964836,1.269460509022077,0.0189310120304748,0.9601673388829672,0.9,0.9374164698433298,0.9612252811167118,0.0189310167779472
101,independent,11,merge,10.363772922092014,8.963679313659668,1.0168678760528564,0.057891622185707,1.673619072669082,1.2550015528023222,0.5457160695508075,0.6,0.9321329003903962,0.9255525397440868,1.2550015170622004
101,independent,12,intersection,3.2846122317843967,6.528383360968696,0.8710289001464844,0.0744069591164588,2.021060179372629,6.807751634430694e-06,0.910012017104604,0.9,0.963566437536728,0.9307225022618586,6.775150247124912e-06
101,independent,13,merge,11.41127830081516,7.872794098324245,0.8312738537788391,0.0507662966847419,2.11599069416523,1.2580034756585958,0.547103888962933,0.5833333333333334,0.949821191744894,0.9185730903450948,1.2580034815213412
101,independent,14,intersection,4.405616919199626,7.070287545522054,0.8595206141471863,0.0562131740152835,3.318068532993396,1.549603040598387,0.8234428030632892,0.8499999999999999,0.9515427121097686,0.95605531859894,1.5496030348868783
101,independent,15,merge,14.47525151570638,9.21808491812812,0.8196067214012146,0.0461360625922679,5.886003473599752,4.547689811595664,0.0931816601870159,0.1166666666666666,0.9511641418510464,0.9185730903450948,4.547689777492107
101,privileged,0,intersection,2.5931612584326,3.636306709713406,0.8672702312469482,0.0644888207316398,1.4455791512959533,0.0732220321827899,0.9651520163323144,0.9833333333333332,0.959767008056496,0.9348057537908624,0.0702728449713716
101,privileged,1,merge,12.969085534413656,8.0234252081977,0.9395862817764282,0.0484984926879406,4.794845097263655,3.487789607716271,0.1675978902901483,0.15,0.9600003669764972,0.963824972141158,3.4811748406691283
101,privileged,2,intersection,3.1681824127833047,6.166652997334798,0.9428651928901672,0.0584952943027019,0.2404513820840256,0.0400639965729999,0.9673589028753172,0.95,0.9247374979843082,0.9261644754376632,0.0321017825934672
101,privileged,3,merge,8.839631107118395,8.980780018700493,0.9234493970870972,0.0504586175084114,2.408410222762161,1.5521072063553898,0.2408533605676806,0.5166666666666667,0.9471925779203378,0.956860359737087,1.553845498073835
101,privileged,4,intersection,3.194616238276164,3.388244867324829,0.901764452457428,0.066980630159378,1.9273947281142076,0.4889394868502578,0.4532788584685492,0.2666666666666666,0.9336852035925952,0.9465424154347596,0.4840382389146542
101,privileged,5,merge,11.91652970843845,9.212690459357368,1.0788782835006714,0.0488057360053062,4.873567819429769,2.254116647465644,0.0240420112328902,0.3999999999999999,0.949511658240149,0.9633090749260418,2.252910269268128
101,privileged,6,intersection,3.1358664300706653,3.822424120373196,0.8570144772529602,0.0637513026595115,0.9748937320046956,0.573134178743194,0.8350836074482175,0.8666666666666667,0.9335018281465493,0.9277121670830122,0.5670379149569009
101,privileged,7,merge,7.210991117689344,5.2715957959493,1.2764087915420532,0.0556308701634407,1.3214445340302257,0.7264200359118902,0.5460637009914642,0.3333333333333333,0.93058279362843,0.9501536959405744,0.7207154704223158
101,privileged,8,intersection,3.38136989540524,4.881875117619832,1.1348354816436768,0.0655102804303169,1.4202558982372286,0.6266923294961667,0.7611580252391008,0.8166666666666667,0.9141151248299806,0.9332580621455132,0.63216930503371
101,privileged,9,merge,10.37537439664205,5.413152270846897,0.8692123293876648,0.0549095086753368,1.5673292619486652,1.1834912786032292,0.5235507994615928,0.5166666666666667,0.9583952769012772,0.9514434389783654,1.1871742644288166
101,privileged,10,intersection,3.465928104188708,7.006097793579102,1.2152860164642334,0.064347505569458,0.5384975116120442,0.0117894379088963,0.9268428972647232,0.9333333333333332,0.9154062409538942,0.9523462591048188,0.0189310167779472
101,privileged,11,merge,9.210953089925978,7.006811777750651,1.2971283197402954,0.0530047267675399,1.258572283503082,1.2526447819376672,0.5117058890009815,0.5666666666666667,0.9317446039411688,0.95079856745947,1.2550015170622004
101,privileged,12,intersection,3.108175423410204,3.938665257559882,0.8770396709442139,0.0748139768838882,0.8790457079973487,0.0072828700931602,0.9101377324967272,0.9333333333333332,0.9492496037945296,0.9269383212603376,6.775150247124912e-06
101,privileged,13,merge,9.394935859574211,6.022208505206638,0.786293625831604,0.0504000224173069,1.6718720121516115,1.258945698520869,0.5335884634041997,0.5333333333333333,0.9644907800880314,0.9559575396106336,1.2580034815213412
101,privileged,14,intersection,3.048260794745551,3.4286209212409124,0.8225290179252625,0.057669423520565,1.7381499342951503,1.5569465900631707,0.8191649960121158,0.8166666666666667,0.9442269824297168,0.9506695931556908,1.5496030348868783
101,privileged,15,merge,12.68315495385064,6.773735523223877,0.810275137424469,0.0483243986964225,6.954761154833768,4.55546260633914,0.0767421814477063,0.0833333333333333,0.9649098256358216,0.9562154882181916,4.547689777492107
101,D_pairwise,0,intersection,3.256518152025011,3.4249630769093837,1.191653609275818,0.0655354410409927,3.564389942487081,0.1023607125835399,0.9643707860310192,0.9666666666666668,0.9774709134739348,0.9602136916353436,0.0702728449713716
101,D_pairwise,1,merge,12.860337045457628,7.54750198788113,0.967609703540802,0.0459829121828079,3.8201610798637073,3.5144236481598217,0.1519668796792895,0.0999999999999999,0.9735233207189384,0.9673072783431936,3.4811748406691283
101,D_pairwise,2,intersection,1.9683300256729128,5.262212965223524,0.7551823854446411,0.0576022528111934,1.9654576032360391,0.075207518361598,0.9745142053672508,1.0,0.9828135829059684,0.9449947237894106,0.0321017825934672
101,D_pairwise,3,merge,8.269679201973808,8.727079391479492,0.9192031621932985,0.0502154044806957,1.5481996919711432,1.547406415828999,0.2424684272662848,0.5666666666666667,0.9913422234180504,0.9849767579609292,1.553845498073835
101,D_pairwise,4,intersection,1.9760236806339688,4.285454034805298,1.0150954723358154,0.067990131676197,3.958812200708522,0.5144463179773807,0.437314272066182,0.2833333333333333,0.9879782611091092,0.9879431669478485,0.4840382389146542
101,D_pairwise,5,merge,11.715459081861708,8.116251786549887,1.0820071697235107,0.0467265136539936,3.251309617360432,2.257948909107604,0.0212364198905789,0.3999999999999999,0.9794474528433884,0.9883300898591856,2.252910269268128
101,D_pairwise,6,intersection,2.382067004839579,3.4869734976026745,0.8994336724281311,0.0649362429976463,2.0381966944701144,0.5967443548192328,0.8286257392097761,0.8499999999999999,0.984748248121601,0.9527331820161562,0.5670379149569009
101,D_pairwise,7,merge,6.614745908313328,5.172814952002631,0.8931686878204346,0.0584237836301326,2.8883904212713243,0.7496409621379918,0.5455983245757672,0.3666666666666667,0.9889829968800504,0.9833000920118012,0.7207154704223158
101,D_pairwise,8,intersection,2.195124626159668,4.678233252631293,0.8723396062850952,0.0668148770928382,2.6646949923038483,0.5956946924235983,0.7694299940046769,0.8499999999999999,0.9740514507705528,0.9306785760699312,0.63216930503371
101,D_pairwise,9,merge,10.292017963197496,5.2777006891038685,1.030616044998169,0.0577337592840194,2.5793291441433963,1.172003644174517,0.5275744883161867,0.5666666666666667,0.9913119089544462,0.9782700941644163,1.1871742644288166
101,D_pairwise,10,intersection,2.1197547117869058,5.844295342763265,0.8099263310432434,0.0642041563987732,1.6983078872329656,0.0274970077672459,0.9349504707057584,0.9,0.9797570092180828,0.9798177858097656,0.0189310167779472
101,D_pairwise,11,merge,8.404681543509165,6.233405616548327,0.8963231444358826,0.056237518787384,2.071692223068741,1.2450545585458097,0.5219689471484419,0.5666666666666667,0.993335762573814,0.99052265302343,1.2550015170622004
101,D_pairwise,12,intersection,3.4369156625535755,3.5750682618882923,1.1356017589569092,0.0757685303688049,2.251284849676821,0.0441862780640201,0.9124204991639088,0.95,0.989139237198534,0.9555706166992962,6.775150247124912e-06
101,D_pairwise,13,merge,9.17476609018114,5.624625947740343,1.0884065628051758,0.0516557171940803,2.4594523007174334,1.2607955071623662,0.5326768547879189,0.5833333333333334,0.9856302556538769,0.9875562440365112,1.2580034815213412
101,D_pairwise,14,intersection,2.121910611788432,2.640240616268582,1.005212664604187,0.0590707659721374,3.211498095740874,1.5916004966932245,0.806793010440522,0.8499999999999999,0.9877389068363844,0.9894908585931976,1.5496030348868783
101,D_pairwise,15,merge,12.348222970962524,6.151364617877537,1.0745381116867063,0.0457269623875618,5.378194629152616,4.582430807469564,0.0577095762074776,0.1166666666666666,0.9816304258032582,0.9862665009987202,4.547689777492107
202,A_original,0,intersection,5.44010059038798,9.683790312872992,1.9586015939712524,0.157785952091217,7.844840480122302,0.1331756149405074,0.9461859308106518,0.8666666666666667,0.9434216728666992,0.949637798725458,0.0702728449713716
202,A_original,1,merge,12.775051911671955,7.750144746568468,1.6428589820861816,0.0487261340022087,4.055324484954277,3.5254684145797643,0.15766550735427,0.1833333333333333,0.9754848017856724,0.976077531000172,3.4811748406691283
202,A_original,2,intersection,4.705692913797167,10.74874930911594,1.5915428400039673,0.1536923497915268,6.40396569636133,0.1174412279918811,0.9547497056714338,0.9333333333333332,0.9298882594151696,0.9495088244216788,0.0321017825934672
202,A_original,3,merge,9.40015665690104,5.470310635036892,1.502666711807251,0.0559696294367313,1.9799322719540864,1.5467993869664227,0.2322386444565142,0.4666666666666666,0.9663822928192696,0.9683390727734263,1.553845498073835
202,A_original,4,intersection,4.631862640380859,12.241794056362576,1.5336591005325315,0.1713916957378387,8.420674419949451,0.5377685683377734,0.4265358801149286,0.3333333333333333,0.928171504516525,0.9504116445481324,0.4840382389146542
202,A_original,5,merge,11.742049031787449,6.791038036346436,1.4184571504592896,0.0503294989466667,3.9053536869088816,2.2591323780738244,0.0106840219455557,0.3333333333333333,0.975050031393232,0.9835580406193594,2.252910269268128
202,A_original,6,intersection,5.271670586533016,10.987851036919489,1.77063250541687,0.1488512903451919,6.417266574833129,0.6201925942787742,0.8379885842407084,0.9666666666666668,0.937199932508622,0.9532490792312728,0.5670379149569009
202,A_original,7,merge,6.615051454967922,9.779231124454077,1.1677017211914062,0.058574516326189,2.4078073626425534,0.7618255872605612,0.5378390023506924,0.35,0.9691272079470844,0.9622772804958092,0.7207154704223158
202,A_original,8,intersection,4.272974729537964,11.278724670410156,1.3475154638290403,0.1584329009056091,6.970264274809096,0.5619166042771552,0.7896389283531209,0.9333333333333332,0.9209672839317998,0.9555706166992962,0.63216930503371
202,A_original,9,merge,10.46152381102244,9.311937703026665,1.7407138347625732,0.0571700744330883,2.335527542200353,1.167207291249328,0.5233236056482217,0.4666666666666666,0.9853373688009543,0.9825262461891264,1.1871742644288166
202,A_original,10,intersection,4.12797400686476,10.47177113427056,1.2552613019943235,0.1466581225395202,5.900361529141666,0.0534430395560169,0.9173909304189944,0.8333333333333333,0.9189964790118308,0.9513144646745862,0.0189310167779472
202,A_original,11,merge,8.437961485650805,8.55248048570421,1.165355920791626,0.0564623139798641,1.8436212562190164,1.2399697390181823,0.5195476183291386,0.6,0.9787202065271348,0.9794308628984282,1.2550015170622004
202,A_original,12,intersection,6.253624373012119,10.865946027967665,2.106189727783203,0.1515763103961944,6.445839085082213,0.0757590005707476,0.8920045954623295,0.8499999999999999,0.9492433117672876,0.9489929272065626,6.775150247124912e-06
202,A_original,13,merge,9.706715901692707,10.1456192334493,1.7762867212295532,0.0495716780424118,2.188077557600208,1.2616415431614874,0.5282802059812248,0.5166666666666667,0.9879189267722752,0.9878141926440692,1.2580034815213412
202,A_original,14,intersection,5.013092822498745,9.96654733022054,1.7144393920898438,0.141985684633255,6.48760524092449,1.6123987933112345,0.7917846494212598,0.9166666666666666,0.934429780312871,0.9486060042952252,1.5496030348868783
202,A_original,15,merge,12.61860434214274,7.412368615468343,1.664690613746643,0.0486773289740085,5.971296352744103,4.591524892249055,0.0591876206900825,0.0833333333333333,0.9798011438567108,0.9796888115059864,4.547689777492107
202,B_factorial,0,intersection,2.2868785990609064,4.753937164942424,1.150481343269348,0.0681520253419876,2.1086830215321646,0.0707744401962664,0.9598704699105988,0.95,0.97982769698563,0.9493798501178998,0.0702728449713716
202,B_factorial,1,merge,12.774510675006445,8.679391331142849,0.9012838006019592,0.0402285829186439,4.259055031190316,3.4958481755894315,0.1663888747770272,0.15,0.9752870467313168,0.9688549699885428,3.4811748406691283
202,B_factorial,2,intersection,2.280795560942756,6.751901732550727,1.0538676977157593,0.0561344474554061,0.6999264458152981,0.0515976858960033,0.965657515343792,0.9833333333333332,0.974670103594321,0.9458975439158642,0.0321017825934672
202,B_factorial,3,merge,8.881004571914673,10.565114974975586,0.9777141213417052,0.0554238781332969,1.8445099099642688,1.5492144201895763,0.2352079573489346,0.5166666666666667,0.971418032827171,0.974787787962381,1.553845498073835
202,B_factorial,4,intersection,2.795072184668647,3.1737393273247614,1.13816499710083,0.0739587694406509,2.3226545155048366,0.4887037603614665,0.4543794629340437,0.2833333333333333,0.976579987484192,0.9823972718853474,0.4840382389146542
202,B_factorial,5,merge,11.964075485865274,10.152674039204916,0.9939993023872375,0.042618054896593,4.189538544052177,2.254623406665258,0.0156264082619605,0.3999999999999999,0.9762465283088876,0.9894908585931976,2.252910269268128
202,B_factorial,6,intersection,2.202152450879415,4.042941199408637,1.0846915245056152,0.0641852766275405,1.2316931242744125,0.5870995752468466,0.8319946426278549,0.8666666666666667,0.9769854978819108,0.9489929272065626,0.5670379149569009
202,B_factorial,7,merge,7.097360796398586,5.686182551913792,1.037312388420105,0.0696731656789779,1.6563239748610394,0.730118991570234,0.5464745893818972,0.3333333333333333,0.9720899823719432,0.9716924046716826,0.7207154704223158
202,B_factorial,8,intersection,2.871089670393202,4.923499213324653,1.0731595754623413,0.0689062625169754,1.7736378011769718,0.6225157971217309,0.7628160640618286,0.8833333333333333,0.969770896795456,0.951056516067028,0.63216930503371
202,B_factorial,9,merge,10.320375389522976,5.884235752953424,0.9423534870147704,0.0683298930525779,1.7645983884897496,1.180427124888125,0.5213605351794034,0.5166666666666667,0.9794176509985908,0.96640445821674,1.1871742644288166
202,B_factorial,10,intersection,2.999879320462545,7.462343056996663,1.058470368385315,0.0647291466593742,0.476455938484934,0.0162817772277049,0.9261615416627512,0.9,0.973060723778722,0.9808495802399984,0.0189310167779472
202,B_factorial,11,merge,9.08882204691569,7.851450390285915,1.0677204132080078,0.0682811811566352,1.486132601863808,1.2504005999377497,0.5147574272941035,0.7,0.9720909749919916,0.9689839442923218,1.2550015170622004
202,B_factorial,12,intersection,2.43905868795183,4.378445148468018,1.1259632110595703,0.0750410109758377,1.03126663443115,0.0228824428222868,0.9085832739263368,0.9,0.9848666339251322,0.948219081383888,6.775150247124912e-06
202,B_factorial,13,merge,9.59578569730123,6.358048386043972,0.92158043384552,0.053586259484291,1.7634964816437828,1.2614414691100926,0.5280469115435629,0.5333333333333333,0.981236383529438,0.9791729142908702,1.2580034815213412
202,B_factorial,14,intersection,2.720973743332757,3.817955811818441,1.1404132843017578,0.0581071488559246,2.1602036624484597,1.5675607564828375,0.8126686173242614,0.8499999999999999,0.9792388885225908,0.984460860745813,1.5496030348868783
202,B_factorial,15,merge,12.785386933220757,8.138920995924208,0.9485163688659668,0.0393010154366493,6.436001656601827,4.563127348013774,0.0706856169862606,0.0833333333333333,0.9788420082839648,0.9786570170757536,4.547689777492107
202,C_difference,0,intersection,2.1390160189734564,3.007009744644165,1.1378395557403564,0.068072035908699,2.471601237803698,0.1123293682379115,0.9576782051374212,0.9833333333333332,0.9846973204580508,0.9550547194841796,0.0702728449713716
202,C_difference,1,merge,12.46122988065084,7.595755153232151,1.0706583261489868,0.0429523363709449,3.772574050525824,3.5682618248711253,0.1209317504420678,0.15,0.991695293205583,0.9867823982138366,3.4811748406691283
202,C_difference,2,intersection,2.148005167643229,4.661423524220784,1.0157471895217896,0.0558454394340515,0.9477719731794464,0.0954716837840529,0.9620633149552684,1.0,0.9800315437948218,0.9560865139144126,0.0321017825934672
202,C_difference,3,merge,8.33264054192437,9.502294699350992,0.9833031892776488,0.0575315728783607,1.6421256706284153,1.5442392555825408,0.2379741196659094,0.5166666666666667,0.9938087188315248,0.99052265302343,1.553845498073835
202,C_difference,4,intersection,2.401532279120551,3.6707841555277514,1.1136144399642944,0.0754444599151611,2.7317057505415554,0.5223357764498264,0.4367757311598973,0.2666666666666666,0.9822988140097672,0.9826552204929055,0.4840382389146542
202,C_difference,5,merge,11.318421681722006,8.938689496782091,1.0392879247665403,0.045067623257637,3.023375191589196,2.272803961350249,0.0095701973198529,0.3999999999999999,0.9950614436214742,0.9946498307443612,2.252910269268128
202,C_difference,6,intersection,2.4047902822494507,3.4618704319000244,1.024004578590393,0.0635260194540023,1.2047636579308247,0.6102627645760681,0.8274328321415214,0.9,0.9788648445127982,0.9509275417632488,0.5670379149569009
202,C_difference,7,merge,7.958236641354031,5.4057177437676325,1.167439579963684,0.0695885941386222,2.7551881075402105,0.7904370614466874,0.513706645265752,0.4833333333333333,0.971682039222776,0.9719503532792412,0.7207154704223158
202,C_difference,8,intersection,2.753392060597738,4.319469822777642,1.043059468269348,0.0685336962342262,1.8472646989093888,0.5861459162281896,0.7688477238859946,0.8333333333333333,0.972423709601116,0.9545388222690636,0.63216930503371
202,C_difference,9,merge,10.518953853183325,5.3495908578236895,0.9544492363929749,0.0661623030900955,2.472797123806344,1.155771876719578,0.5334522594924691,0.5166666666666667,0.9841880850208052,0.9518303618897024,1.1871742644288166
202,C_difference,10,intersection,2.41905759440528,5.469445334540473,0.9950178265571594,0.0633860975503921,0.7508375437060991,0.0407781387300363,0.9234805722849296,0.9333333333333332,0.9787825937109356,0.9826552204929055,0.0189310167779472
202,C_difference,11,merge,8.773089329401651,6.847564644283718,0.9939137697219848,0.0664245635271072,2.03984365751346,1.2331152598512969,0.5159025875273527,0.6,0.9825440839676588,0.9750457365699392,1.2550015170622004
202,C_difference,12,intersection,2.10210159752104,3.054078393512302,1.0903477668762207,0.0742133930325508,1.1419478721088838,0.0550594659142497,0.9070349783917828,0.95,0.9849627983181848,0.9501536959405744,6.775150247124912e-06
202,C_difference,13,merge,9.240290416611565,5.840065638224284,1.05224871635437,0.0535030364990234,2.3787376404305305,1.2676263365359253,0.5247710241983345,0.5333333333333333,0.9922017797105768,0.9865244496062784,1.2580034815213412
202,C_difference,14,intersection,2.1638896067937217,2.9667587015363903,1.0801728963851929,0.0572612434625625,2.2674473954737184,1.604251800066199,0.7996032636245206,0.8166666666666667,0.9823697834908331,0.981752400366452,1.5496030348868783
202,C_difference,15,merge,12.027398957146538,6.848017692565918,1.0838418006896973,0.0423202887177467,5.224802583307028,4.641827504001614,0.0191387488429191,0.0833333333333333,0.9964787708360936,0.9923282932763376,4.547689777492107
202,independent,0,intersection,12.693030807707045,6.183404710557726,3.398310661315918,0.0648787841200828,3.406977783441543,0.0702728844907042,0.9795202855462946,0.95,0.9308763692291112,0.8689414501744862,0.0702728449713716
202,independent,1,merge,19.321941799587677,9.10606484942966,3.209353446960449,0.0451653748750686,3.680556099249257,3.481174840121157,0.1910470465750172,0.25,0.937054023407564,0.9651027530050408,3.4811748406691283
202,independent,2,intersection,11.854745705922443,8.25077814526028,3.082372665405273,0.0569829978048801,1.8568956406911208,0.0321017850936281,0.9979480497681164,0.9833333333333332,0.9274681679131624,0.9237430528628666,0.0321017825934672
202,independent,3,merge,16.642966588338215,8.671684000227186,3.070551872253418,0.0561387948691844,1.8626230175793177,1.5538454840180267,0.2838525328026579,0.5666666666666667,0.936114211487017,0.9651027530050408,1.553845498073835
202,independent,4,intersection,12.054524223009745,7.637078603108724,3.0208542346954346,0.070643849670887,3.817458353622092,0.484038177076604,0.4399693835582004,0.2833333333333333,0.9224762866957288,0.9333074835207444,0.4840382389146542
202,independent,5,merge,18.27979988522,8.540347894032797,3.0201356410980225,0.0469690598547458,3.098707223600812,2.252910258462198,0.0769761505919148,0.4666666666666666,0.9353260401037649,0.9651027530050408,2.252910269268128
202,independent,6,intersection,12.205383910073174,6.81111839082506,3.2138559818267822,0.0595658048987388,2.4444628944827453,0.5670378885921488,0.8167451480935731,0.9166666666666666,0.9315760415101866,0.9237430528628666,0.5670379149569009
202,independent,7,merge,13.57768964767456,9.44078811009725,2.7920703887939453,0.063897043466568,3.2422633549902176,0.7207154872000938,0.5879195989821481,0.35,0.9168866003093712,0.95424583171772,0.7207154704223158
202,independent,8,intersection,11.551351918114555,7.96837059656779,2.8643887042999268,0.064452052116394,2.7039239706430167,0.6321693194084287,0.7524171394527507,0.8666666666666667,0.912356971542622,0.9185730903450948,0.63216930503371
202,independent,9,merge,17.669510629442,9.423464563157824,3.258434772491455,0.0612999722361564,2.6135940567321247,1.187174289679609,0.4987278118772071,0.35,0.9395816155861008,0.941837921675068,1.1871742644288166
202,independent,10,intersection,11.48472101158566,8.42028840382894,2.8155367374420166,0.0625874549150466,1.514000854492188,0.0189310488543735,0.9624190715570392,0.9,0.9205936345666416,0.9612252811167118,0.0189310167779472
202,independent,11,merge,15.279389805263945,9.37000020345052,2.7881875038146973,0.0611138977110385,2.1642438126603767,1.2550015045097784,0.5671830015083476,0.7,0.919287808583394,0.9581233036060488,1.2550015170622004
202,independent,12,intersection,12.755617088741726,7.437492847442627,3.51221776008606,0.072332814335823,2.269575046300888,6.772367323387747e-06,0.9055032901224536,0.9166666666666666,0.9440861182293764,0.9237430528628666,6.775150247124912e-06
202,independent,13,merge,16.95582644144694,10.338847796122232,3.3034770488739014,0.0509287789463996,2.46884728519453,1.2580034726776352,0.564743379416051,0.5833333333333334,0.9414276666529368,0.9612252811167118,1.2580034815213412
202,independent,14,intersection,12.29574700196584,5.952304310268826,3.157594680786133,0.0527356900274753,3.551187296426958,1.5496030439276742,0.82028330650737,0.8499999999999999,0.9278511674699954,0.9250355434923097,1.5496030348868783
202,independent,15,merge,19.52574560377333,8.816680431365967,3.210249662399292,0.0447638668119907,5.028935391571786,4.547689789623216,0.0981303116503235,0.1166666666666666,0.9407080701771232,0.9612252811167118,4.547689777492107
202,privileged,0,intersection,2.781742784712049,3.308323436313205,1.2071436643600464,0.0658737272024154,1.9629358966400223,0.0787205110056706,0.9610307705531635,1.0,0.9843061719971126,0.9613744603693554,0.0702728449713716
202,privileged,1,merge,12.398418426513672,6.1392259862687855,0.911979913711548,0.0441468246281147,4.164104522855745,3.528528586512804,0.1540631414559044,0.15,0.99050822169973,0.984460860745813,3.4811748406691283
202,privileged,2,intersection,2.47256851196289,3.04826373524136,0.8509695529937744,0.0567126125097274,0.8750104345464044,0.0702861614513688,0.9658175764023986,0.9666666666666668,0.9768253049114096,0.9489929272065626,0.0321017825934672
202,privileged,3,merge,8.182233916388618,5.450229141447279,0.7420330047607422,0.0558283291757106,2.0006566134840247,1.545465048745574,0.2342951339337454,0.5666666666666667,0.9851347718089144,0.991554447453663,1.553845498073835
202,privileged,4,intersection,2.230712976720598,4.105851517783271,0.9224646687507628,0.0707376226782798,2.136388149567776,0.4904351781813863,0.4541692536129683,0.2666666666666666,0.9834769628515484,0.9825262461891264,0.4840382389146542
202,privileged,5,merge,11.341960112253824,5.985550615522596,0.8501874208450317,0.0450774356722831,3.713069858526191,2.262266086798575,0.011859884732134,0.3999999999999999,0.990484793125344,0.9925862418838958,2.252910269268128
202,privileged,6,intersection,3.0206271409988403,3.3859059280819364,1.1213068962097168,0.0624379739165306,0.7858727197349068,0.5877939520812065,0.8331985562250749,0.8499999999999999,0.9831209218610614,0.9674362526469727,0.5670379149569009
202,privileged,7,merge,5.885151624679565,5.040401220321655,0.789584219455719,0.0655701532959938,1.9394396268328036,0.7435201015995774,0.5413060708063567,0.3333333333333333,0.9926939152060966,0.984589835049592,0.7207154704223158
202,privileged,8,intersection,2.0401304165522256,3.5429236623975964,0.845111608505249,0.0656960234045982,1.4774794073816804,0.6179088940440876,0.7618137368604744,0.8166666666666667,0.9769105738776668,0.9688549699885428,0.63216930503371
202,privileged,9,merge,9.96841753853692,4.979291068183051,1.1134610176086426,0.0630183294415474,1.8181957698282265,1.1714412960479506,0.5231134186135098,0.5166666666666667,0.9931866207711358,0.980333683024882,1.1871742644288166
202,privileged,10,intersection,2.087042364809248,4.037317779329088,0.7780071496963501,0.0626060515642166,0.7378964238613848,0.0147501061639108,0.9277780509307776,0.9333333333333332,0.9748161758636684,0.9816234260626728,0.0189310167779472
202,privileged,11,merge,7.934565318955316,4.901489231321547,0.7502055764198303,0.0625122264027595,1.5750115153607398,1.2421161301007837,0.5145832587250082,0.6,0.9908078890158764,0.9849767579609292,1.2550015170622004
202,privileged,12,intersection,4.133257918887669,3.2239346504211426,1.469380259513855,0.0734367594122886,0.6794300575802724,0.0199286568943546,0.9101446528834206,0.9666666666666668,0.9889804764240292,0.9616324089769136,6.775150247124912e-06
202,privileged,13,merge,8.786626570754581,5.825986570782131,1.094186544418335,0.0520947612822055,1.8486106602847576,1.2629161769693715,0.5271357491365996,0.5333333333333333,0.994567558396437,0.9889749613780812,1.2580034815213412
202,privileged,14,intersection,2.5022733873791165,3.10390928056505,1.0318138599395752,0.0563235878944397,1.5760228505482277,1.5655133087856916,0.8169410336574887,0.8166666666666667,0.9855496189521368,0.9839449635306964,1.5496030348868783
202,privileged,15,merge,12.156217469109428,4.757057189941406,0.9140623807907104,0.0438694544136524,6.081483284268114,4.600441565445656,0.0553674973892986,0.1166666666666666,0.9930058532433385,0.9903936787196512,4.547689777492107
202,D_pairwise,0,intersection,4.249174899525112,4.566797309451633,1.9397101402282717,0.0661439970135688,4.609691649907166,0.0622263575647591,0.9711758588298453,1.0,0.9737338917386588,0.9745298393548228,0.0702728449713716
202,D_pairwise,1,merge,12.362034188376532,7.191958003573948,1.6051995754241943,0.0444213487207889,3.658962219556172,3.4862642190265896,0.1757080807943593,0.15,0.9791336056392166,0.9839449635306964,3.4811748406691283
202,D_pairwise,2,intersection,3.3193322817484536,6.366774029201931,1.5018889904022217,0.0567832738161087,3.007793045292298,0.0315659898856512,0.9769745532192368,0.9666666666666668,0.9884682270852312,0.9782700941644163,0.0321017825934672
202,D_pairwise,3,merge,9.198083930545383,7.462734328375922,1.4322340488433838,0.0560894012451171,1.6540049030714563,1.5517883757569897,0.2408006373721634,0.4666666666666666,0.9812237129044198,0.9813654774551148,1.553845498073835
202,D_pairwise,4,intersection,3.1654217508104114,6.0334882736206055,1.4204833507537842,0.0723494812846183,5.044407026668391,0.4806471553966622,0.4570731228355487,0.1999999999999999,0.98050213044142,0.9796888115059864,0.4840382389146542
202,D_pairwise,5,merge,11.440782308578491,6.567208184136285,1.3046258687973022,0.0460882037878036,2.839522274898159,2.253300389905234,0.0245716492582116,0.3999999999999999,0.9788154971528056,0.9843318864420338,2.252910269268128
202,D_pairwise,6,intersection,3.60635240872701,4.572592099507649,1.6215646266937256,0.0618396550416946,3.0802086357441203,0.5699002783882459,0.8358644493813252,0.8666666666666667,0.9847271143502986,0.9769803511266256,0.5670379149569009
202,D_pairwise,7,merge,6.402317470974392,5.633044693205092,0.969950258731842,0.0668821781873703,3.3614463955826235,0.7251187298722653,0.5611801174004812,0.4666666666666666,0.995312341402362,0.9906516273272096,0.7207154704223158
202,D_pairwise,8,intersection,2.485038717587789,5.25838041305542,1.1067469120025637,0.0661296918988227,3.635169067117903,0.6370074834511539,0.7589838203700158,0.8166666666666667,0.9896442691808434,0.9793018885946492,0.63216930503371
202,D_pairwise,9,merge,10.525312105814615,5.648257440990872,1.623073935508728,0.0637392699718475,2.940767886257834,1.183428897308365,0.5204836329538309,0.4666666666666666,0.9816729428573736,0.9751747108737182,1.1871742644288166
202,D_pairwise,10,intersection,2.4706323941548667,6.406839476691352,1.071496844291687,0.0628807246685028,2.6747119944625437,0.0211418873258695,0.9377981276435085,0.9666666666666668,0.9882005895330797,0.9869113725176156,0.0189310167779472
202,D_pairwise,11,merge,8.232042153676352,5.720597479078505,1.0427800416946411,0.0632294267416,2.34117220837209,1.2524005063962806,0.5208600270294719,0.5666666666666667,0.9925919313809228,0.9826552204929055,1.2550015170622004
202,D_pairwise,12,intersection,4.5159129699071245,5.215874354044597,1.9668610095977783,0.0733421221375465,3.244123059825765,0.0076508834483655,0.9146852609656644,0.9666666666666668,0.9819945197361402,0.9769803511266256,6.775150247124912e-06
202,D_pairwise,13,merge,9.458064238230389,6.055689255396525,1.7143625020980835,0.0515096336603164,2.8357569292022125,1.2595224664407734,0.5341247167222625,0.5166666666666667,0.9746729864420764,0.9754326594812766,1.2580034815213412
202,D_pairwise,14,intersection,3.303162627749973,3.4892054663764105,1.5106385946273804,0.0553889609873294,3.9339583400554137,1.5493915617094731,0.8245248149454213,0.7333333333333334,0.9827892270330972,0.9827841947966848,1.5496030348868783
202,D_pairwise,15,merge,12.35565021302965,5.469725317425198,1.627869725227356,0.0438360385596752,4.93731853387422,4.554824236880769,0.0815472055545828,0.0833333333333333,0.9750169855361128,0.9759485566963928,4.547689777492107
303,A_original,0,intersection,15.216527938842772,16.56750096215142,4.242733955383301,0.0644835010170936,8.316872436669138,0.0703032587113077,0.9373970970837872,0.95,0.8798775210921969,0.8312393878562511,0.0702728449713716
303,A_original,1,merge,19.41667917039659,9.149981763627794,4.632857322692871,0.0484704487025737,3.1231543523404337,3.4811724489749665,0.1699087186674181,0.3333333333333333,0.9310376214574848,0.9375142141702232,3.4811748406691283
303,A_original,2,intersection,13.826307826571997,16.029560618930393,3.765666723251343,0.0557206012308597,6.79926010598739,0.0321430590174841,0.9463870882932844,0.9166666666666666,0.8798214799092244,0.8147306769725271,0.0321017825934672
303,A_original,3,merge,17.795435693528916,6.807891368865967,4.582335472106934,0.0553872808814048,2.633440299332141,1.553851876540352,0.2843811076619286,0.3166666666666666,0.9548052191740212,0.9683390727734263,1.553845498073835
303,A_original,4,intersection,14.213172382778591,21.1110897064209,3.833163261413574,0.070013053715229,8.606728120926354,0.4840703666153994,0.3646589042355295,0.2666666666666666,0.890642200699789,0.8768962913940498,0.4840382389146542
303,A_original,5,merge,18.52788575490316,8.306132793426514,4.527238368988037,0.0498914681375026,2.493364561282926,2.252915124335361,0.0916197691925008,0.2333333333333333,0.950075822590908,0.9648567665713907,2.252910269268128
303,A_original,6,intersection,14.294967651367188,17.622713088989258,3.937145709991455,0.0573154874145984,6.876440554923482,0.567045686061163,0.6659892843005165,0.8166666666666667,0.9186301831378324,0.8941788481004482,0.5670379149569009
303,A_original,7,merge,14.749224874708387,10.76456748114692,4.136398792266846,0.0578114613890647,5.817133784906732,0.7207139088976362,0.6117941925786297,0.4666666666666666,0.9382344708035424,0.9439629293591778,0.7207154704223158
303,A_original,8,intersection,13.504277759128149,18.07278060913086,3.616611003875733,0.0630580335855484,7.356150721775161,0.6321354181851295,0.6065549067898209,0.7,0.9354996379557868,0.8874721843039354,0.63216930503371
303,A_original,9,merge,18.25193246205648,11.034533818562826,4.693814277648926,0.0569287948310375,5.158245165596406,1.1871806590292058,0.4811889764735763,0.3666666666666667,0.9265743233325588,0.8972742313911464,1.1871742644288166
303,A_original,10,intersection,13.229979621039496,14.448647287156849,3.508962392807007,0.0600028932094574,6.433183146036334,0.0188861981372134,0.935352567351128,0.9166666666666666,0.8870183262638386,0.8732850108882353,0.0189310167779472
303,A_original,11,merge,16.039619233873154,9.590817557440865,4.274463653564453,0.0566997900605201,4.356781548394098,1.2550099854200758,0.5563166630818007,0.6333333333333333,0.9628601740120476,0.9764644539115092,1.2550015170622004
303,A_original,12,intersection,14.919008149041067,16.984679010179306,4.24287223815918,0.0714467018842697,6.948255709111691,4.906801497835835e-05,0.8589046352744933,0.9,0.8998633566836421,0.8854085954434698,6.775150247124912e-06
303,A_original,13,merge,17.852958149380154,11.452046500311958,4.811539173126221,0.0504248365759849,4.762944459103875,1.2580124401675603,0.5223199283142878,0.3,0.9503830778149628,0.9679521498620892,1.2580034815213412
303,A_original,14,intersection,14.62088351779514,16.901256561279297,3.974442005157471,0.0508443973958492,7.301842681980795,1.5496271100169865,0.740145529416779,0.7166666666666667,0.890818753233341,0.879991674684748,1.5496030348868783
303,A_original,15,merge,19.683380338880752,8.820748488108316,4.733477115631104,0.0483570359647274,3.690743187583155,4.547685124902436,0.097384458676696,0.3,0.9487728147830712,0.9679521498620892,4.547689777492107
303,B_factorial,0,intersection,3.190280728869968,4.912297089894612,1.7712481021881104,0.0631918907165527,1.9546969218055403,0.1220208885397285,0.9602862654795618,0.95,0.9823848205579562,0.9711765074565664,0.0702728449713716
303,B_factorial,1,merge,12.720455010732016,6.912699911329481,1.1800673007965088,0.0517519898712635,3.6483952301078375,3.622265127609885,0.0888499151833081,0.15,0.9748013617309824,0.9776252226455208,3.4811748406691283
303,B_factorial,2,intersection,2.8094201816452875,5.113153086768256,1.174744963645935,0.0578421056270599,0.4263549947573077,0.1100839310882798,0.9644224260281098,0.9833333333333332,0.9645416719646328,0.9622772804958092,0.0321017825934672
303,B_factorial,3,merge,8.72460216946072,6.186690595414904,1.0082721710205078,0.0539075285196304,1.6746354756255943,1.5381324426403908,0.2443187643252433,0.5166666666666667,0.9663478396558308,0.96498574087517,1.553845498073835
303,B_factorial,4,intersection,2.497276716762119,4.575944317711724,1.2109246253967283,0.0655058622360229,2.3852803245683507,0.5326805769945216,0.4275305772609604,0.2833333333333333,0.968881008005242,0.9642118950524956,0.4840382389146542
303,B_factorial,5,merge,11.70300817489624,5.791823599073622,1.151364803314209,0.0516027733683586,2.832821429106924,2.280985962411521,0.0090833259145211,0.3999999999999999,0.9620581224275764,0.9684680470772056,2.252910269268128
303,B_factorial,6,intersection,3.194253272480435,3.224595652686225,1.3775393962860107,0.0619907118380069,1.0551684657401508,0.6291233735616294,0.8236335987878481,0.9333333333333332,0.9707923729535488,0.9655016380902864,0.5670379149569009
303,B_factorial,7,merge,6.2329889800813465,6.5263722737630205,0.7812572717666626,0.0571498461067676,3.581081184678608,0.8463906731560621,0.4980455596984467,0.3666666666666667,0.957269649490702,0.9631801006222628,0.7207154704223158
303,B_factorial,8,intersection,2.3139902684423657,4.082527319590251,0.8490431904792786,0.0628427416086196,1.6274451055129364,0.5769904411562454,0.7803693611292892,0.8833333333333333,0.9586045557996116,0.9671783040394144,0.63216930503371
303,B_factorial,9,merge,10.102351678742302,6.372078895568848,1.2729616165161133,0.0542667023837566,3.189744208885564,1.1270272422615542,0.5458097203281006,0.5166666666666667,0.9800991856606338,0.977496248341742,1.1871742644288166
303,B_factorial,10,intersection,2.2942296928829617,5.774412949879964,0.7479386925697327,0.0620499327778816,0.3477797590361702,0.0604249014515638,0.9258292149588851,0.9,0.954476751943694,0.9625352291033672,0.0189310167779472
303,B_factorial,11,merge,8.330659826596579,6.042075898912218,0.7890254855155945,0.0533935353159904,2.6121776789426807,1.2139756161733952,0.5270008986346335,0.5666666666666667,0.9619071752263336,0.9604716402429018,1.2550015170622004
303,B_factorial,12,intersection,4.009888331095378,3.529605256186591,1.7348308563232422,0.073748879134655,0.8990158529579642,0.0778973199871443,0.904765199434302,0.9,0.9786641236080704,0.9661465096091818,6.775150247124912e-06
303,B_factorial,13,merge,9.149192604753706,6.88767867618137,1.373836636543274,0.0505512282252311,3.0815650161107384,1.2766333350027104,0.5244634066282785,0.5333333333333333,0.978006278089404,0.9777541969493002,1.2580034815213412
303,B_factorial,14,intersection,2.58386931154463,3.537750005722046,1.3710947036743164,0.0561109185218811,2.035067565888166,1.6260681603507918,0.789445260541629,0.8499999999999999,0.9749691366142887,0.9704026616338918,1.5496030348868783
303,B_factorial,15,merge,12.455721378326416,5.531226767434014,1.2548365592956543,0.0517266206443309,4.860749771363205,4.70433374434268,-0.0189309414742006,0.0833333333333333,0.9788486559429118,0.974787787962381,4.547689777492107
303,C_difference,0,intersection,2.5494419071409435,3.720045142703586,1.287232756614685,0.0633643344044685,1.9481246006406017,0.0834608038991795,0.9621679642355744,0.9833333333333332,0.9960827960911932,0.9836870149231384,0.0702728449713716
303,C_difference,1,merge,12.210337585873074,6.438548511928982,1.124486207962036,0.0529424883425235,4.773885991482271,3.532983269463591,0.1500645852575065,0.15,0.994581722948117,0.994262907833024,3.4811748406691283
303,C_difference,2,intersection,2.129115263621012,3.2984670533074274,1.1580933332443235,0.0582176260650157,0.6388845586197244,0.0604033007351906,0.9679448222501682,0.95,0.9957595470104788,0.9883300898591856,0.0321017825934672
303,C_difference,3,merge,7.41306542025672,6.174434847301907,1.1099036931991575,0.0551903843879699,2.4200632825824946,1.5464775557386483,0.2356726520085119,0.5166666666666667,0.9927285958731192,0.974658813658602,1.553845498073835
303,C_difference,4,intersection,1.9524210294087727,3.203920841217041,1.2513651847839355,0.06474020332098,2.0775204274555046,0.4969582829763709,0.450159731665773,0.2666666666666666,0.995818439995019,0.9883300898591856,0.4840382389146542
303,C_difference,5,merge,11.285560925801596,6.052499665154351,1.095723271369934,0.0537736751139164,4.736492311797209,2.26306393179068,0.0122322122775639,0.3999999999999999,0.9924711254774562,0.9903936787196512,2.252910269268128
303,C_difference,6,intersection,2.635526339213053,2.3471975458992853,1.1919292211532593,0.0612505339086055,0.8427874503946965,0.5890606780775488,0.8330344990942997,0.8666666666666667,0.9949736796121336,0.988845987074302,0.5670379149569009
303,C_difference,7,merge,5.858838339646657,4.7764614423116045,1.1029841899871826,0.0535828024148941,1.6116439754019185,0.7615704856207989,0.5387913099059729,0.3666666666666667,0.9912956102456428,0.9793018885946492,0.7207154704223158
303,C_difference,8,intersection,1.8583148850335016,4.0213533242543535,1.1626508235931396,0.0611610263586044,1.5552298437803984,0.6120096973831061,0.7641085270470245,0.8166666666666667,0.9957526386683382,0.9909095759347676,0.63216930503371
303,C_difference,9,merge,9.472667151027256,5.347262541453044,1.21095609664917,0.0520596504211425,1.5211303757876162,1.1641013403830394,0.5270212747248101,0.5166666666666667,0.9910724670658388,0.9937470106179076,1.1871742644288166
303,C_difference,10,intersection,2.0800371964772544,4.288080745273167,1.1254267692565918,0.0613314621150493,0.5621290779776048,0.010443674131613,0.9290271318520082,0.9333333333333332,0.994293251853394,0.9898777815045348,0.0189310167779472
303,C_difference,11,merge,8.212284564971924,5.262997812694973,1.1050862073898315,0.0518442429602146,1.2600269417050811,1.238790651948532,0.5190437345941146,0.5666666666666667,0.9934435569695976,0.9787859913795328,1.2550015170622004
303,C_difference,12,intersection,3.6296759446462,2.216963079240587,1.3093855381011963,0.0734807476401329,0.7992711098740499,0.0261237768015721,0.910470555477464,0.9333333333333332,0.9953989262134016,0.9883300898591856,6.775150247124912e-06
303,C_difference,13,merge,8.998793760935465,5.47230699327257,1.196277737617493,0.049704547971487,1.536711138909062,1.2634568189869702,0.527992795459853,0.5333333333333333,0.9895415524280464,0.9883300898591856,1.2580034815213412
303,C_difference,14,intersection,2.1356184548801846,2.851906564500597,1.2459434270858765,0.0560829527676105,1.726657748685943,1.5733926463533692,0.8143331561995989,0.8166666666666667,0.9962479240634936,0.9911675245423258,1.5496030348868783
303,C_difference,15,merge,11.984587775336372,4.972051938374837,1.171818733215332,0.0529856532812118,7.033451441178719,4.604341469722485,0.0509370888751921,0.0333333333333333,0.9934067069102264,0.9780121455568582,4.547689777492107
303,independent,0,intersection,4.381360464625889,6.20150629679362,2.492790699005127,0.0636424720287323,3.380507103204728,0.0702727743989493,0.9822843594322016,1.0,0.9923701735785712,0.9632932661238206,0.0702728449713716
303,independent,1,merge,11.90632184346517,7.640550083584255,2.605041742324829,0.0479516386985778,4.190467325432433,3.4811748631739965,0.1793605073786081,0.15,0.9972987267933756,0.9961225281116712,3.4811748406691283
303,independent,2,intersection,3.8191296524471703,4.836659325493707,2.221978187561035,0.0589529201388359,1.8653653168181576,0.0321017333368588,0.9970527122513786,0.9666666666666668,0.9931136707833718,0.9682047305157035,0.0321017825934672
303,independent,3,merge,8.669959439171684,5.256000518798828,2.527226448059082,0.0551910437643528,1.95826809293694,1.553845510290192,0.2633301178095463,0.4666666666666666,0.9961849522097422,0.9870750937055706,1.553845498073835
303,independent,4,intersection,3.146435115072462,9.346573723687063,1.7819726467132568,0.0659495070576667,3.809887658705314,0.4840382536780729,0.4382257670036924,0.1999999999999999,0.9935050466728174,0.9870750937055706,0.4840382389146542
303,independent,5,merge,10.989035076565212,6.867683463626438,2.333688497543335,0.0490926466882228,3.9672149942318606,2.2529102814075754,0.0528855626505995,0.3333333333333333,0.9973509150620524,1.0,2.252910269268128
303,independent,6,intersection,3.698541813426548,6.236377663082546,2.1502795219421387,0.0617405138909816,2.3693573150700997,0.5670379850682553,0.8138754707898722,0.8499999999999999,0.992274902743182,0.9798371461806904,0.5670379149569009
303,independent,7,merge,5.728395011689928,8.199434969160292,1.502802848815918,0.0601077117025852,1.9309526189002728,0.7207155098613276,0.5940199153244802,0.4666666666666666,0.9967804012465,0.993020550601008,0.7207154704223158
303,independent,8,intersection,2.9111164940728083,5.933232890235053,1.651572823524475,0.063524030148983,2.639925117161539,0.6321693542367721,0.7424933320938749,0.7833333333333333,0.99138581817413,0.9819051311877988,0.63216930503371
303,independent,9,merge,9.339494864145914,8.677717897627089,2.371460199356079,0.0576829239726066,1.823717468380928,1.1871742412337305,0.5154661484737988,0.4666666666666666,0.9973439853395124,0.9798371461806904,1.1871742644288166
303,independent,10,intersection,3.310105986065335,4.333155128690931,1.889397382736206,0.0640600100159645,1.4868310330145889,0.0189310135515669,0.9637306229065744,0.9666666666666668,0.9942358594053632,0.9940545431045624,0.0189310167779472
303,independent,11,merge,7.783442258834839,7.580185148451063,1.8425830602645876,0.0569558814167976,1.635057169844707,1.255001508839926,0.5438190240146316,0.5,0.9986457444161398,0.9819051311877988,1.2550015170622004
303,independent,12,intersection,4.591368509663476,5.78649722205268,2.565948963165283,0.0741125270724296,2.178628562092781,6.813370232181184e-06,0.9146527595567449,0.9666666666666668,0.9935816869075976,0.9682047305157035,6.775150247124912e-06
303,independent,13,merge,8.923253377278646,9.240912755330404,2.477287530899048,0.0500575900077819,2.091409936679734,1.2580034794771957,0.5431366707730694,0.5166666666666667,0.9990438109133182,0.9979320149928912,1.2580034815213412
303,independent,14,intersection,3.649614440070258,5.44274918238322,2.098140239715576,0.0555143952369689,3.457366473989355,1.549603013668681,0.818203162955131,0.7333333333333334,0.9951492211828522,0.9891430787126791,1.5496030348868783
303,independent,15,merge,11.823323567708334,7.435642825232612,2.6046457290649414,0.0477707050740718,6.189576346675555,4.547689789223222,0.0929378986006785,0.0833333333333333,0.9993117952152826,0.9979320149928912,4.547689777492107
303,privileged,0,intersection,4.903374234835307,3.9176024066077337,2.3719794750213623,0.0632752180099487,3.189562711384561,0.0288699298864301,0.9757517748008904,0.9833333333333332,0.9455082601762596,0.9616324089769136,0.0702728449713716
303,privileged,1,merge,12.74632363849216,6.738611433241102,1.809986352920532,0.0502471923828125,3.545920960373349,3.4741699390241574,0.1828971873176291,0.1833333333333333,0.9644620298814792,0.9705316359376708,3.4811748406691283
303,privileged,2,intersection,3.458920849694146,3.6864417923821344,1.7540132999420166,0.0587689727544784,1.626930795576837,0.0266575381118668,0.9829563847655088,0.95,0.9869770391160078,0.9835580406193594,0.0321017825934672
303,privileged,3,merge,9.716724236806234,5.493952141867744,1.625789761543274,0.0549097284674644,1.7691852189269337,1.5508786448560636,0.2432803964313773,0.4666666666666666,0.9531692177098576,0.9491219015103416,1.553845498073835
303,privileged,4,intersection,3.730412112341986,6.02709166208903,1.8261889219284055,0.0672217831015586,3.673042281468709,0.4476996100639143,0.4721366352630746,0.2666666666666666,0.9677255647695584,0.9509275417632488,0.4840382389146542
303,privileged,5,merge,12.132705582512749,5.414394352171156,1.6163952350616455,0.0498383715748786,2.942977894875738,2.24693588810808,0.0287133461423786,0.3333333333333333,0.9231554503876296,0.9353216510059786,2.252910269268128
303,privileged,6,intersection,3.947954773902893,4.501176039377849,1.9851844310760496,0.0593892186880111,1.7398425440324672,0.556701447391748,0.8371904954863225,0.8666666666666667,0.9858719372461736,0.9849767579609292,0.5670379149569009
303,privileged,7,merge,6.732929282718235,7.510783937242296,1.268441677093506,0.0605147890746593,3.616328513208364,0.7136959039804432,0.5667552181447156,0.3666666666666667,0.9792672460983968,0.96640445821674,0.7207154704223158
303,privileged,8,intersection,2.8206372790866427,4.39383339881897,1.5899869203567505,0.0611664354801178,2.39881744446026,0.672862609752515,0.7518862973427809,0.8166666666666667,0.9926344716937882,0.9879431669478485,0.63216930503371
303,privileged,9,merge,10.522023876508078,7.295666058858235,1.9415943622589111,0.0567870996892452,3.3448199034896167,1.1895130677500645,0.5195630924610155,0.5166666666666667,0.9694193873173124,0.980462657328661,1.1871742644288166
303,privileged,10,intersection,2.742394381099277,3.961358308792114,1.5267821550369265,0.0620753280818462,1.2732818952699505,0.0589651616186922,0.9438608300555208,0.9333333333333332,0.9759671250230512,0.9680811241658682,0.0189310167779472
303,privileged,11,merge,8.759853177600437,6.001354058583577,1.3320691585540771,0.0556805878877639,2.722058727741242,1.2559261212794024,0.5219809633247594,0.6,0.9859206302653046,0.9705316359376708,1.2550015170622004
303,privileged,12,intersection,5.142264948950873,4.278742578294542,2.3644356727600098,0.0718858987092971,1.835955130490992,0.044668264714733,0.9148467693874094,0.9333333333333332,0.9766773121802746,0.9812365031513356,6.775150247124912e-06
303,privileged,13,merge,10.251399993896484,8.026628176371256,2.0437498092651367,0.0501111298799514,3.241129712661108,1.261008509469489,0.5353557181845847,0.5333333333333333,0.9277794274994102,0.9336449850568505,1.2580034815213412
303,privileged,14,intersection,4.1934685707092285,4.330580287509495,2.017223596572876,0.0532436035573482,2.700065978815158,1.5164494203059156,0.8363778702532141,0.8166666666666667,0.9626610993987864,0.9522172848010398,1.5496030348868783
303,privileged,15,merge,12.83626784218682,5.32947497897678,1.930694341659546,0.0500239841639995,4.776325637780958,4.538186540058421,0.0921763639672464,0.0333333333333333,0.9413589894173384,0.945639595308306,4.547689777492107
303,D_pairwise,0,intersection,4.451003524992201,4.939407719506158,2.1598496437072754,0.061823982745409,3.421674761325121,0.0946257444748507,0.9763555536808513,0.9666666666666668,0.9558910164841976,0.9723372761905782,0.0702728449713716
303,D_pairwise,1,merge,11.74769597583347,6.4078090455796985,1.7992353439331057,0.0523719824850559,3.392006580233574,3.578134353490894,0.1163795753732077,0.15,0.977350488381029,0.9821393232777892,3.4811748406691283
303,D_pairwise,2,intersection,3.6833845244513617,3.5536535845862494,1.714228868484497,0.0563921444118022,1.8690270231001904,0.0765967228965403,0.9861691105245916,0.9666666666666668,0.9740102415477716,0.9754326594812766,0.0321017825934672
303,D_pairwise,3,merge,7.654048416349623,4.209354718526204,1.5512800216674805,0.0619817152619361,2.203499563601282,1.5437063418571912,0.2537962827558698,0.5166666666666667,0.9875873075082804,0.9862665009987202,1.553845498073835
303,D_pairwise,4,intersection,3.500752157635159,7.381381193796794,1.7644957304000854,0.063235804438591,3.6026387607554597,0.5050905097001026,0.4386198751257271,0.2833333333333333,0.958468928899678,0.9676942012545308,0.4840382389146542
303,D_pairwise,5,merge,10.866379525926378,4.84734214676751,1.5238579511642456,0.0541192144155502,2.476668471346299,2.27152509508524,0.0270188930198411,0.3999999999999999,0.9775705276243316,0.9816234260626728,2.252910269268128
303,D_pairwise,6,intersection,4.227815734015571,5.1031407780117455,1.9244009256362915,0.0579665675759315,1.869104015909963,0.6071543926947103,0.8219268850241154,0.8666666666666667,0.9648965866962708,0.9759485566963928,0.5670379149569009
303,D_pairwise,7,merge,5.656529969639248,7.14189010196262,1.3713515996932983,0.0576027780771255,3.215057282216019,0.8123794045248359,0.5347557047524575,0.35,0.9789919801028464,0.9679521498620892,0.7207154704223158
303,D_pairwise,8,intersection,2.7170405122968884,5.267340183258057,1.5868847370147705,0.0593555457890033,2.5872512364387514,0.5998894586890615,0.7670532547919302,0.8166666666666667,0.97772092719145,0.979043939987091,0.63216930503371
303,D_pairwise,9,merge,9.33320559395684,7.375614113277859,1.965317964553833,0.0547776706516742,3.1042421293755376,1.1431598799332217,0.5403608862986148,0.4666666666666666,0.9687159259819168,0.9718213789754616,1.1871742644288166
303,D_pairwise,10,intersection,2.6678477790620594,3.5883418454064264,1.5428016185760498,0.0578811913728714,1.593853217909733,0.0298860109585324,0.9500744433523156,0.9333333333333332,0.9799671706719306,0.9764644539115092,0.0189310167779472
303,D_pairwise,11,merge,7.672813879119025,6.147919813791911,1.30308735370636,0.0575785525143146,2.6742402797606264,1.2262669609723982,0.5414333077815184,0.5666666666666667,0.9827947889562688,0.9700157387225544,1.2550015170622004
303,D_pairwise,12,intersection,5.422616455290052,5.117146809895833,2.282499074935913,0.0721101462841034,2.0854590558509027,0.0478896815074664,0.9155584727787126,0.9333333333333332,0.9541200365780876,0.9754326594812766,6.775150247124912e-06
303,D_pairwise,13,merge,8.72205564710829,8.0109420882331,1.9904167652130127,0.0497437268495559,3.1044581068389943,1.271103533657448,0.5345178121187113,0.5333333333333333,0.9666844159254098,0.9713054817603456,1.2580034815213412
303,D_pairwise,14,intersection,3.700054062737359,4.605350653330485,1.8577102422714236,0.0518636964261531,3.0435932462248534,1.59584331416298,0.8071880063165701,0.8499999999999999,0.9655119337785876,0.9764644539115092,1.5496030348868783
303,D_pairwise,15,merge,11.600904067357382,5.673105822669135,1.8356198072433472,0.0525346212089061,4.49592375934124,4.655477536047745,0.0153033214238169,0.0833333333333333,0.973028121818808,0.9744008650510438,4.547689777492107
