seed,model,family_id,scenario,pearson,spearman,top10_overlap,regret,selected_percentile,rank_agreement
101,A_original,0,intersection,0.820327062489436,0.8348813209494325,1.0,0.0,0.0,0.8300653594771242
101,A_original,1,merge,-0.0884890103459015,-0.0567595459236326,0.0,9.018879566788677,76.47058823529412,0.477124183006536
101,A_original,2,intersection,0.8745728498649189,0.8307533539731682,1.0,0.0,0.0,0.8366013071895425
101,A_original,3,merge,0.2063113875631383,0.3993808049535604,1.0,0.0,0.0,0.6535947712418301
101,A_original,4,intersection,0.3034934841655983,0.2342621259029927,0.5,1.4296642771363262,82.3529411764706,0.6013071895424836
101,A_original,5,merge,-0.0571095903063877,0.2074303405572755,0.5,1.4056093356013308,23.529411764705884,0.5751633986928104
101,A_original,6,intersection,0.6913138314609839,0.7420020639834881,0.5,0.0,0.0,0.7973856209150327
101,A_original,7,merge,0.2192319247517296,0.2693498452012384,0.5,2.121390724033118,23.529411764705884,0.6078431372549019
101,A_original,8,intersection,0.6974250459226121,0.8369453044375645,0.5,0.0,0.0,0.8300653594771242
101,A_original,9,merge,0.5858507382981346,0.6243550051599587,1.0,0.0,0.0,0.7647058823529411
101,A_original,10,intersection,0.842691597244981,0.7894736842105263,0.5,0.0,0.0,0.803921568627451
101,A_original,11,merge,0.3455518689718201,0.3168214654282766,0.5,0.0,0.0,0.6143790849673203
101,A_original,12,intersection,0.7831805255152076,0.8575851393188855,1.0,0.0,0.0,0.8627450980392157
101,A_original,13,merge,0.3157802296600717,0.4282765737874097,1.0,0.217461493313313,5.882352941176471,0.673202614379085
101,A_original,14,intersection,0.620877153616572,0.5686274509803922,1.0,0.0,0.0,0.7124183006535948
101,A_original,15,merge,-0.2054830035852569,-0.1351909184726522,0.0,9.493793318271637,76.47058823529412,0.4640522875816993
101,B_factorial,0,intersection,0.8706814147148523,0.8493292053663571,1.0,0.0,0.0,0.8496732026143791
101,B_factorial,1,merge,0.1628606563818058,0.0794633642930856,0.0,9.018879566788677,76.47058823529412,0.5294117647058824
101,B_factorial,2,intersection,0.9232358405930792,0.9050567595459236,0.5,0.0,0.0,0.8888888888888888
101,B_factorial,3,merge,0.1701128498808243,0.3725490196078431,1.0,0.0,0.0,0.6535947712418301
101,B_factorial,4,intersection,0.3908873624997277,0.2961816305469556,0.5,1.4296642771363262,82.3529411764706,0.6143790849673203
101,B_factorial,5,merge,-0.050958921417273,0.2321981424148606,0.5,1.4056093356013308,23.529411764705884,0.5882352941176471
101,B_factorial,6,intersection,0.7548985538942343,0.7915376676986584,1.0,0.0,0.0,0.8300653594771242
101,B_factorial,7,merge,0.3409145999178013,0.2961816305469556,0.0,2.121390724033118,23.529411764705884,0.6339869281045751
101,B_factorial,8,intersection,0.7112511578380919,0.8080495356037152,1.0,0.0,0.0,0.8300653594771242
101,B_factorial,9,merge,0.537406202043268,0.5706914344685242,1.0,0.0,0.0,0.7450980392156863
101,B_factorial,10,intersection,0.8789316788170883,0.869969040247678,0.5,0.0,0.0,0.869281045751634
101,B_factorial,11,merge,0.3047301513743299,0.3890608875128998,0.5,0.0,0.0,0.6601307189542484
101,B_factorial,12,intersection,0.8353446794189471,0.9360165118679052,0.5,0.0,0.0,0.915032679738562
101,B_factorial,13,merge,0.3278112483661925,0.4736842105263157,1.0,0.217461493313313,5.882352941176471,0.6993464052287581
101,B_factorial,14,intersection,0.7144196392060856,0.6305469556243549,1.0,0.0,0.0,0.7516339869281046
101,B_factorial,15,merge,0.0569058408601221,0.0113519091847265,0.0,9.493793318271637,76.47058823529412,0.5098039215686274
101,C_difference,0,intersection,0.8320221545654515,0.8390092879256965,1.0,0.0,0.0,0.8235294117647058
101,C_difference,1,merge,0.1967007609472922,0.0939112487100103,0.0,9.018879566788677,76.47058823529412,0.5228758169934641
101,C_difference,2,intersection,0.877286035980039,0.8679050567595459,0.5,0.0,0.0,0.8431372549019608
101,C_difference,3,merge,0.1644156997250829,0.3085655314757482,1.0,0.0,0.0,0.6078431372549019
101,C_difference,4,intersection,0.3892919984509999,0.3250773993808049,0.5,1.4296642771363262,82.3529411764706,0.6274509803921569
101,C_difference,5,merge,-0.0412750735197099,0.1661506707946336,0.5,1.4056093356013308,23.529411764705884,0.5555555555555556
101,C_difference,6,intersection,0.7329752497141838,0.7729618163054695,1.0,0.0,0.0,0.8169934640522876
101,C_difference,7,merge,0.3388071372345216,0.2631578947368421,0.0,2.121390724033118,23.529411764705884,0.5882352941176471
101,C_difference,8,intersection,0.6778211959259927,0.8183694530443757,1.0,0.0,0.0,0.8300653594771242
101,C_difference,9,merge,0.4908561862763642,0.564499484004128,1.0,0.0,0.0,0.7320261437908496
101,C_difference,10,intersection,0.8334782115359273,0.8121775025799793,0.5,0.0,0.0,0.8169934640522876
101,C_difference,11,merge,0.2791660425479991,0.3622291021671827,0.5,0.0,0.0,0.6535947712418301
101,C_difference,12,intersection,0.7892973702532925,0.8823529411764706,0.5,0.0,0.0,0.869281045751634
101,C_difference,13,merge,0.3249419022850987,0.3869969040247678,1.0,0.217461493313313,5.882352941176471,0.6535947712418301
101,C_difference,14,intersection,0.6973378586039144,0.6573787409700722,1.0,0.0,0.0,0.7516339869281046
101,C_difference,15,merge,0.1104914333362616,-0.0113519091847265,0.0,9.493793318271637,76.47058823529412,0.4901960784313725
101,independent,0,intersection,0.9079530147337788,0.8596491228070176,0.5,0.0,0.0,0.8431372549019608
101,independent,1,merge,0.2079267965479686,0.1042311661506708,0.0,9.018879566788677,76.47058823529412,0.5424836601307189
101,independent,2,intersection,0.9698666518909914,0.933952528379773,1.0,0.0,0.0,0.9084967320261438
101,independent,3,merge,0.1964845144288272,0.3374613003095975,1.0,0.0,0.0,0.6339869281045751
101,independent,4,intersection,0.4281569170684887,0.3147574819401444,0.5,1.4296642771363262,82.3529411764706,0.6274509803921569
101,independent,5,merge,-0.0163170031837711,0.1909184726522187,0.5,1.4056093356013308,23.529411764705884,0.5686274509803921
101,independent,6,intersection,0.7816828167462863,0.8617131062951496,1.0,0.0,0.0,0.8627450980392157
101,independent,7,merge,0.3922853798575391,0.3250773993808049,0.0,2.121390724033118,23.529411764705884,0.6405228758169934
101,independent,8,intersection,0.7155934938619103,0.8761609907120743,1.0,0.0,0.0,0.8758169934640523
101,independent,9,merge,0.518271468990967,0.5686274509803922,1.0,0.0,0.0,0.738562091503268
101,independent,10,intersection,0.9214115993772168,0.87203302373581,0.5,0.0,0.0,0.8562091503267973
101,independent,11,merge,0.3340075557946109,0.3890608875128998,0.5,0.0,0.0,0.6666666666666666
101,independent,12,intersection,0.8581170397154146,0.9236326109391124,0.5,0.0,0.0,0.9019607843137256
101,independent,13,merge,0.3651152334334552,0.457172342621259,1.0,0.217461493313313,5.882352941176471,0.6928104575163399
101,independent,14,intersection,0.762825012470814,0.7213622291021672,1.0,0.0,0.0,0.7908496732026143
101,independent,15,merge,0.1159945259009045,-0.0051599587203302,0.0,9.493793318271637,76.47058823529412,0.5032679738562091
101,privileged,0,intersection,0.838709843985616,0.7894736842105263,1.0,0.0,0.0,0.7973856209150327
101,privileged,1,merge,0.2141498882078066,0.0959752321981424,0.0,9.018879566788677,76.47058823529412,0.5294117647058824
101,privileged,2,intersection,0.9047682858671904,0.8679050567595459,0.5,0.0,0.0,0.8496732026143791
101,privileged,3,merge,0.1421177871988521,0.2590299277605778,1.0,0.0,0.0,0.6078431372549019
101,privileged,4,intersection,0.4003906563689907,0.2631578947368421,0.5,1.4296642771363262,82.3529411764706,0.6013071895424836
101,privileged,5,merge,-0.0551366412171107,0.1558307533539731,0.5,1.4056093356013308,23.529411764705884,0.5620915032679739
101,privileged,6,intersection,0.7671485885922644,0.7977296181630547,1.0,0.0,0.0,0.8366013071895425
101,privileged,7,merge,0.3489497084253408,0.2693498452012384,0.0,2.121390724033118,23.529411764705884,0.5816993464052288
101,privileged,8,intersection,0.6988792229651266,0.8204334365325078,1.0,0.0,0.0,0.8366013071895425
101,privileged,9,merge,0.4907251246728894,0.543859649122807,1.0,0.0,0.0,0.7254901960784313
101,privileged,10,intersection,0.8455496548147263,0.8142414860681115,0.5,0.0,0.0,0.8366013071895425
101,privileged,11,merge,0.268372291166671,0.3126934984520124,0.5,0.0,0.0,0.6274509803921569
101,privileged,12,intersection,0.8163406152078613,0.9009287925696594,0.5,0.0,0.0,0.8758169934640523
101,privileged,13,merge,0.3234657237129977,0.3931888544891641,1.0,0.217461493313313,5.882352941176471,0.6666666666666666
101,privileged,14,intersection,0.7200577618635918,0.6491228070175438,1.0,0.0,0.0,0.7581699346405228
101,privileged,15,merge,0.1210028413697204,-0.0113519091847265,0.0,9.493793318271637,76.47058823529412,0.4836601307189542
101,D_pairwise,0,intersection,0.6891899469741418,0.5170278637770898,0.5,0.0,0.0,0.7124183006535948
101,D_pairwise,1,merge,0.1871961747992607,0.1475748194014448,0.0,9.018879566788677,76.47058823529412,0.5424836601307189
101,D_pairwise,2,intersection,0.7944518009203779,0.7007223942208461,1.0,0.0,0.0,0.803921568627451
101,D_pairwise,3,merge,0.129398275723188,0.2383900928792569,1.0,0.0,0.0,0.5947712418300654
101,D_pairwise,4,intersection,0.3071486310517493,0.1909184726522187,0.5,1.4296642771363262,82.3529411764706,0.5751633986928104
101,D_pairwise,5,merge,-0.0439993746894503,0.1393188854489164,0.5,1.4056093356013308,23.529411764705884,0.5555555555555556
101,D_pairwise,6,intersection,0.6686870398799099,0.6738906088751291,1.0,0.0,0.0,0.7647058823529411
101,D_pairwise,7,merge,0.3413936489158189,0.3395252837977295,0.0,2.121390724033118,23.529411764705884,0.6339869281045751
101,D_pairwise,8,intersection,0.6272371581354145,0.7069143446852425,1.0,0.0,0.0,0.7712418300653595
101,D_pairwise,9,merge,0.439866114043844,0.5521155830753354,1.0,0.0,0.0,0.7254901960784313
101,D_pairwise,10,intersection,0.7366101436729491,0.6099071207430341,0.5,0.0,0.0,0.7450980392156863
101,D_pairwise,11,merge,0.2665968268544932,0.3250773993808049,0.5,0.0,0.0,0.6339869281045751
101,D_pairwise,12,intersection,0.7005749287956827,0.7316821465428276,1.0,0.0,0.0,0.7908496732026143
101,D_pairwise,13,merge,0.3023630344734052,0.3808049535603715,1.0,0.217461493313313,5.882352941176471,0.6601307189542484
101,D_pairwise,14,intersection,0.5904784692927918,0.5170278637770898,1.0,0.0,0.0,0.7058823529411765
101,D_pairwise,15,merge,0.0974321528119659,0.0629514963880289,0.0,9.493793318271637,76.47058823529412,0.5098039215686274
202,A_original,0,intersection,0.8073893759413091,0.7750257997936018,0.5,0.0,0.0,0.7973856209150327
202,A_original,1,merge,0.1836856313265646,0.1001031991744066,0.0,9.018879566788677,76.47058823529412,0.5294117647058824
202,A_original,2,intersection,0.857003292897227,0.826625386996904,1.0,0.0,0.0,0.8366013071895425
202,A_original,3,merge,0.16750069584093,0.3168214654282766,1.0,0.0,0.0,0.6143790849673203
202,A_original,4,intersection,0.3656009668016378,0.2941176470588235,0.5,1.4296642771363262,82.3529411764706,0.6274509803921569
202,A_original,5,merge,-0.0551725482899093,0.1599587203302373,0.5,1.4056093356013308,23.529411764705884,0.5490196078431373
202,A_original,6,intersection,0.7337516116552686,0.762641898864809,0.5,0.0,0.0,0.8169934640522876
202,A_original,7,merge,0.3321561419903214,0.2776057791537668,0.0,2.121390724033118,23.529411764705884,0.6143790849673203
202,A_original,8,intersection,0.6952654904902651,0.8410732714138286,0.5,0.0,0.0,0.8431372549019608
202,A_original,9,merge,0.5408877828384664,0.564499484004128,1.0,0.0,0.0,0.7254901960784313
202,A_original,10,intersection,0.8148384837204008,0.7667698658410733,0.5,0.0,0.0,0.7908496732026143
202,A_original,11,merge,0.2927386020406792,0.4014447884416924,0.5,0.0,0.0,0.6666666666666666
202,A_original,12,intersection,0.7690968450282945,0.8307533539731682,1.0,0.0,0.0,0.8431372549019608
202,A_original,13,merge,0.319542402671612,0.4055727554179567,1.0,0.217461493313313,5.882352941176471,0.6601307189542484
202,A_original,14,intersection,0.6728881497532854,0.6367389060887513,1.0,0.0,0.0,0.7516339869281046
202,A_original,15,merge,0.083166737687353,-0.0196078431372549,0.0,9.493793318271637,76.47058823529412,0.4836601307189542
202,B_factorial,0,intersection,0.7398497777942117,0.5975232198142414,0.5,0.0,0.0,0.7189542483660131
202,B_factorial,1,merge,0.2081145652150658,0.110423116615067,0.0,9.018879566788677,76.47058823529412,0.5424836601307189
202,B_factorial,2,intersection,0.8207358911975681,0.7275541795665634,1.0,0.0,0.0,0.7973856209150327
202,B_factorial,3,merge,0.1277004618224414,0.3168214654282766,1.0,0.0,0.0,0.6209150326797386
202,B_factorial,4,intersection,0.364815285899874,0.2445820433436532,0.5,1.4296642771363262,82.3529411764706,0.5947712418300654
202,B_factorial,5,merge,-0.055616115381399,0.1785345717234261,0.5,1.4056093356013308,23.529411764705884,0.5686274509803921
202,B_factorial,6,intersection,0.6959169314031084,0.7007223942208461,1.0,0.0,0.0,0.7712418300653595
202,B_factorial,7,merge,0.3321070118465895,0.2714138286893705,0.0,2.121390724033118,23.529411764705884,0.5947712418300654
202,B_factorial,8,intersection,0.6365015210229679,0.7192982456140351,1.0,0.0,0.0,0.7843137254901961
202,B_factorial,9,merge,0.4292444993252887,0.5541795665634675,1.0,0.0,0.0,0.7320261437908496
202,B_factorial,10,intersection,0.7648435364795763,0.6284829721362228,0.5,0.0,0.0,0.7450980392156863
202,B_factorial,11,merge,0.257503204919146,0.4179566563467492,0.5,0.0,0.0,0.6666666666666666
202,B_factorial,12,intersection,0.7295765805694637,0.7316821465428276,0.5,0.0,0.0,0.7777777777777778
202,B_factorial,13,merge,0.3014407487457635,0.3952528379772961,1.0,0.217461493313313,5.882352941176471,0.6666666666666666
202,B_factorial,14,intersection,0.639741030300184,0.5335397316821465,1.0,0.0,0.0,0.7058823529411765
202,B_factorial,15,merge,0.1227514397633025,-0.0134158926728586,0.0,9.493793318271637,76.47058823529412,0.4967320261437908
202,C_difference,0,intersection,0.7612465473839376,0.6945304437564499,0.5,0.0,0.0,0.7712418300653595
202,C_difference,1,merge,0.1383385783451695,-0.0154798761609907,0.0,9.018879566788677,76.47058823529412,0.4967320261437908
202,C_difference,2,intersection,0.8298389599881911,0.7812177502579979,1.0,0.0,0.0,0.8235294117647058
202,C_difference,3,merge,0.130191267708289,0.2549019607843137,1.0,0.0,0.0,0.5882352941176471
202,C_difference,4,intersection,0.341890447245027,0.1867905056759546,0.5,1.4296642771363262,82.3529411764706,0.5620915032679739
202,C_difference,5,merge,-0.0565311129730371,0.1124871001031991,0.5,1.4056093356013308,23.529411764705884,0.5359477124183006
202,C_difference,6,intersection,0.6998140352762835,0.6945304437564499,0.5,0.0,0.0,0.7647058823529411
202,C_difference,7,merge,0.2940620050828024,0.2239422084623323,0.5,2.121390724033118,23.529411764705884,0.5686274509803921
202,C_difference,8,intersection,0.6518189486727828,0.7461300309597524,0.5,0.0,0.0,0.7777777777777778
202,C_difference,9,merge,0.4249246902722368,0.4530443756449948,1.0,0.0,0.0,0.6797385620915033
202,C_difference,10,intersection,0.78304941428785,0.7192982456140351,0.5,0.0,0.0,0.7777777777777778
202,C_difference,11,merge,0.2611984791428939,0.3126934984520124,0.5,0.0,0.0,0.6143790849673203
202,C_difference,12,intersection,0.7397825693210457,0.7812177502579979,1.0,0.0,0.0,0.8169934640522876
202,C_difference,13,merge,0.2956699179468227,0.3415892672858617,1.0,0.217461493313313,5.882352941176471,0.6209150326797386
202,C_difference,14,intersection,0.6378685192218662,0.5252837977296182,1.0,0.0,0.0,0.6862745098039216
202,C_difference,15,merge,0.0477194266676488,-0.087719298245614,0.0,9.493793318271637,76.47058823529412,0.4705882352941176
202,independent,0,intersection,0.9093591010351731,0.9009287925696594,0.5,0.0,0.0,0.869281045751634
202,independent,1,merge,0.2135771197592697,0.1517027863777089,0.5,9.018879566788677,76.47058823529412,0.5686274509803921
202,independent,2,intersection,0.9690506118254564,0.958720330237358,1.0,0.0,0.0,0.934640522875817
202,independent,3,merge,0.2260104514394373,0.3952528379772961,1.0,0.0,0.0,0.6601307189542484
202,independent,4,intersection,0.4308732635234413,0.347781217750258,0.5,1.4296642771363262,82.3529411764706,0.6405228758169934
202,independent,5,merge,0.0114848909115299,0.2569659442724458,0.5,1.4056093356013308,23.529411764705884,0.5947712418300654
202,independent,6,intersection,0.7724666778073723,0.8472652218782251,0.5,0.0,0.0,0.8431372549019608
202,independent,7,merge,0.384730402519407,0.3374613003095975,0.0,2.121390724033118,23.529411764705884,0.6601307189542484
202,independent,8,intersection,0.7092996814336684,0.8617131062951496,0.5,0.0,0.0,0.8562091503267973
202,independent,9,merge,0.4978538458345203,0.543859649122807,0.5,0.0,0.0,0.738562091503268
202,independent,10,intersection,0.9244386401882606,0.8844169246646028,0.5,0.0,0.0,0.869281045751634
202,independent,11,merge,0.366913046950271,0.47781217750258,0.5,0.0,0.0,0.6928104575163399
202,independent,12,intersection,0.8506245251372319,0.933952528379773,1.0,0.0,0.0,0.9215686274509804
202,independent,13,merge,0.3915872372582376,0.4654282765737873,1.0,0.217461493313313,5.882352941176471,0.6928104575163399
202,independent,14,intersection,0.7585762583113209,0.7296181630546955,1.0,0.0,0.0,0.7908496732026143
202,independent,15,merge,0.1194798033246674,0.0278637770897832,0.0,9.493793318271637,76.47058823529412,0.5228758169934641
202,privileged,0,intersection,0.7577728658677555,0.6615067079463364,1.0,0.0,0.0,0.7581699346405228
202,privileged,1,merge,0.176841283437677,0.0175438596491228,0.0,9.018879566788677,76.47058823529412,0.5098039215686274
202,privileged,2,intersection,0.8414120712647256,0.8431372549019607,0.5,0.0,0.0,0.8431372549019608
202,privileged,3,merge,0.1219636026128968,0.3044375644994839,1.0,0.0,0.0,0.6209150326797386
202,privileged,4,intersection,0.353620368039953,0.2115583075335397,0.5,1.4296642771363262,82.3529411764706,0.5751633986928104
202,privileged,5,merge,-0.0617666868155599,0.1207430340557275,0.5,1.4056093356013308,23.529411764705884,0.5555555555555556
202,privileged,6,intersection,0.7097099399575246,0.7358101135190918,1.0,0.0,0.0,0.7973856209150327
202,privileged,7,merge,0.3252188514595645,0.2136222910216718,0.0,2.121390724033118,23.529411764705884,0.5555555555555556
202,privileged,8,intersection,0.6526509855505686,0.7481940144478844,1.0,0.0,0.0,0.8104575163398693
202,privileged,9,merge,0.4350671661675608,0.500515995872033,1.0,0.0,0.0,0.6993464052287581
202,privileged,10,intersection,0.7914992178017729,0.8142414860681115,0.5,0.0,0.0,0.8300653594771242
202,privileged,11,merge,0.2592033286916911,0.3126934984520124,0.5,0.0,0.0,0.6274509803921569
202,privileged,12,intersection,0.7482534724353936,0.8307533539731682,0.5,0.0,0.0,0.8366013071895425
202,privileged,13,merge,0.2984451654932852,0.3869969040247678,1.0,0.217461493313313,5.882352941176471,0.6601307189542484
202,privileged,14,intersection,0.6500623632605065,0.5500515995872033,1.0,0.0,0.0,0.7189542483660131
202,privileged,15,merge,0.0834566626003512,-0.0773993808049535,0.0,9.493793318271637,76.47058823529412,0.4705882352941176
202,D_pairwise,0,intersection,0.8078584102363864,0.8224974200206397,1.0,0.0,0.0,0.8300653594771242
202,D_pairwise,1,merge,0.2146392080939486,0.1166150670794633,0.0,9.018879566788677,76.47058823529412,0.5424836601307189
202,D_pairwise,2,intersection,0.8757829134339389,0.9091847265221876,0.5,0.0,0.0,0.8954248366013072
202,D_pairwise,3,merge,0.1364684414749478,0.281733746130031,1.0,0.0,0.0,0.6143790849673203
202,D_pairwise,4,intersection,0.3900215058011267,0.26109391124871,0.5,1.4296642771363262,82.3529411764706,0.6013071895424836
202,D_pairwise,5,merge,-0.0497662644683148,0.1847265221878225,0.5,1.4056093356013308,23.529411764705884,0.5751633986928104
202,D_pairwise,6,intersection,0.7353397103117376,0.7812177502579979,1.0,0.0,0.0,0.8235294117647058
202,D_pairwise,7,merge,0.3507372593070296,0.3849329205366357,0.5,2.121390724033118,23.529411764705884,0.6405228758169934
202,D_pairwise,8,intersection,0.6697615173496657,0.8204334365325078,1.0,0.0,0.0,0.8300653594771242
202,D_pairwise,9,merge,0.4552252033435149,0.5356037151702786,1.0,0.0,0.0,0.7320261437908496
202,D_pairwise,10,intersection,0.8226097805478298,0.8452012383900928,0.5,0.0,0.0,0.8562091503267973
202,D_pairwise,11,merge,0.2708909909630544,0.3457172342621259,0.5,0.0,0.0,0.6405228758169934
202,D_pairwise,12,intersection,0.7834849141073712,0.9236326109391124,0.5,0.0,0.0,0.9019607843137256
202,D_pairwise,13,merge,0.3146970287045375,0.4117647058823529,1.0,0.217461493313313,5.882352941176471,0.6601307189542484
202,D_pairwise,14,intersection,0.691087057938574,0.6078431372549019,1.0,0.0,0.0,0.738562091503268
202,D_pairwise,15,merge,0.1249874967864107,0.023735810113519,0.0,9.493793318271637,76.47058823529412,0.5032679738562091
303,A_original,0,intersection,0.8223800525981174,0.9215686274509804,1.0,0.0,0.0,0.9019607843137256
303,A_original,1,merge,0.1292181332550547,0.2198142414860681,0.5,9.018879566788677,76.47058823529412,0.5882352941176471
303,A_original,2,intersection,0.8341324390661736,0.8658410732714137,0.5,0.0,0.0,0.8496732026143791
303,A_original,3,merge,0.2440659995965609,0.3168214654282766,0.5,0.0,0.0,0.6339869281045751
303,A_original,4,intersection,0.3557740248046255,0.4613003095975232,0.0,1.4296642771363262,82.3529411764706,0.6666666666666666
303,A_original,5,merge,0.0670770999248559,0.1991744066047472,0.0,1.4056093356013308,23.529411764705884,0.5882352941176471
303,A_original,6,intersection,0.5493117447874344,0.6181630546955624,1.0,0.0,0.0,0.7516339869281046
303,A_original,7,merge,0.3773540076000988,0.434468524251806,0.0,2.121390724033118,23.529411764705884,0.6797385620915033
303,A_original,8,intersection,0.5000321111277547,0.587203302373581,1.0,0.0,0.0,0.7450980392156863
303,A_original,9,merge,0.4120380115730842,0.4901960784313726,0.5,0.0,0.0,0.7124183006535948
303,A_original,10,intersection,0.8384364920627574,0.8204334365325078,1.0,0.0,0.0,0.8300653594771242
303,A_original,11,merge,0.3906072035430142,0.4943240454076367,0.5,0.0,0.0,0.6993464052287581
303,A_original,12,intersection,0.7170626293099892,0.7894736842105263,0.5,0.0,0.0,0.8169934640522876
303,A_original,13,merge,0.3600837264064186,0.3601651186790505,0.5,0.217461493313313,5.882352941176471,0.6535947712418301
303,A_original,14,intersection,0.6260036417183971,0.7234262125902993,0.5,0.0,0.0,0.7712418300653595
303,A_original,15,merge,0.0695387937616258,0.1372549019607843,0.0,9.493793318271637,76.47058823529412,0.5686274509803921
303,B_factorial,0,intersection,0.8866135255508142,0.8782249742002064,0.5,0.0,0.0,0.8496732026143791
303,B_factorial,1,merge,0.1200864686988943,0.0794633642930856,0.0,9.018879566788677,76.47058823529412,0.5294117647058824
303,B_factorial,2,intersection,0.9320639306086256,0.9380804953560372,1.0,0.0,0.0,0.915032679738562
303,B_factorial,3,merge,0.1725535225521745,0.3395252837977295,1.0,0.0,0.0,0.6405228758169934
303,B_factorial,4,intersection,0.3856233295637397,0.3085655314757482,0.5,1.4296642771363262,82.3529411764706,0.6274509803921569
303,B_factorial,5,merge,-0.0636845075337522,0.1950464396284829,0.5,1.4056093356013308,23.529411764705884,0.5751633986928104
303,B_factorial,6,intersection,0.7697038884539054,0.826625386996904,1.0,0.0,0.0,0.8366013071895425
303,B_factorial,7,merge,0.3140117858188562,0.3312693498452013,0.0,2.121390724033118,23.529411764705884,0.6339869281045751
303,B_factorial,8,intersection,0.7376808805662756,0.8679050567595459,1.0,0.0,0.0,0.8562091503267973
303,B_factorial,9,merge,0.569743489024387,0.5933952528379773,1.0,0.0,0.0,0.7581699346405228
303,B_factorial,10,intersection,0.8858210960756623,0.869969040247678,0.5,0.0,0.0,0.8562091503267973
303,B_factorial,11,merge,0.3040018760338184,0.3849329205366357,0.5,0.0,0.0,0.6535947712418301
303,B_factorial,12,intersection,0.8457418414950009,0.913312693498452,0.5,0.0,0.0,0.8888888888888888
303,B_factorial,13,merge,0.3248743510589679,0.4427244582043343,1.0,0.217461493313313,5.882352941176471,0.6862745098039216
303,B_factorial,14,intersection,0.71957501401907,0.7110423116615068,1.0,0.0,0.0,0.7843137254901961
303,B_factorial,15,merge,0.005674869037085,-0.0134158926728586,0.0,9.493793318271637,76.47058823529412,0.4901960784313725
303,C_difference,0,intersection,0.849285549660524,0.8452012383900928,1.0,0.0,0.0,0.8366013071895425
303,C_difference,1,merge,0.1835594394969235,0.1372549019607843,0.0,9.018879566788677,76.47058823529412,0.5490196078431373
303,C_difference,2,intersection,0.905116833048692,0.8968008255933952,0.5,0.0,0.0,0.8758169934640523
303,C_difference,3,merge,0.1537862596911382,0.3044375644994839,1.0,0.0,0.0,0.6209150326797386
303,C_difference,4,intersection,0.4042763889385741,0.3188854489164086,0.5,1.4296642771363262,82.3529411764706,0.6209150326797386
303,C_difference,5,merge,-0.0596059855671749,0.1599587203302373,0.5,1.4056093356013308,23.529411764705884,0.5620915032679739
303,C_difference,6,intersection,0.7602586373835001,0.8039215686274509,1.0,0.0,0.0,0.8366013071895425
303,C_difference,7,merge,0.3362165193984303,0.2961816305469556,0.0,2.121390724033118,23.529411764705884,0.6209150326797386
303,C_difference,8,intersection,0.6966848119353642,0.8183694530443757,1.0,0.0,0.0,0.8366013071895425
303,C_difference,9,merge,0.5089725874912632,0.5562435500515995,1.0,0.0,0.0,0.738562091503268
303,C_difference,10,intersection,0.8578098372114049,0.8513931888544891,0.5,0.0,0.0,0.8562091503267973
303,C_difference,11,merge,0.2879427837255209,0.3415892672858617,0.5,0.0,0.0,0.6405228758169934
303,C_difference,12,intersection,0.8190402557806229,0.9195046439628484,0.5,0.0,0.0,0.9019607843137256
303,C_difference,13,merge,0.3223723938866781,0.4035087719298245,1.0,0.217461493313313,5.882352941176471,0.6601307189542484
303,C_difference,14,intersection,0.7199977606422062,0.6553147574819401,1.0,0.0,0.0,0.7581699346405228
303,C_difference,15,merge,0.0861993362577129,0.001031991744066,0.0,9.493793318271637,76.47058823529412,0.4967320261437908
303,independent,0,intersection,0.905718728038298,0.8761609907120743,1.0,0.0,0.0,0.8627450980392157
303,independent,1,merge,0.207474882884401,0.0959752321981424,0.0,9.018879566788677,76.47058823529412,0.5359477124183006
303,independent,2,intersection,0.9693560180981624,0.9442724458204332,0.5,0.0,0.0,0.9084967320261438
303,independent,3,merge,0.190477965893645,0.3126934984520124,1.0,0.0,0.0,0.6209150326797386
303,independent,4,intersection,0.4257032200919409,0.2652218782249742,0.5,1.4296642771363262,82.3529411764706,0.6013071895424836
303,independent,5,merge,-0.0216427171994297,0.1599587203302373,0.5,1.4056093356013308,23.529411764705884,0.5555555555555556
303,independent,6,intersection,0.775943023243277,0.8142414860681115,1.0,0.0,0.0,0.8431372549019608
303,independent,7,merge,0.3895214304971095,0.3539731682146542,0.5,2.121390724033118,23.529411764705884,0.6470588235294118
303,independent,8,intersection,0.7027001817545222,0.8224974200206397,1.0,0.0,0.0,0.8431372549019608
303,independent,9,merge,0.5161549328032636,0.5686274509803922,1.0,0.0,0.0,0.738562091503268
303,independent,10,intersection,0.9219138257951304,0.9050567595459236,0.5,0.0,0.0,0.8823529411764706
303,independent,11,merge,0.3298412928987256,0.3374613003095975,0.5,0.0,0.0,0.6405228758169934
303,independent,12,intersection,0.8642107844716961,0.956656346749226,0.5,0.0,0.0,0.9281045751633988
303,independent,13,merge,0.3605207241615457,0.4179566563467492,1.0,0.217461493313313,5.882352941176471,0.6666666666666666
303,independent,14,intersection,0.7598588628261767,0.6573787409700722,1.0,0.0,0.0,0.7647058823529411
303,independent,15,merge,0.115030584131833,-0.0154798761609907,0.0,9.493793318271637,76.47058823529412,0.4967320261437908
303,privileged,0,intersection,0.8357405164423218,0.8390092879256965,1.0,0.0,0.0,0.8235294117647058
303,privileged,1,merge,0.2126428889370469,0.1372549019607843,0.0,9.018879566788677,76.47058823529412,0.5424836601307189
303,privileged,2,intersection,0.8893563886668698,0.8617131062951496,0.5,0.0,0.0,0.8366013071895425
303,privileged,3,merge,0.1597884189121416,0.2714138286893705,1.0,0.0,0.0,0.5947712418300654
303,privileged,4,intersection,0.411336608348569,0.2982456140350877,0.5,1.4296642771363262,82.3529411764706,0.6078431372549019
303,privileged,5,merge,-0.0414854686257209,0.1413828689370485,0.5,1.4056093356013308,23.529411764705884,0.5490196078431373
303,privileged,6,intersection,0.7341359520770042,0.7378740970072238,1.0,0.0,0.0,0.803921568627451
303,privileged,7,merge,0.3597718664259704,0.3126934984520124,0.0,2.121390724033118,23.529411764705884,0.6078431372549019
303,privileged,8,intersection,0.6642848536897,0.7894736842105263,1.0,0.0,0.0,0.8104575163398693
303,privileged,9,merge,0.4968575720032874,0.543859649122807,1.0,0.0,0.0,0.7254901960784313
303,privileged,10,intersection,0.8416087889757267,0.8204334365325078,0.5,0.0,0.0,0.8300653594771242
303,privileged,11,merge,0.2896137255354888,0.3663570691434469,0.5,0.0,0.0,0.6535947712418301
303,privileged,12,intersection,0.7931821538441448,0.890608875128999,0.5,0.0,0.0,0.8758169934640523
303,privileged,13,merge,0.326765326588277,0.3993808049535604,1.0,0.217461493313313,5.882352941176471,0.6535947712418301
303,privileged,14,intersection,0.7103098588628706,0.6388028895768835,1.0,0.0,0.0,0.738562091503268
303,privileged,15,merge,0.1225775090943302,-0.0072239422084623,0.0,9.493793318271637,76.47058823529412,0.4836601307189542
303,D_pairwise,0,intersection,0.8658292863834683,0.8390092879256965,1.0,0.0,0.0,0.8300653594771242
303,D_pairwise,1,merge,0.1302353025378491,0.0732714138286893,0.0,9.018879566788677,76.47058823529412,0.5294117647058824
303,D_pairwise,2,intersection,0.922839590432922,0.8988648090815273,0.5,0.0,0.0,0.8823529411764706
303,D_pairwise,3,merge,0.1863654059987864,0.3374613003095975,1.0,0.0,0.0,0.6274509803921569
303,D_pairwise,4,intersection,0.393767908864965,0.3292053663570691,0.5,1.4296642771363262,82.3529411764706,0.6339869281045751
303,D_pairwise,5,merge,-0.03812075423542,0.1888544891640866,0.5,1.4056093356013308,23.529411764705884,0.5686274509803921
303,D_pairwise,6,intersection,0.7448347562543947,0.8039215686274509,1.0,0.0,0.0,0.8366013071895425
303,D_pairwise,7,merge,0.3309010966164392,0.2796697626418988,0.0,2.121390724033118,23.529411764705884,0.6143790849673203
303,D_pairwise,8,intersection,0.6972199378455506,0.8307533539731682,1.0,0.0,0.0,0.8431372549019608
303,D_pairwise,9,merge,0.5254393920401961,0.5768833849329206,1.0,0.0,0.0,0.738562091503268
303,D_pairwise,10,intersection,0.8777950434747004,0.87203302373581,0.5,0.0,0.0,0.869281045751634
303,D_pairwise,11,merge,0.3250957423876682,0.3890608875128998,0.5,0.0,0.0,0.6601307189542484
303,D_pairwise,12,intersection,0.8229425775225128,0.9195046439628484,0.5,0.0,0.0,0.9019607843137256
303,D_pairwise,13,merge,0.3421672359392603,0.4179566563467492,1.0,0.217461493313313,5.882352941176471,0.6797385620915033
303,D_pairwise,14,intersection,0.7073116624083092,0.653250773993808,1.0,0.0,0.0,0.7581699346405228
303,D_pairwise,15,merge,0.0293617482931584,-0.0505675954592363,0.0,9.493793318271637,76.47058823529412,0.4836601307189542
