seed,model,scenario,a,b,count,frequency
0,heuristic,intersection,-1,-1,48,0.5
0,heuristic,intersection,-1,1,24,0.25
0,heuristic,intersection,1,-1,24,0.25
0,heuristic,merge,-1,1,48,0.5
0,heuristic,merge,1,-1,48,0.5
0,noop,intersection,0,0,96,1.0
0,noop,merge,0,0,96,1.0
0,oracle,intersection,-1,1,1,0.010416666666666666
0,oracle,intersection,0,0,1,0.010416666666666666
0,oracle,intersection,0,1,9,0.09375
0,oracle,intersection,1,-1,4,0.041666666666666664
0,oracle,intersection,1,0,7,0.07291666666666667
0,oracle,intersection,1,1,74,0.7708333333333334
0,oracle,merge,-1,1,6,0.0625
0,oracle,merge,0,-1,1,0.010416666666666666
0,oracle,merge,0,1,10,0.10416666666666667
0,oracle,merge,1,-1,1,0.010416666666666666
0,oracle,merge,1,0,11,0.11458333333333333
0,oracle,merge,1,1,67,0.6979166666666666
101,A_original,intersection,1,1,96,1.0
101,A_original,merge,1,1,96,1.0
101,B_factorial,intersection,1,1,96,1.0
101,B_factorial,merge,1,1,96,1.0
101,C_difference,intersection,1,1,96,1.0
101,C_difference,merge,1,1,96,1.0
101,D_pairwise,intersection,1,1,96,1.0
101,D_pairwise,merge,1,1,96,1.0
101,independent,intersection,1,1,96,1.0
101,independent,merge,1,1,96,1.0
101,privileged,intersection,1,1,96,1.0
101,privileged,merge,1,1,96,1.0
202,A_original,intersection,0,0,54,0.5625
202,A_original,intersection,1,0,16,0.16666666666666666
202,A_original,intersection,1,1,26,0.2708333333333333
202,A_original,merge,1,1,96,1.0
202,B_factorial,intersection,0,0,2,0.020833333333333332
202,B_factorial,intersection,0,1,7,0.07291666666666667
202,B_factorial,intersection,1,0,8,0.08333333333333333
202,B_factorial,intersection,1,1,79,0.8229166666666666
202,B_factorial,merge,1,1,96,1.0
202,C_difference,intersection,0,0,1,0.010416666666666666
202,C_difference,intersection,1,1,95,0.9895833333333334
202,C_difference,merge,0,0,2,0.020833333333333332
202,C_difference,merge,0,1,1,0.010416666666666666
202,C_difference,merge,1,0,1,0.010416666666666666
202,C_difference,merge,1,1,92,0.9583333333333334
202,D_pairwise,intersection,1,1,96,1.0
202,D_pairwise,merge,1,1,96,1.0
202,independent,intersection,1,1,96,1.0
202,independent,merge,1,1,96,1.0
202,privileged,intersection,1,1,96,1.0
202,privileged,merge,1,1,96,1.0
303,A_original,intersection,1,1,96,1.0
303,A_original,merge,1,1,96,1.0
303,B_factorial,intersection,1,1,96,1.0
303,B_factorial,merge,1,1,96,1.0
303,C_difference,intersection,1,1,96,1.0
303,C_difference,merge,1,1,96,1.0
303,D_pairwise,intersection,1,1,96,1.0
303,D_pairwise,merge,1,1,96,1.0
303,independent,intersection,1,1,96,1.0
303,independent,merge,1,1,96,1.0
303,privileged,intersection,1,1,96,1.0
303,privileged,merge,1,1,96,1.0
