seed,model,family_id,scenario,condition,pair_position_error,gap,relative_degradation
101,A_original,0,intersection,correct,8.165073871612549,0.0,0.0
101,A_original,0,intersection,joint_pairing,8.526003466712105,0.3609295950995559,0.0442040820174813
101,A_original,0,intersection,ordinary,19.842867639329697,11.677793767717148,1.4302128739235591
101,A_original,1,merge,correct,13.398827340867784,0.0,0.0
101,A_original,1,merge,joint_pairing,17.24751631418864,3.848688973320856,0.2872407319991328
101,A_original,1,merge,ordinary,19.862954298655197,6.464126957787409,0.4824397533708913
101,A_original,2,intersection,correct,7.149289449055989,0.0,0.0
101,A_original,2,intersection,joint_pairing,13.718355178833008,6.5690657297770185,0.918841764148242
101,A_original,2,intersection,ordinary,15.67857715818617,8.52928770913018,1.1930259321444052
101,A_original,3,merge,correct,11.2413256433275,0.0,0.0
101,A_original,3,merge,joint_pairing,13.733453591664633,2.4921279483371315,0.2216934218800414
101,A_original,3,merge,ordinary,19.692143970065647,8.450818326738146,0.7517635014651751
101,A_original,4,intersection,correct,7.315732108222114,0.0,0.0
101,A_original,4,intersection,joint_pairing,7.605368031395806,0.2896359231736927,0.0395908323171336
101,A_original,4,intersection,ordinary,16.341796663072373,9.026064554850258,1.2337882827483404
101,A_original,5,merge,correct,12.755015903049046,0.0,0.0
101,A_original,5,merge,joint_pairing,20.261980374654133,7.506964471605087,0.5885499891701877
101,A_original,5,merge,ordinary,17.579636679755318,4.824620776706272,0.3782528233110993
101,A_original,6,intersection,correct,7.520588344997829,0.0,0.0
101,A_original,6,intersection,joint_pairing,9.242064423031277,1.7214760780334473,0.2289017825551444
101,A_original,6,intersection,ordinary,16.808900144365097,9.288311799367268,1.2350512185054252
101,A_original,7,merge,correct,7.817449569702148,0.0,0.0
101,A_original,7,merge,joint_pairing,13.82101927863227,6.003569708930122,0.767970379009284
101,A_original,7,merge,ordinary,13.08313994937473,5.265690379672581,0.6735816243804957
101,A_original,8,intersection,correct,6.621548652648926,0.0,0.0
101,A_original,8,intersection,joint_pairing,9.974091158972849,3.352542506323921,0.5063079171037652
101,A_original,8,intersection,ordinary,15.08276621500651,8.461217562357584,1.2778306112683633
101,A_original,9,merge,correct,11.557832294040256,0.0,0.0
101,A_original,9,merge,joint_pairing,17.275726318359375,5.717894024319119,0.4947202796209047
101,A_original,9,merge,ordinary,17.981084929572212,6.423252635531956,0.5557489044761514
101,A_original,10,intersection,correct,6.678050438563029,0.0,0.0
101,A_original,10,intersection,joint_pairing,12.903591314951578,6.225540876388549,0.932239271575216
101,A_original,10,intersection,ordinary,15.1318342950609,8.453783856497871,1.2659059607697332
101,A_original,11,merge,correct,9.622695710923937,0.0,0.0
101,A_original,11,merge,joint_pairing,13.79314661026001,4.170450899336073,0.4333973581437962
101,A_original,11,merge,ordinary,16.752657572428387,7.12996186150445,0.740952647334606
101,A_original,12,intersection,correct,8.166421890258789,0.0,0.0
101,A_original,12,intersection,joint_pairing,11.04311392042372,2.8766920301649304,0.3522585618061633
101,A_original,12,intersection,ordinary,19.93400213453505,11.76758024427626,1.4409713828663526
101,A_original,13,merge,correct,11.11376396814982,0.0,0.0
101,A_original,13,merge,joint_pairing,17.129727999369305,6.015964031219484,0.5413075217775207
101,A_original,13,merge,ordinary,15.867284350925022,4.753520382775202,0.4277147145105828
101,A_original,14,intersection,correct,7.682619412740071,0.0,0.0
101,A_original,14,intersection,joint_pairing,13.630072275797524,5.947452863057454,0.7741438881112352
101,A_original,14,intersection,ordinary,17.412486659155952,9.729867246415882,1.2664778409146318
101,A_original,15,merge,correct,13.6906787554423,0.0,0.0
101,A_original,15,merge,joint_pairing,18.40127277374268,4.710594018300375,0.3440730808491015
101,A_original,15,merge,ordinary,21.30775668885973,7.617077933417425,0.5563696343681641
101,B_factorial,0,intersection,correct,2.0277379751205444,0.0,0.0
101,B_factorial,0,intersection,joint_pairing,3.128764549891154,1.1010265747706094,0.5429826675239713
101,B_factorial,0,intersection,ordinary,21.312642839219837,19.28490486409929,9.510550722389487
101,B_factorial,1,merge,correct,12.848049269782171,0.0,0.0
101,B_factorial,1,merge,joint_pairing,18.805254724290634,5.957205454508461,0.4636661433513835
101,B_factorial,1,merge,ordinary,22.56249925825331,9.714449988471138,0.7561031082997891
101,B_factorial,2,intersection,correct,1.8926356898413763,0.0,0.0
101,B_factorial,2,intersection,joint_pairing,12.641219589445326,10.74858389960395,5.679161582599554
101,B_factorial,2,intersection,ordinary,16.38115115960439,14.488515469763012,7.655205672982586
101,B_factorial,3,merge,correct,8.140695412953695,0.0,0.0
101,B_factorial,3,merge,joint_pairing,13.483773469924929,5.343078056971232,0.6563417233949302
101,B_factorial,3,merge,ordinary,22.015611039267647,13.874915626313951,1.704389480564008
101,B_factorial,4,intersection,correct,1.590225060780843,0.0,0.0
101,B_factorial,4,intersection,joint_pairing,2.5506313112046985,0.9604062504238556,0.6039436015127762
101,B_factorial,4,intersection,ordinary,17.896879494190216,16.306654433409374,10.254306032255815
101,B_factorial,5,merge,correct,11.795019520653618,0.0,0.0
101,B_factorial,5,merge,joint_pairing,21.04044024149577,9.245420720842151,0.7838410699238774
101,B_factorial,5,merge,ordinary,19.66916052500407,7.874141004350452,0.6675818544057914
101,B_factorial,6,intersection,correct,2.335067550341288,0.0,0.0
101,B_factorial,6,intersection,joint_pairing,6.830027871661716,4.494960321320429,1.9249808514804871
101,B_factorial,6,intersection,ordinary,18.746553738911945,16.411486188570656,7.02827041820353
101,B_factorial,7,merge,correct,6.153653489218818,0.0,0.0
101,B_factorial,7,merge,joint_pairing,14.1286174721188,7.974963982899983,1.2959722215220757
101,B_factorial,7,merge,ordinary,13.57293931643168,7.419285827212863,1.2056716940938306
101,B_factorial,8,intersection,correct,1.398327711555693,0.0,0.0
101,B_factorial,8,intersection,joint_pairing,8.395616981718275,6.997289270162582,5.004041050132541
101,B_factorial,8,intersection,ordinary,16.10170503457387,14.70337732301818,10.514972421350436
101,B_factorial,9,merge,correct,10.058319475915695,0.0,0.0
101,B_factorial,9,merge,joint_pairing,19.91669813791911,9.858378662003412,0.980121846955544
101,B_factorial,9,merge,ordinary,22.03136867947049,11.973049203554789,1.1903627869669329
101,B_factorial,10,intersection,correct,1.4337441325187683,0.0,0.0
101,B_factorial,10,intersection,joint_pairing,11.578548192977903,10.144804060459135,7.075742338095559
101,B_factorial,10,intersection,ordinary,14.750616550445557,13.316872417926788,9.288179191730688
101,B_factorial,11,merge,correct,8.415299812952677,0.0,0.0
101,B_factorial,11,merge,joint_pairing,14.348732842339407,5.933433029386732,0.7050768435194785
101,B_factorial,11,merge,ordinary,19.323451466030544,10.908151653077867,1.2962285237049116
101,B_factorial,12,intersection,correct,3.3622763686709933,0.0,0.0
101,B_factorial,12,intersection,joint_pairing,9.827039082845053,6.464762714174059,1.922733887794413
101,B_factorial,12,intersection,ordinary,21.837270100911457,18.474993732240463,5.494787372146648
101,B_factorial,13,merge,correct,9.256424208482107,0.0,0.0
101,B_factorial,13,merge,joint_pairing,19.216594060262043,9.960169851779936,1.0760278080873769
101,B_factorial,13,merge,ordinary,16.99894094467163,7.742516736189524,0.8364479157183271
101,B_factorial,14,intersection,correct,1.7047571937243144,0.0,0.0
101,B_factorial,14,intersection,joint_pairing,11.406544923782349,9.701787730058037,5.691008529409944
101,B_factorial,14,intersection,ordinary,18.96225766340892,17.2575004696846,10.123142775530887
101,B_factorial,15,merge,correct,12.659630139668783,0.0,0.0
101,B_factorial,15,merge,joint_pairing,21.07006295522054,8.410432815551756,0.6643505949828483
101,B_factorial,15,merge,ordinary,25.638687663608128,12.979057523939344,1.0252319681338586
101,C_difference,0,intersection,correct,3.27050076590644,0.0,0.0
101,C_difference,0,intersection,joint_pairing,4.169359922409058,0.8988591565026178,0.2748383874031881
101,C_difference,0,intersection,ordinary,22.33077875773112,19.06027799182468,5.827938703002262
101,C_difference,1,merge,correct,12.317135016123451,0.0,0.0
101,C_difference,1,merge,joint_pairing,18.297906769646534,5.980771753523085,0.4855651696351544
101,C_difference,1,merge,ordinary,22.494243409898544,10.177108393775091,0.8262561367114178
101,C_difference,2,intersection,correct,2.529883245627085,0.0,0.0
101,C_difference,2,intersection,joint_pairing,12.698915004730225,10.16903175910314,4.019565636746422
101,C_difference,2,intersection,ordinary,16.739022307925755,14.20913906229867,5.616519689934004
101,C_difference,3,merge,correct,7.62664798895518,0.0,0.0
101,C_difference,3,merge,joint_pairing,13.166098846329582,5.539450857374402,0.726328377210613
101,C_difference,3,merge,ordinary,21.853615125020344,14.226967136065165,1.8654285810317308
101,C_difference,4,intersection,correct,2.132120860947503,0.0,0.0
101,C_difference,4,intersection,joint_pairing,3.0198604928122625,0.8877396318647595,0.4163645917662719
101,C_difference,4,intersection,ordinary,18.606826265652973,16.47470540470547,7.726909720016621
101,C_difference,5,merge,correct,11.275056786007353,0.0,0.0
101,C_difference,5,merge,joint_pairing,21.26264746983846,9.987590683831108,0.8858128941954402
101,C_difference,5,merge,ordinary,19.65868526034885,8.3836284743415,0.743555321579028
101,C_difference,6,intersection,correct,2.964274803797404,0.0,0.0
101,C_difference,6,intersection,joint_pairing,7.220168060726589,4.255893256929186,1.4357283108425527
101,C_difference,6,intersection,ordinary,19.148096508449974,16.183821704652573,5.459622597716036
101,C_difference,7,merge,correct,5.70798573229048,0.0,0.0
101,C_difference,7,merge,joint_pairing,13.813341948721144,8.105356216430664,1.4200028865836312
101,C_difference,7,merge,ordinary,13.864663124084473,8.156677391793993,1.4289940049518854
101,C_difference,8,intersection,correct,2.3281269338395862,0.0,0.0
101,C_difference,8,intersection,joint_pairing,9.240527815288967,6.912400881449381,2.9690824761214083
101,C_difference,8,intersection,ordinary,17.02414325873057,14.696016324890984,6.312377607630726
101,C_difference,9,merge,correct,9.71512058046129,0.0,0.0
101,C_difference,9,merge,joint_pairing,19.500614484151203,9.785493903689911,1.0072436901473107
101,C_difference,9,merge,ordinary,22.23280186123318,12.51768128077189,1.2884741035481344
101,C_difference,10,intersection,correct,2.298926982614729,0.0,0.0
101,C_difference,10,intersection,joint_pairing,12.212820318010118,9.91389333539539,4.31240026776302
101,C_difference,10,intersection,ordinary,15.3939258257548,13.094998843140072,5.696135171829695
101,C_difference,11,merge,correct,7.901072051790026,0.0,0.0
101,C_difference,11,merge,joint_pairing,14.139995257059732,6.238923205269707,0.7896299596275989
101,C_difference,11,merge,ordinary,19.33283366097344,11.431761609183416,1.4468620883660337
101,C_difference,12,intersection,correct,4.138206058078342,0.0,0.0
101,C_difference,12,intersection,joint_pairing,10.171578407287598,6.033372349209255,1.4579680819497352
101,C_difference,12,intersection,ordinary,22.312551392449272,18.17434533437093,4.391841556292763
101,C_difference,13,merge,correct,9.039601273006864,0.0,0.0
101,C_difference,13,merge,joint_pairing,19.380893018510605,10.341291745503742,1.1439986602488603
101,C_difference,13,merge,ordinary,17.23481771681044,8.195216443803577,0.9065904785286604
101,C_difference,14,intersection,correct,2.4428704182306924,0.0,0.0
101,C_difference,14,intersection,joint_pairing,11.894344727198282,9.45147430896759,3.869003545350984
101,C_difference,14,intersection,ordinary,19.65075288878547,17.207882470554775,7.044124134516311
101,C_difference,15,merge,correct,11.9657793574863,0.0,0.0
101,C_difference,15,merge,joint_pairing,20.19812509748671,8.232345740000408,0.6879907688461515
101,C_difference,15,merge,ordinary,25.91661707560221,13.950837718115912,1.165894615078931
101,independent,0,intersection,correct,4.367589155832927,0.0,0.0
101,independent,0,intersection,joint_pairing,5.043272548251682,0.6756833924187555,0.1547039724458465
101,independent,0,intersection,ordinary,20.137297206454807,15.76970805062188,3.610620753914409
101,independent,1,merge,correct,14.337320592668322,0.0,0.0
101,independent,1,merge,joint_pairing,19.562941074371334,5.225620481703016,0.3644767826685302
101,independent,1,merge,ordinary,22.020997365315758,7.683676772647432,0.535921389424509
101,independent,2,intersection,correct,3.734505256017049,0.0,0.0
101,independent,2,intersection,joint_pairing,12.877608723110622,9.143103467093573,2.4482770381330083
101,independent,2,intersection,ordinary,15.490077495574951,11.7555722395579,3.147825865452265
101,independent,3,merge,correct,10.432536522547403,0.0,0.0
101,independent,3,merge,joint_pairing,14.495569070180258,4.063032547632854,0.3894577832391568
101,independent,3,merge,ordinary,21.893496327930027,11.460959805382624,1.0985784502754945
101,independent,4,intersection,correct,4.49794766638014,0.0,0.0
101,independent,4,intersection,joint_pairing,5.132859468460083,0.6349118020799427,0.1411558891237405
101,independent,4,intersection,ordinary,17.200909720526802,12.702962054146662,2.824168486684452
101,independent,5,merge,correct,13.464913580152723,0.0,0.0
101,independent,5,merge,joint_pairing,20.591412650214306,7.126499070061579,0.5292643749727466
101,independent,5,merge,ordinary,20.12342749701606,6.6585139168633365,0.4945084776985113
101,independent,6,intersection,correct,3.708446582158407,0.0,0.0
101,independent,6,intersection,joint_pairing,7.536524030897352,3.8280774487389455,1.0322590238069198
101,independent,6,intersection,ordinary,17.08782418568929,13.379377603530882,3.607811871391109
101,independent,7,merge,correct,8.239072322845459,0.0,0.0
101,independent,7,merge,joint_pairing,14.689049667782252,6.449977344936794,0.7828523761166863
101,independent,7,merge,ordinary,13.815087159474691,5.576014836629232,0.6767770227198942
101,independent,8,intersection,correct,4.19818205303616,0.0,0.0
101,independent,8,intersection,joint_pairing,10.098292138841416,5.900110085805258,1.405396433805973
101,independent,8,intersection,ordinary,16.20204644733005,12.003864394293892,2.859300583597274
101,independent,9,merge,correct,11.790565543704565,0.0,0.0
101,independent,9,merge,joint_pairing,20.207815806070965,8.417250262366402,0.7138970756886802
101,independent,9,merge,ordinary,21.88316429985894,10.092598756154375,0.8559893686815732
101,independent,10,intersection,correct,4.128259181976318,0.0,0.0
101,independent,10,intersection,joint_pairing,13.106113168928358,8.97785398695204,2.1747311860041885
101,independent,10,intersection,ordinary,15.26568439271715,11.137425210740831,2.697850285022323
101,independent,11,merge,correct,10.363772922092014,0.0,0.0
101,independent,11,merge,joint_pairing,15.160304440392387,4.796531518300373,0.4628171182789822
101,independent,11,merge,ordinary,19.739874786800808,9.376101864708794,0.9046996624870228
101,independent,12,intersection,correct,3.2846122317843967,0.0,0.0
101,independent,12,intersection,joint_pairing,9.482901838090685,6.198289606306288,1.8870689046113087
101,independent,12,intersection,ordinary,19.90486240386963,16.620250172085232,5.060034183412915
101,independent,13,merge,correct,11.41127830081516,0.0,0.0
101,independent,13,merge,joint_pairing,19.330792744954422,7.919514444139267,0.6940076506217134
101,independent,13,merge,ordinary,17.536243862575954,6.124965561760796,0.5367466641597254
101,independent,14,intersection,correct,4.405616919199626,0.0,0.0
101,independent,14,intersection,joint_pairing,12.72639372613695,8.320776806937324,1.888674607788861
101,independent,14,intersection,ordinary,17.923626210954453,13.518009291754826,3.068357857634762
101,independent,15,merge,correct,14.47525151570638,0.0,0.0
101,independent,15,merge,joint_pairing,21.509579552544487,7.034328036838106,0.4859554964696471
101,independent,15,merge,ordinary,25.293865203857425,10.81861368815104,0.7473869228740031
101,privileged,0,intersection,correct,2.5931612584326,0.0,0.0
101,privileged,0,intersection,joint_pairing,3.2849060363239717,0.6917447778913712,0.2667573316707217
101,privileged,0,intersection,ordinary,21.261398527357315,18.668237268924717,7.199026750927349
101,privileged,1,merge,correct,12.969085534413656,0.0,0.0
101,privileged,1,merge,joint_pairing,19.146262433793808,6.177176899380152,0.4763001125244277
101,privileged,1,merge,ordinary,22.11528057522244,9.146195040808784,0.7052305281308555
101,privileged,2,intersection,correct,3.1681824127833047,0.0,0.0
101,privileged,2,intersection,joint_pairing,13.078943040635853,9.910760627852548,3.128216540772274
101,privileged,2,intersection,ordinary,16.046686596340603,12.8785041835573,4.06495034237732
101,privileged,3,merge,correct,8.839631107118395,0.0,0.0
101,privileged,3,merge,joint_pairing,13.719436274634468,4.879805167516073,0.5520371957135695
101,privileged,3,merge,ordinary,22.60188004705641,13.762248939938017,1.5568804595087151
101,privileged,4,intersection,correct,3.194616238276164,0.0,0.0
101,privileged,4,intersection,joint_pairing,3.6014611191219754,0.4068448808458118,0.1273532876879597
101,privileged,4,intersection,ordinary,17.822413179609512,14.627796941333347,4.578890185954418
101,privileged,5,merge,correct,11.91652970843845,0.0,0.0
101,privileged,5,merge,joint_pairing,21.13506491978963,9.21853521135118,0.7735922652736107
101,privileged,5,merge,ordinary,19.940115292867024,8.023585584428574,0.6733156196259751
101,privileged,6,intersection,correct,3.1358664300706653,0.0,0.0
101,privileged,6,intersection,joint_pairing,7.190210064252217,4.054343634181552,1.2928942365986518
101,privileged,6,intersection,ordinary,17.804105864630806,14.66823943456014,4.677571497912811
101,privileged,7,merge,correct,7.210991117689344,0.0,0.0
101,privileged,7,merge,joint_pairing,14.677909321255154,7.466918203565809,1.035491249635386
101,privileged,7,merge,ordinary,13.681327872806126,6.470336755116781,0.8972881327289868
101,privileged,8,intersection,correct,3.38136989540524,0.0,0.0
101,privileged,8,intersection,joint_pairing,9.811761988533869,6.430392093128628,1.901712114331691
101,privileged,8,intersection,ordinary,17.378151019414265,13.996781124009026,4.139381835459201
101,privileged,9,merge,correct,10.37537439664205,0.0,0.0
101,privileged,9,merge,joint_pairing,20.33791510264079,9.96254070599874,0.9602102367720896
101,privileged,9,merge,ordinary,22.474779658847385,12.099405262205336,1.1661656533687363
101,privileged,10,intersection,correct,3.465928104188708,0.0,0.0
101,privileged,10,intersection,joint_pairing,12.88270197974311,9.416773875554403,2.7169559184375087
101,privileged,10,intersection,ordinary,15.8470917807685,12.381163676579794,3.572250578890163
101,privileged,11,merge,correct,9.210953089925978,0.0,0.0
101,privileged,11,merge,joint_pairing,14.96707492404514,5.756121834119162,0.6249214145292559
101,privileged,11,merge,ordinary,20.22325473361545,11.012301643689474,1.1955659241966643
101,privileged,12,intersection,correct,3.108175423410204,0.0,0.0
101,privileged,12,intersection,joint_pairing,9.813084840774536,6.704909417364332,2.1571850053456414
101,privileged,12,intersection,ordinary,21.11185857984755,18.003683156437347,5.792363912550407
101,privileged,13,merge,correct,9.394935859574211,0.0,0.0
101,privileged,13,merge,joint_pairing,19.435405360327827,10.040469500753616,1.068710808762101
101,privileged,13,merge,ordinary,17.09539360470242,7.700457745128208,0.8196392035269522
101,privileged,14,intersection,correct,3.048260794745551,0.0,0.0
101,privileged,14,intersection,joint_pairing,12.387605057822334,9.339344263076782,3.063827176196836
101,privileged,14,intersection,ordinary,18.402393208609688,15.354132413864136,5.037014037752567
101,privileged,15,merge,correct,12.68315495385064,0.0,0.0
101,privileged,15,merge,joint_pairing,21.572118123372395,8.888963169521755,0.7008479516228763
101,privileged,15,merge,ordinary,25.907943937513565,13.224788983662926,1.0427049919190527
101,D_pairwise,0,intersection,correct,3.256518152025011,0.0,0.0
101,D_pairwise,0,intersection,joint_pairing,4.373001416524251,1.11648326449924,0.3428457058668546
101,D_pairwise,0,intersection,ordinary,22.119782553778755,18.863264401753742,5.792464073944726
101,D_pairwise,1,merge,correct,12.860337045457628,0.0,0.0
101,D_pairwise,1,merge,joint_pairing,19.054079479641384,6.193742434183756,0.4816158715195908
101,D_pairwise,1,merge,ordinary,22.51089530520969,9.650558259752062,0.7504125456152577
101,D_pairwise,2,intersection,correct,1.9683300256729128,0.0,0.0
101,D_pairwise,2,intersection,joint_pairing,12.29193221198188,10.323602186308968,5.244853277478018
101,D_pairwise,2,intersection,ordinary,16.321618517239887,14.353288491566977,7.2921147898762655
101,D_pairwise,3,merge,correct,8.269679201973808,0.0,0.0
101,D_pairwise,3,merge,joint_pairing,13.826943980322945,5.557264778349136,0.6720048798292837
101,D_pairwise,3,merge,ordinary,22.111967272228664,13.842288070254856,1.6738603435730588
101,D_pairwise,4,intersection,correct,1.9760236806339688,0.0,0.0
101,D_pairwise,4,intersection,joint_pairing,2.9410073161125183,0.9649836354785496,0.4883461898437133
101,D_pairwise,4,intersection,ordinary,18.286914163165623,16.310890482531654,8.254400310272912
101,D_pairwise,5,merge,correct,11.715459081861708,0.0,0.0
101,D_pairwise,5,merge,joint_pairing,21.98598549101088,10.270526409149172,0.8766644428855859
101,D_pairwise,5,merge,ordinary,20.106097009446884,8.390637927585177,0.7162022306557208
101,D_pairwise,6,intersection,correct,2.382067004839579,0.0,0.0
101,D_pairwise,6,intersection,joint_pairing,6.813518563906352,4.4314515590667725,1.8603387520432952
101,D_pairwise,6,intersection,ordinary,18.784947713216145,16.402880708376564,6.885986277905404
101,D_pairwise,7,merge,correct,6.614745908313328,0.0,0.0
101,D_pairwise,7,merge,joint_pairing,14.5817711353302,7.967025227016872,1.2044340534689346
101,D_pairwise,7,merge,ordinary,14.245907968944971,7.631162060631645,1.1536591376912757
101,D_pairwise,8,intersection,correct,2.195124626159668,0.0,0.0
101,D_pairwise,8,intersection,joint_pairing,9.127647585339016,6.932522959179348,3.158145499605494
101,D_pairwise,8,intersection,ordinary,16.66505527496338,14.469930648803713,6.5918492628450895
101,D_pairwise,9,merge,correct,10.292017963197496,0.0,0.0
101,D_pairwise,9,merge,joint_pairing,20.244836065504288,9.952818102306791,0.9670424340393082
101,D_pairwise,9,merge,ordinary,22.57934782240126,12.287329859203764,1.1938698419630789
101,D_pairwise,10,intersection,correct,2.1197547117869058,0.0,0.0
101,D_pairwise,10,intersection,joint_pairing,11.97782990667555,9.858075194888643,4.650573549888944
101,D_pairwise,10,intersection,ordinary,14.969605962435404,12.8498512506485,6.061951969818414
101,D_pairwise,11,merge,correct,8.404681543509165,0.0,0.0
101,D_pairwise,11,merge,joint_pairing,14.712708208296034,6.308026664786869,0.7505372609457741
101,D_pairwise,11,merge,ordinary,19.91701544655694,11.512333903047772,1.3697525413010574
101,D_pairwise,12,intersection,correct,3.4369156625535755,0.0,0.0
101,D_pairwise,12,intersection,joint_pairing,9.779774030049644,6.342858367496067,1.84550887780104
101,D_pairwise,12,intersection,ordinary,21.981564309861923,18.54464864730835,5.395724093366306
101,D_pairwise,13,merge,correct,9.17476609018114,0.0,0.0
101,D_pairwise,13,merge,joint_pairing,19.601083914438885,10.426317824257746,1.136412386078815
101,D_pairwise,13,merge,ordinary,17.420350074768066,8.245583984586927,0.8987241640319719
101,D_pairwise,14,intersection,correct,2.121910611788432,0.0,0.0
101,D_pairwise,14,intersection,joint_pairing,11.61694712109036,9.495036509301928,4.474758011271327
101,D_pairwise,14,intersection,ordinary,19.52652132511139,17.404610713322956,8.202329832666067
101,D_pairwise,15,merge,correct,12.348222970962524,0.0,0.0
101,D_pairwise,15,merge,joint_pairing,20.754829830593533,8.406606859631008,0.6807948705979454
101,D_pairwise,15,merge,ordinary,25.847945743136936,13.499722772174412,1.093252268275338
202,A_original,0,intersection,correct,5.44010059038798,0.0,0.0
202,A_original,0,intersection,joint_pairing,5.698855029212104,0.2587544388241234,0.0475642746903084
202,A_original,0,intersection,ordinary,19.474332279629177,14.034231689241196,2.579774299401382
202,A_original,1,merge,correct,12.775051911671955,0.0,0.0
202,A_original,1,merge,joint_pairing,17.553360356224907,4.77830844455295,0.3740343661685819
202,A_original,1,merge,ordinary,20.811680263943146,8.036628352271185,0.6290877256575764
202,A_original,2,intersection,correct,4.705692913797167,0.0,0.0
202,A_original,2,intersection,joint_pairing,12.841704659991796,8.136011746194628,1.7289720972526088
202,A_original,2,intersection,ordinary,15.22284491856893,10.517152004771765,2.234984772154448
202,A_original,3,merge,correct,9.40015665690104,0.0,0.0
202,A_original,3,merge,joint_pairing,12.97424512439304,3.5740884674919986,0.3802158408570897
202,A_original,3,merge,ordinary,20.69695562786526,11.29679897096422,1.201767096367567
202,A_original,4,intersection,correct,4.631862640380859,0.0,0.0
202,A_original,4,intersection,joint_pairing,4.921779950459798,0.2899173100789385,0.0625919489821269
202,A_original,4,intersection,ordinary,15.952996068530611,11.321133428149754,2.4441859155000465
202,A_original,5,merge,correct,11.742049031787449,0.0,0.0
202,A_original,5,merge,joint_pairing,19.54881027009752,7.80676123831007,0.6648551046905036
202,A_original,5,merge,ordinary,17.907878345913357,6.165829314125908,0.5251067592576137
202,A_original,6,intersection,correct,5.271670586533016,0.0,0.0
202,A_original,6,intersection,joint_pairing,8.062599003314972,2.790928416781956,0.529420109046959
202,A_original,6,intersection,ordinary,16.11160394880507,10.839933362272053,2.0562615179263464
202,A_original,7,merge,correct,6.615051454967922,0.0,0.0
202,A_original,7,merge,joint_pairing,12.673850615819296,6.058799160851374,0.9159111160505332
202,A_original,7,merge,ordinary,12.438256210751003,5.823204755783081,0.8802962146892808
202,A_original,8,intersection,correct,4.272974729537964,0.0,0.0
202,A_original,8,intersection,joint_pairing,9.485836850272284,5.2128621207343215,1.2199609056190202
202,A_original,8,intersection,ordinary,16.582848019070095,12.309873289532131,2.880867327493696
202,A_original,9,merge,correct,10.46152381102244,0.0,0.0
202,A_original,9,merge,joint_pairing,18.120169798533123,7.658645987510683,0.7320774799022494
202,A_original,9,merge,ordinary,19.824272685580784,9.362748874558344,0.8949698957520502
202,A_original,10,intersection,correct,4.12797400686476,0.0,0.0
202,A_original,10,intersection,joint_pairing,12.07615253660414,7.94817852973938,1.925442969486164
202,A_original,10,intersection,ordinary,14.627091738912794,10.499117732048036,2.543406938752075
202,A_original,11,merge,correct,8.437961485650805,0.0,0.0
202,A_original,11,merge,joint_pairing,13.372977574666342,4.935016089015537,0.5848588071192065
202,A_original,11,merge,ordinary,17.334498193528916,8.896536707878111,1.0543466834978017
202,A_original,12,intersection,correct,6.253624373012119,0.0,0.0
202,A_original,12,intersection,joint_pairing,10.749318136109244,4.495693763097126,0.7188941156265405
202,A_original,12,intersection,ordinary,19.27024131351047,13.016616940498352,2.0814516773140905
202,A_original,13,merge,correct,9.706715901692707,0.0,0.0
202,A_original,13,merge,joint_pairing,17.77146116892497,8.06474526723226,0.8308417954033132
202,A_original,13,merge,ordinary,16.218995836046005,6.512279934353296,0.6709045572475909
202,A_original,14,intersection,correct,5.013092822498745,0.0,0.0
202,A_original,14,intersection,joint_pairing,12.93939627541436,7.926303452915615,1.581120424768995
202,A_original,14,intersection,ordinary,16.47641540898217,11.463322586483423,2.2866767068497253
202,A_original,15,merge,correct,12.61860434214274,0.0,0.0
202,A_original,15,merge,joint_pairing,19.39666536119249,6.778061019049749,0.5371482325040378
202,A_original,15,merge,ordinary,23.34239885542128,10.72379451327854,0.8498399840831805
202,B_factorial,0,intersection,correct,2.2868785990609064,0.0,0.0
202,B_factorial,0,intersection,joint_pairing,3.1671006547080145,0.8802220556471081,0.3849010857019548
202,B_factorial,0,intersection,ordinary,21.556561575995552,19.269682976934646,8.42619410791969
202,B_factorial,1,merge,correct,12.774510675006445,0.0,0.0
202,B_factorial,1,merge,joint_pairing,19.04219720098708,6.267686525980633,0.490640047625736
202,B_factorial,1,merge,ordinary,22.35190815395779,9.577397478951347,0.7497271498382867
202,B_factorial,2,intersection,correct,2.280795560942756,0.0,0.0
202,B_factorial,2,intersection,joint_pairing,12.598294655481974,10.31749909453922,4.523640466168976
202,B_factorial,2,intersection,ordinary,16.301567607455784,14.020772046513027,6.147316439320678
202,B_factorial,3,merge,correct,8.881004571914673,0.0,0.0
202,B_factorial,3,merge,joint_pairing,13.881574551264444,5.000569979349772,0.5630635519728924
202,B_factorial,3,merge,ordinary,22.566885736253525,13.685881164338852,1.5410285011696925
202,B_factorial,4,intersection,correct,2.795072184668647,0.0,0.0
202,B_factorial,4,intersection,joint_pairing,3.5749143759409585,0.7798421912723117,0.2790061006473652
202,B_factorial,4,intersection,ordinary,18.201862838533188,15.40679065386454,5.512126212114627
202,B_factorial,5,merge,correct,11.964075485865274,0.0,0.0
202,B_factorial,5,merge,joint_pairing,21.121500651041668,9.157425165176392,0.7654101794990558
202,B_factorial,5,merge,ordinary,19.99997403886583,8.035898553000555,0.6716689946075993
202,B_factorial,6,intersection,correct,2.202152450879415,0.0,0.0
202,B_factorial,6,intersection,joint_pairing,6.559691694047716,4.357539243168301,1.978763659812992
202,B_factorial,6,intersection,ordinary,18.50039577484131,16.298243323961895,7.401051329327039
202,B_factorial,7,merge,correct,7.097360796398586,0.0,0.0
202,B_factorial,7,merge,joint_pairing,14.72724223136902,7.629881434970432,1.0750307972002866
202,B_factorial,7,merge,ordinary,13.94478546248542,6.847424666086834,0.9647846379123663
202,B_factorial,8,intersection,correct,2.871089670393202,0.0,0.0
202,B_factorial,8,intersection,joint_pairing,9.568343745337591,6.697254074944391,2.3326523528703262
202,B_factorial,8,intersection,ordinary,16.905944532818264,14.034854862425062,4.888337347019523
202,B_factorial,9,merge,correct,10.320375389522976,0.0,0.0
202,B_factorial,9,merge,joint_pairing,20.324610392252605,10.00423500272963,0.9693673558508068
202,B_factorial,9,merge,ordinary,22.506643507215717,12.186268117692736,1.1807969824492988
202,B_factorial,10,intersection,correct,2.999879320462545,0.0,0.0
202,B_factorial,10,intersection,joint_pairing,12.84086905585395,9.840989735391403,3.2804618733376394
202,B_factorial,10,intersection,ordinary,15.764183600743612,12.764304280281069,4.254939254794079
202,B_factorial,11,merge,correct,9.08882204691569,0.0,0.0
202,B_factorial,11,merge,joint_pairing,14.87084992726644,5.78202788035075,0.6361691152609696
202,B_factorial,11,merge,ordinary,19.98429695765177,10.895474910736086,1.1987774493212229
202,B_factorial,12,intersection,correct,2.43905868795183,0.0,0.0
202,B_factorial,12,intersection,joint_pairing,9.16640896267361,6.727350274721781,2.758174827015332
202,B_factorial,12,intersection,ordinary,21.698578092787,19.25951940483517,7.896291917849718
202,B_factorial,13,merge,correct,9.59578569730123,0.0,0.0
202,B_factorial,13,merge,joint_pairing,19.58789120780097,9.992105510499742,1.0413014447904954
202,B_factorial,13,merge,ordinary,17.1139325565762,7.518146859274969,0.7834842394812354
202,B_factorial,14,intersection,correct,2.720973743332757,0.0,0.0
202,B_factorial,14,intersection,joint_pairing,12.271977636549208,9.55100389321645,3.510141880868722
202,B_factorial,14,intersection,ordinary,19.09196044339074,16.370986700057983,6.016591207530781
202,B_factorial,15,merge,correct,12.785386933220757,0.0,0.0
202,B_factorial,15,merge,joint_pairing,21.6794925265842,8.894105593363445,0.6956461810517094
202,B_factorial,15,merge,ordinary,26.015389760335285,13.230002827114529,1.0347753178074344
202,C_difference,0,intersection,correct,2.1390160189734564,0.0,0.0
202,C_difference,0,intersection,joint_pairing,3.115903483496772,0.9768874645233154,0.4566994617422908
202,C_difference,0,intersection,ordinary,21.66407012939453,19.525054110421078,9.128054178758054
202,C_difference,1,merge,correct,12.46122988065084,0.0,0.0
202,C_difference,1,merge,joint_pairing,18.890017218059963,6.4287873374091244,0.5159031170263071
202,C_difference,1,merge,ordinary,22.692782084147137,10.231552203496298,0.8210708173663765
202,C_difference,2,intersection,correct,2.148005167643229,0.0,0.0
202,C_difference,2,intersection,joint_pairing,12.496604998906454,10.348599831263224,4.817772315984515
202,C_difference,2,intersection,ordinary,16.235905090967815,14.087899923324589,6.558596848620107
202,C_difference,3,merge,correct,8.33264054192437,0.0,0.0
202,C_difference,3,merge,joint_pairing,13.845487382676868,5.512846840752497,0.6615966227050687
202,C_difference,3,merge,ordinary,22.340190357632107,14.007549815707735,1.6810457315698373
202,C_difference,4,intersection,correct,2.401532279120551,0.0,0.0
202,C_difference,4,intersection,joint_pairing,3.2048685285780163,0.8033362494574652,0.3345098695702935
202,C_difference,4,intersection,ordinary,18.45468012491862,16.05314784579807,6.684543857839289
202,C_difference,5,merge,correct,11.318421681722006,0.0,0.0
202,C_difference,5,merge,joint_pairing,21.601230727301704,10.2828090455797,0.908502027467778
202,C_difference,5,merge,ordinary,19.68339729309082,8.364975611368815,0.739058487710996
202,C_difference,6,intersection,correct,2.4047902822494507,0.0,0.0
202,C_difference,6,intersection,joint_pairing,6.788089368078444,4.383299085828993,1.8227365264171131
202,C_difference,6,intersection,ordinary,18.829254892137318,16.424464609887863,6.829894785887255
202,C_difference,7,merge,correct,7.958236641354031,0.0,0.0
202,C_difference,7,merge,joint_pairing,15.766089810265434,7.807853168911404,0.9811034178524956
202,C_difference,7,merge,ordinary,14.775155862172443,6.816919220818415,0.8565866445080439
202,C_difference,8,intersection,correct,2.753392060597738,0.0,0.0
202,C_difference,8,intersection,joint_pairing,9.37644068400065,6.623048623402912,2.405414295400091
202,C_difference,8,intersection,ordinary,16.938769790861343,14.185377730263603,5.151964347272826
202,C_difference,9,merge,correct,10.518953853183325,0.0,0.0
202,C_difference,9,merge,joint_pairing,20.88193808661567,10.362984233432346,0.985172516019378
202,C_difference,9,merge,ordinary,23.02752685546875,12.508573002285427,1.189146104914225
202,C_difference,10,intersection,correct,2.41905759440528,0.0,0.0
202,C_difference,10,intersection,joint_pairing,12.307270738813612,9.888213144408333,4.087630309951065
202,C_difference,10,intersection,ordinary,15.200139774216543,12.781082179811264,5.283496436534189
202,C_difference,11,merge,correct,8.773089329401651,0.0,0.0
202,C_difference,11,merge,joint_pairing,15.083084371354843,6.309995041953194,0.7192443625082241
202,C_difference,11,merge,ordinary,20.220350371466743,11.447261042065092,1.3048152836767963
202,C_difference,12,intersection,correct,2.10210159752104,0.0,0.0
202,C_difference,12,intersection,joint_pairing,9.327379299534693,7.225277702013651,3.437168646146435
202,C_difference,12,intersection,ordinary,21.650778664482964,19.54867706696192,9.29958717980864
202,C_difference,13,merge,correct,9.240290416611565,0.0,0.0
202,C_difference,13,merge,joint_pairing,19.83328437805176,10.592993961440191,1.1463918863845266
202,C_difference,13,merge,ordinary,17.439752684699165,8.1994622680876,0.8873598013052886
202,C_difference,14,intersection,correct,2.1638896067937217,0.0,0.0
202,C_difference,14,intersection,joint_pairing,11.658044775327047,9.494155168533323,4.38754136935895
202,C_difference,14,intersection,ordinary,19.47096427281697,17.307074666023254,7.99813198034048
202,C_difference,15,merge,correct,12.027398957146538,0.0,0.0
202,C_difference,15,merge,joint_pairing,21.229970190260147,9.20257123311361,0.7651339467412903
202,C_difference,15,merge,ordinary,25.81931167178684,13.7919127146403,1.14670784296594
202,independent,0,intersection,correct,12.693030807707045,0.0,0.0
202,independent,0,intersection,joint_pairing,12.704561392466228,0.011530584759182,0.0009084185592758
202,independent,0,intersection,ordinary,14.228978527916802,1.535947720209757,0.1210071686958444
202,independent,1,merge,correct,19.321941799587677,0.0,0.0
202,independent,1,merge,joint_pairing,19.883543014526367,0.561601214938694,0.029065464577203
202,independent,1,merge,ordinary,20.05709626939561,0.7351544698079415,0.0380476495288704
202,independent,2,intersection,correct,11.854745705922443,0.0,0.0
202,independent,2,intersection,joint_pairing,12.674935499827066,0.8201897939046212,0.0691866206370726
202,independent,2,intersection,ordinary,12.99227057562934,1.1375248697068958,0.0959552315946015
202,independent,3,merge,correct,16.642966588338215,0.0,0.0
202,independent,3,merge,joint_pairing,17.042613559299046,0.3996469709608305,0.0240129648064584
202,independent,3,merge,ordinary,17.915162404378254,1.272195816040039,0.0764404476381914
202,independent,4,intersection,correct,12.054524223009745,0.0,0.0
202,independent,4,intersection,joint_pairing,12.0721142689387,0.017590045928955,0.0014592069834975
202,independent,4,intersection,ordinary,13.284896638658312,1.2303724156485671,0.102067273074123
202,independent,5,merge,correct,18.27979988522,0.0,0.0
202,independent,5,merge,joint_pairing,19.062504450480144,0.782704565260147,0.0428180051299684
202,independent,5,merge,ordinary,18.9169094297621,0.6371095445421027,0.0348532012682061
202,independent,6,intersection,correct,12.205383910073174,0.0,0.0
202,independent,6,intersection,joint_pairing,12.47174530559116,0.2663613955179862,0.0218232705730916
202,independent,6,intersection,ordinary,13.35127764277988,1.145893732706707,0.0938842842756462
202,independent,7,merge,correct,13.57768964767456,0.0,0.0
202,independent,7,merge,joint_pairing,14.26423708597819,0.686547438303629,0.0505643784854967
202,independent,7,merge,ordinary,14.148208724127876,0.5705190764533157,0.0420188626531927
202,independent,8,intersection,correct,11.551351918114555,0.0,0.0
202,independent,8,intersection,joint_pairing,12.043779452641806,0.4924275345272502,0.0426294288337831
202,independent,8,intersection,ordinary,12.771370887756348,1.2200189696417922,0.1056169856385889
202,independent,9,merge,correct,17.669510629442,0.0,0.0
202,independent,9,merge,joint_pairing,18.546226501464844,0.8767158720228423,0.0496174393512633
202,independent,9,merge,ordinary,18.69324885474311,1.0237382253011091,0.0579381198931052
202,independent,10,intersection,correct,11.48472101158566,0.0,0.0
202,independent,10,intersection,joint_pairing,12.302009211646189,0.8172882000605277,0.0711630869601496
202,independent,10,intersection,ordinary,12.590069744322037,1.1053487327363758,0.0962451531579489
202,independent,11,merge,correct,15.279389805263945,0.0,0.0
202,independent,11,merge,joint_pairing,15.74978298611111,0.4703931808471679,0.0307861234540343
202,independent,11,merge,ordinary,16.211091889275444,0.9317020840115012,0.0609777023746405
202,independent,12,intersection,correct,12.755617088741726,0.0,0.0
202,independent,12,intersection,joint_pairing,13.237811724344889,0.4821946356031628,0.0378025329741791
202,independent,12,intersection,ordinary,14.326868693033854,1.5712516042921276,0.1231811517514849
202,independent,13,merge,correct,16.95582644144694,0.0,0.0
202,independent,13,merge,joint_pairing,17.83989217546251,0.884065734015568,0.0521393479149179
202,independent,13,merge,ordinary,17.51530318790012,0.5594767464531785,0.0329961354809336
202,independent,14,intersection,correct,12.29574700196584,0.0,0.0
202,independent,14,intersection,joint_pairing,13.093717707528008,0.7979707055621663,0.0648981070799998
202,independent,14,intersection,ordinary,13.567268954383003,1.271521952417162,0.1034115253195979
202,independent,15,merge,correct,19.52574560377333,0.0,0.0
202,independent,15,merge,joint_pairing,20.270579126146103,0.7448335223727724,0.0381462269091958
202,independent,15,merge,ordinary,20.62732399834527,1.1015783945719375,0.0564167134472477
202,privileged,0,intersection,correct,2.781742784712049,0.0,0.0
202,privileged,0,intersection,joint_pairing,3.6534322765138416,0.8716894918017921,0.3133609248822135
202,privileged,0,intersection,ordinary,21.0832388136122,18.301496028900143,6.579147478868941
202,privileged,1,merge,correct,12.398418426513672,0.0,0.0
202,privileged,1,merge,joint_pairing,18.25572045644124,5.85730202992757,0.4724233227523515
202,privileged,1,merge,ordinary,22.08557054731581,9.68715212080214,0.7813215998652243
202,privileged,2,intersection,correct,2.47256851196289,0.0,0.0
202,privileged,2,intersection,joint_pairing,12.55789127614763,10.08532276418474,4.078885060369201
202,privileged,2,intersection,ordinary,16.07963275909424,13.607064247131348,5.503210196723385
202,privileged,3,merge,correct,8.182233916388618,0.0,0.0
202,privileged,3,merge,joint_pairing,13.093600114186604,4.911366197797987,0.6002475910595464
202,privileged,3,merge,ordinary,21.72422891192966,13.541994995541042,1.655048625341434
202,privileged,4,intersection,correct,2.230712976720598,0.0,0.0
202,privileged,4,intersection,joint_pairing,3.045490470197466,0.8147774934768677,0.3652542940215837
202,privileged,4,intersection,ordinary,17.588490784168243,15.357777807447643,6.8846946997301846
202,privileged,5,merge,correct,11.341960112253824,0.0,0.0
202,privileged,5,merge,joint_pairing,20.726509465111626,9.3845493528578,0.8274186525059948
202,privileged,5,merge,ordinary,19.07790078057183,7.7359406683180065,0.6820638224569417
202,privileged,6,intersection,correct,3.0206271409988403,0.0,0.0
202,privileged,6,intersection,joint_pairing,7.153792050149706,4.1331649091508655,1.3683135045208323
202,privileged,6,intersection,ordinary,18.240649541219074,15.220022400220234,5.038696167971059
202,privileged,7,merge,correct,5.885151624679565,0.0,0.0
202,privileged,7,merge,joint_pairing,13.674787282943726,7.78963565826416,1.323608320573778
202,privileged,7,merge,ordinary,13.363439745373196,7.47828812069363,1.2707044096082756
202,privileged,8,intersection,correct,2.0401304165522256,0.0,0.0
202,privileged,8,intersection,joint_pairing,8.773361060354445,6.733230643802219,3.3003922637363674
202,privileged,8,intersection,ordinary,16.33471459812588,14.294584181573656,7.006701172433466
202,privileged,9,merge,correct,9.96841753853692,0.0,0.0
202,privileged,9,merge,joint_pairing,19.40161005655925,9.433192518022327,0.9463079251600904
202,privileged,9,merge,ordinary,21.513574494255916,11.545156955718994,1.1581734925414748
202,privileged,10,intersection,correct,2.087042364809248,0.0,0.0
202,privileged,10,intersection,joint_pairing,11.737650990486143,9.650608625676895,4.624059764382859
202,privileged,10,intersection,ordinary,14.731562382645077,12.644520017835829,6.058583300004797
202,privileged,11,merge,correct,7.934565318955316,0.0,0.0
202,privileged,11,merge,joint_pairing,13.87839290830824,5.943827589352925,0.7491056347035661
202,privileged,11,merge,ordinary,18.65876362058852,10.7241983016332,1.3515798119417557
202,privileged,12,intersection,correct,4.133257918887669,0.0,0.0
202,privileged,12,intersection,joint_pairing,10.16873664326138,6.035478724373711,1.4602231079733738
202,privileged,12,intersection,ordinary,21.249626053704155,17.116368134816486,4.141132363552768
202,privileged,13,merge,correct,8.786626570754581,0.0,0.0
202,privileged,13,merge,joint_pairing,18.76172849867079,9.97510192791621,1.135259572896537
202,privileged,13,merge,ordinary,16.537491162618,7.750864591863419,0.8821206329242903
202,privileged,14,intersection,correct,2.5022733873791165,0.0,0.0
202,privileged,14,intersection,joint_pairing,11.823493109809029,9.321219722429912,3.725100450431984
202,privileged,14,intersection,ordinary,18.593193504545425,16.09092011716631,6.430520421279768
202,privileged,15,merge,correct,12.156217469109428,0.0,0.0
202,privileged,15,merge,joint_pairing,20.586996184455025,8.430778715345596,0.6935363518108597
202,privileged,15,merge,ordinary,25.05534320407444,12.899125734965008,1.0611134399119964
202,D_pairwise,0,intersection,correct,4.249174899525112,0.0,0.0
202,D_pairwise,0,intersection,joint_pairing,5.192217972543505,0.9430430730183924,0.221935574627391
202,D_pairwise,0,intersection,ordinary,21.84843063354492,17.59925573401981,4.141805444625662
202,D_pairwise,1,merge,correct,12.362034188376532,0.0,0.0
202,D_pairwise,1,merge,joint_pairing,17.963308572769165,5.601274384392632,0.4531029682525274
202,D_pairwise,1,merge,ordinary,21.78237968020969,9.420345491833157,0.7620384597132634
202,D_pairwise,2,intersection,correct,3.3193322817484536,0.0,0.0
202,D_pairwise,2,intersection,joint_pairing,13.142835564083525,9.82350328233507,2.9594817416593653
202,D_pairwise,2,intersection,ordinary,16.291337649027508,12.972005367279056,3.9080165124192
202,D_pairwise,3,merge,correct,9.198083930545383,0.0,0.0
202,D_pairwise,3,merge,joint_pairing,14.190423965454102,4.992340034908718,0.5427586954637309
202,D_pairwise,3,merge,ordinary,21.081467363569477,11.88338343302409,1.2919411828327911
202,D_pairwise,4,intersection,correct,3.1654217508104114,0.0,0.0
202,D_pairwise,4,intersection,joint_pairing,4.106603569454617,0.9411818186442052,0.2973322017526554
202,D_pairwise,4,intersection,ordinary,17.901004632314045,14.735582881503634,4.655172056529601
202,D_pairwise,5,merge,correct,11.440782308578491,0.0,0.0
202,D_pairwise,5,merge,joint_pairing,21.022515614827476,9.581733306248982,0.8375068284503968
202,D_pairwise,5,merge,ordinary,18.446848551432293,7.006066242853802,0.6123765013517071
202,D_pairwise,6,intersection,correct,3.60635240872701,0.0,0.0
202,D_pairwise,6,intersection,joint_pairing,7.732726679907905,4.126374271180895,1.144196075013491
202,D_pairwise,6,intersection,ordinary,18.790274302164715,15.183921893437704,4.210326715906671
202,D_pairwise,7,merge,correct,6.402317470974392,0.0,0.0
202,D_pairwise,7,merge,joint_pairing,13.958043151431614,7.555725680457222,1.1801547978075022
202,D_pairwise,7,merge,ordinary,13.571880287594263,7.169562816619873,1.1198386910870748
202,D_pairwise,8,intersection,correct,2.485038717587789,0.0,0.0
202,D_pairwise,8,intersection,joint_pairing,9.18589374754164,6.70085502995385,2.6964791262722567
202,D_pairwise,8,intersection,ordinary,15.674159288406372,13.189120570818584,5.307410495246198
202,D_pairwise,9,merge,correct,10.525312105814615,0.0,0.0
202,D_pairwise,9,merge,joint_pairing,19.197047074635822,8.671734968821207,0.823893380228657
202,D_pairwise,9,merge,ordinary,20.927707566155327,10.402395460340712,0.9883218051647134
202,D_pairwise,10,intersection,correct,2.4706323941548667,0.0,0.0
202,D_pairwise,10,intersection,joint_pairing,12.101359552807278,9.63072715865241,3.898081795348114
202,D_pairwise,10,intersection,ordinary,14.392204311158922,11.921571917004057,4.825311910103926
202,D_pairwise,11,merge,correct,8.232042153676352,0.0,0.0
202,D_pairwise,11,merge,joint_pairing,13.920580705006918,5.688538551330566,0.6910239822800373
202,D_pairwise,11,merge,ordinary,18.04838800430298,9.816345850626629,1.1924557318068083
202,D_pairwise,12,intersection,correct,4.5159129699071245,0.0,0.0
202,D_pairwise,12,intersection,joint_pairing,10.350576082865397,5.834663112958272,1.2920229313184195
202,D_pairwise,12,intersection,ordinary,21.521541595458984,17.00562862555186,3.765712213426824
202,D_pairwise,13,merge,correct,9.458064238230389,0.0,0.0
202,D_pairwise,13,merge,joint_pairing,18.831535180409748,9.37347094217936,0.9910559609323552
202,D_pairwise,13,merge,ordinary,16.650126139322918,7.192061901092531,0.7604158440816609
202,D_pairwise,14,intersection,correct,3.303162627749973,0.0,0.0
202,D_pairwise,14,intersection,joint_pairing,12.422109180026585,9.118946552276611,2.760671386769775
202,D_pairwise,14,intersection,ordinary,19.406185785929363,16.10302315817939,4.87503189304014
202,D_pairwise,15,merge,correct,12.35565021302965,0.0,0.0
202,D_pairwise,15,merge,joint_pairing,19.67335033416748,7.317700121137831,0.5922553645473834
202,D_pairwise,15,merge,ordinary,24.176984045240616,11.821333832210966,0.9567553004814576
303,A_original,0,intersection,correct,15.216527938842772,0.0,0.0
303,A_original,0,intersection,joint_pairing,15.216094175974527,-0.000433762868246,-2.85060343587773e-05
303,A_original,0,intersection,ordinary,15.790446493360731,0.5739185545179577,0.0377167877471531
303,A_original,1,merge,correct,19.41667917039659,0.0,0.0
303,A_original,1,merge,joint_pairing,19.578083250257706,0.1614040798611142,0.0083126511204447
303,A_original,1,merge,ordinary,19.689578162299263,0.2728989919026716,0.0140548746522393
303,A_original,2,intersection,correct,13.826307826571997,0.0,0.0
303,A_original,2,intersection,joint_pairing,14.087831179300943,0.2615233527289486,0.0189149088830744
303,A_original,2,intersection,ordinary,14.169950432247584,0.3436426056755906,0.0248542568259013
303,A_original,3,merge,correct,17.795435693528916,0.0,0.0
303,A_original,3,merge,joint_pairing,17.904426362779404,0.1089906692504882,0.0061246417973415
303,A_original,3,merge,ordinary,18.13195652431912,0.336520830790203,0.0189105137174345
303,A_original,4,intersection,correct,14.213172382778591,0.0,0.0
303,A_original,4,intersection,joint_pairing,14.21294773949517,-0.0002246432834205,-1.5805288036352394e-05
303,A_original,4,intersection,ordinary,14.583708180321588,0.3705357975429955,0.026069886972732
303,A_original,5,merge,correct,18.52788575490316,0.0,0.0
303,A_original,5,merge,joint_pairing,18.821123970879448,0.2932382159762916,0.0158268579510585
303,A_original,5,merge,ordinary,18.673092312282986,0.1452065573798293,0.0078371898067972
303,A_original,6,intersection,correct,14.294967651367188,0.0,0.0
303,A_original,6,intersection,joint_pairing,14.348832978142632,0.053865326775444,0.003768132120977
303,A_original,6,intersection,ordinary,14.688687324523926,0.3937196731567383,0.0275425368394648
303,A_original,7,merge,correct,14.749224874708387,0.0,0.0
303,A_original,7,merge,joint_pairing,14.98095056745741,0.2317256927490234,0.0157110420864476
303,A_original,7,merge,ordinary,14.909874068366156,0.16064919365777,0.0108920431427719
303,A_original,8,intersection,correct,13.504277759128149,0.0,0.0
303,A_original,8,intersection,joint_pairing,13.615170213911268,0.1108924547831211,0.0082116538745038
303,A_original,8,intersection,ordinary,13.844297779930962,0.3400200208028145,0.0251786898098256
303,A_original,9,merge,correct,18.25193246205648,0.0,0.0
303,A_original,9,merge,joint_pairing,18.488937695821125,0.2370052337646484,0.0129852131689263
303,A_original,9,merge,ordinary,18.508741696675617,0.2568092346191406,0.0140702490080442
303,A_original,10,intersection,correct,13.229979621039496,0.0,0.0
303,A_original,10,intersection,joint_pairing,13.48267544640435,0.252695825364853,0.019100242978681
303,A_original,10,intersection,ordinary,13.552513970269096,0.3225343492295991,0.0243790510997217
303,A_original,11,merge,correct,16.039619233873154,0.0,0.0
303,A_original,11,merge,joint_pairing,16.182037565443252,0.1424183315700986,0.0088791591304944
303,A_original,11,merge,ordinary,16.30446762508816,0.2648483912150077,0.0165121370621872
303,A_original,12,intersection,correct,14.919008149041067,0.0,0.0
303,A_original,12,intersection,joint_pairing,15.027520179748535,0.108512030707466,0.0072734078313672
303,A_original,12,intersection,ordinary,15.450059360928003,0.5310512118869362,0.0355956110876627
303,A_original,13,merge,correct,17.852958149380154,0.0,0.0
303,A_original,13,merge,joint_pairing,18.120074166191948,0.2671160168117943,0.014962003191671
303,A_original,13,merge,ordinary,18.04184415605333,0.1888860066731759,0.0105800957517918
303,A_original,14,intersection,correct,14.62088351779514,0.0,0.0
303,A_original,14,intersection,joint_pairing,14.897271315256754,0.2763877974616147,0.0189036317213813
303,A_original,14,intersection,ordinary,15.067265351613363,0.4463818338182239,0.0305304281560638
303,A_original,15,merge,correct,19.683380338880752,0.0,0.0
303,A_original,15,merge,joint_pairing,19.84798473782009,0.1646043989393426,0.0083626082565806
303,A_original,15,merge,ordinary,19.998682763841416,0.3153024249606631,0.0160187132256872
303,B_factorial,0,intersection,correct,3.190280728869968,0.0,0.0
303,B_factorial,0,intersection,joint_pairing,4.313742478688558,1.1234617498185897,0.3521513764139909
303,B_factorial,0,intersection,ordinary,21.00670115152995,17.81642042265998,5.584593312253982
303,B_factorial,1,merge,correct,12.720455010732016,0.0,0.0
303,B_factorial,1,merge,joint_pairing,18.57947603861491,5.859021027882895,0.4605983844870129
303,B_factorial,1,merge,ordinary,21.84075684017605,9.120301829444037,0.7169792135383053
303,B_factorial,2,intersection,correct,2.8094201816452875,0.0,0.0
303,B_factorial,2,intersection,joint_pairing,13.194059491157532,10.384639309512243,3.696363889374021
303,B_factorial,2,intersection,ordinary,16.144419060813057,13.33499887916777,4.74653060666716
303,B_factorial,3,merge,correct,8.72460216946072,0.0,0.0
303,B_factorial,3,merge,joint_pairing,13.706736352708605,4.982134183247885,0.5710442821894122
303,B_factorial,3,merge,ordinary,21.811880535549587,13.087278366088867,1.500042994728069
303,B_factorial,4,intersection,correct,2.497276716762119,0.0,0.0
303,B_factorial,4,intersection,joint_pairing,3.22409098678165,0.7268142700195312,0.2910427447391144
303,B_factorial,4,intersection,ordinary,17.17773707707723,14.68046036031511,5.87858776793838
303,B_factorial,5,merge,correct,11.70300817489624,0.0,0.0
303,B_factorial,5,merge,joint_pairing,21.009095085991756,9.306086911095512,0.795187593823758
303,B_factorial,5,merge,ordinary,19.341825909084744,7.638817734188503,0.652722583803222
303,B_factorial,6,intersection,correct,3.194253272480435,0.0,0.0
303,B_factorial,6,intersection,joint_pairing,7.324169490072462,4.129916217592028,1.2929207126975943
303,B_factorial,6,intersection,ordinary,17.903862105475532,14.709608832995098,4.605022701150006
303,B_factorial,7,merge,correct,6.2329889800813465,0.0,0.0
303,B_factorial,7,merge,joint_pairing,13.904532843165928,7.671543863084581,1.2307969559388598
303,B_factorial,7,merge,ordinary,13.219180160098606,6.98619118001726,1.12084125326435
303,B_factorial,8,intersection,correct,2.3139902684423657,0.0,0.0
303,B_factorial,8,intersection,joint_pairing,9.031086338890924,6.717096070448557,2.902819498445898
303,B_factorial,8,intersection,ordinary,16.42543782128228,14.111447552839914,6.098317588145633
303,B_factorial,9,merge,correct,10.102351678742302,0.0,0.0
303,B_factorial,9,merge,joint_pairing,19.444029808044437,9.341678129302132,0.9247033192240964
303,B_factorial,9,merge,ordinary,21.321673499213325,11.219321820471023,1.1105653591607871
303,B_factorial,10,intersection,correct,2.2942296928829617,0.0,0.0
303,B_factorial,10,intersection,joint_pairing,12.167792267269558,9.873562574386597,4.303650416963847
303,B_factorial,10,intersection,ordinary,15.10305631160736,12.8088266187244,5.583062000487251
303,B_factorial,11,merge,correct,8.330659826596579,0.0,0.0
303,B_factorial,11,merge,joint_pairing,14.13590579562717,5.805245969030592,0.696853081252542
303,B_factorial,11,merge,ordinary,18.933860937754314,10.603201111157736,1.2727924716486214
303,B_factorial,12,intersection,correct,4.009888331095378,0.0,0.0
303,B_factorial,12,intersection,joint_pairing,10.49567953745524,6.485791206359862,1.6174493329563977
303,B_factorial,12,intersection,ordinary,21.062589645385746,17.052701314290363,4.252662395122632
303,B_factorial,13,merge,correct,9.149192604753706,0.0,0.0
303,B_factorial,13,merge,joint_pairing,18.81315729353163,9.663964688777924,1.0562642089048118
303,B_factorial,13,merge,ordinary,16.77938307656182,7.630190471808115,0.8339741878254532
303,B_factorial,14,intersection,correct,2.58386931154463,0.0,0.0
303,B_factorial,14,intersection,joint_pairing,12.036973237991331,9.453103926446705,3.6585069857096073
303,B_factorial,14,intersection,ordinary,18.415848943922256,15.831979632377626,6.1272369936207465
303,B_factorial,15,merge,correct,12.455721378326416,0.0,0.0
303,B_factorial,15,merge,joint_pairing,20.480769475301106,8.02504809697469,0.6442860957807452
303,B_factorial,15,merge,ordinary,24.78942108154297,12.333699703216553,0.9902035641771668
303,C_difference,0,intersection,correct,2.5494419071409435,0.0,0.0
303,C_difference,0,intersection,joint_pairing,3.707599838574728,1.158157931433784,0.4542790044322262
303,C_difference,0,intersection,ordinary,22.28555096520318,19.736109058062237,7.741344881317644
303,C_difference,1,merge,correct,12.210337585873074,0.0,0.0
303,C_difference,1,merge,joint_pairing,18.26885610156589,6.058518515692818,0.496179444104994
303,C_difference,1,merge,ordinary,22.53916221194797,10.328824626074898,0.845908194874561
303,C_difference,2,intersection,correct,2.129115263621012,0.0,0.0
303,C_difference,2,intersection,joint_pairing,12.93890698750814,10.809791723887129,5.077128471430327
303,C_difference,2,intersection,ordinary,16.890244907803005,14.761129644181992,6.932987563612484
303,C_difference,3,merge,correct,7.41306542025672,0.0,0.0
303,C_difference,3,merge,joint_pairing,13.064840104844835,5.651774684588115,0.7624072315811816
303,C_difference,3,merge,ordinary,21.70631052388085,14.29324510362413,1.9281153333095964
303,C_difference,4,intersection,correct,1.9524210294087727,0.0,0.0
303,C_difference,4,intersection,joint_pairing,3.002059135172102,1.0496381057633293,0.5376084819580016
303,C_difference,4,intersection,ordinary,18.74094365702735,16.78852262761858,8.598822884376757
303,C_difference,5,merge,correct,11.285560925801596,0.0,0.0
303,C_difference,5,merge,joint_pairing,21.15028402540419,9.864723099602594,0.874101266606021
303,C_difference,5,merge,ordinary,19.617281172010635,8.33172024620904,0.7382637248593162
303,C_difference,6,intersection,correct,2.635526339213053,0.0,0.0
303,C_difference,6,intersection,joint_pairing,7.225333597924974,4.589807258711922,1.7415144711027248
303,C_difference,6,intersection,ordinary,19.532567977905277,16.89704163869222,6.411258877320702
303,C_difference,7,merge,correct,5.858838339646657,0.0,0.0
303,C_difference,7,merge,joint_pairing,14.248611072699228,8.38977273305257,1.431985702059592
303,C_difference,7,merge,ordinary,13.979770918687183,8.120932579040527,1.3860994463845024
303,C_difference,8,intersection,correct,1.8583148850335016,0.0,0.0
303,C_difference,8,intersection,joint_pairing,8.970597902933756,7.112283017900254,3.827275493072335
303,C_difference,8,intersection,ordinary,16.58578156100379,14.727466675970293,7.925172851265616
303,C_difference,9,merge,correct,9.472667151027256,0.0,0.0
303,C_difference,9,merge,joint_pairing,19.442454708947075,9.96978755791982,1.0524794547266083
303,C_difference,9,merge,ordinary,21.962608761257595,12.48994161023034,1.318524277386425
303,C_difference,10,intersection,correct,2.0800371964772544,0.0,0.0
303,C_difference,10,intersection,joint_pairing,12.35669175783793,10.276654561360676,4.940610955787325
303,C_difference,10,intersection,ordinary,15.400757551193236,13.320720354715982,6.40407795460385
303,C_difference,11,merge,correct,8.212284564971924,0.0,0.0
303,C_difference,11,merge,joint_pairing,14.317035833994549,6.104751269022623,0.743368209019617
303,C_difference,11,merge,ordinary,19.27961603800456,11.067331473032636,1.3476556231670809
303,C_difference,12,intersection,correct,3.6296759446462,0.0,0.0
303,C_difference,12,intersection,joint_pairing,10.159483167860245,6.529807223214043,1.7990055649032692
303,C_difference,12,intersection,ordinary,22.650441275702583,19.020765331056385,5.240348069946068
303,C_difference,13,merge,correct,8.998793760935465,0.0,0.0
303,C_difference,13,merge,joint_pairing,19.356927235921223,10.358133474985758,1.151057991789
303,C_difference,13,merge,ordinary,16.957484775119358,7.958691014183893,0.8844175370184895
303,C_difference,14,intersection,correct,2.1356184548801846,0.0,0.0
303,C_difference,14,intersection,joint_pairing,11.857714825206331,9.722096370326147,4.552356413716977
303,C_difference,14,intersection,ordinary,19.953546788957382,17.817928334077198,8.343217063591466
303,C_difference,15,merge,correct,11.984587775336372,0.0,0.0
303,C_difference,15,merge,joint_pairing,20.45049222310384,8.465904447767468,0.7063993027102557
303,C_difference,15,merge,ordinary,25.74845716688368,13.76386939154731,1.1484641482515237
303,independent,0,intersection,correct,4.381360464625889,0.0,0.0
303,independent,0,intersection,joint_pairing,4.943067378467983,0.5617069138420945,0.1282037664732653
303,independent,0,intersection,ordinary,21.115041097005207,16.73368063237932,3.8192887272077383
303,independent,1,merge,correct,11.90632184346517,0.0,0.0
303,independent,1,merge,joint_pairing,17.151703516642254,5.245381673177084,0.4405543325755159
303,independent,1,merge,ordinary,21.064134385850693,9.157812542385525,0.7691554673882617
303,independent,2,intersection,correct,3.8191296524471703,0.0,0.0
303,independent,2,intersection,joint_pairing,12.604700618320042,8.785570965872871,2.300411812477581
303,independent,2,intersection,ordinary,15.954386525683931,12.135256873236765,3.177492773899649
303,independent,3,merge,correct,8.669959439171684,0.0,0.0
303,independent,3,merge,joint_pairing,13.146875964270698,4.476916525099014,0.5163711037530221
303,independent,3,merge,ordinary,20.565731790330677,11.895772351158987,1.372067820457473
303,independent,4,intersection,correct,3.146435115072462,0.0,0.0
303,independent,4,intersection,joint_pairing,3.896195742819044,0.749760627746582,0.238288920739214
303,independent,4,intersection,ordinary,17.608351363076103,14.46191624800364,4.596286183918521
303,independent,5,merge,correct,10.989035076565212,0.0,0.0
303,independent,5,merge,joint_pairing,19.71426969104343,8.725234614478218,0.7939946095071908
303,independent,5,merge,ordinary,17.91759575737847,6.928560680813259,0.6304976399237125
303,independent,6,intersection,correct,3.698541813426548,0.0,0.0
303,independent,6,intersection,joint_pairing,7.347569055027431,3.649027241600884,0.9866124071800636
303,independent,6,intersection,ordinary,18.006717363993328,14.30817555056678,3.86859910536224
303,independent,7,merge,correct,5.728395011689928,0.0,0.0
303,independent,7,merge,joint_pairing,13.149010313881767,7.420615302191839,1.2954091481206516
303,independent,7,merge,ordinary,12.774443282021416,7.046048270331488,1.2300213682807533
303,independent,8,intersection,correct,2.9111164940728083,0.0,0.0
303,independent,8,intersection,joint_pairing,8.969321091969809,6.058204597897,2.0810588000280426
303,independent,8,intersection,ordinary,15.978055583106148,13.06693908903334,4.488634898547804
303,independent,9,merge,correct,9.339494864145914,0.0,0.0
303,independent,9,merge,joint_pairing,18.500070148044163,9.160575283898249,0.9808426919388828
303,independent,9,merge,ordinary,20.341393682691788,11.001898818545872,1.177997202052317
303,independent,10,intersection,correct,3.310105986065335,0.0,0.0
303,independent,10,intersection,joint_pairing,11.90014754401313,8.590041557947796,2.595095623556945
303,independent,10,intersection,ordinary,14.630011717478434,11.3199057314131,3.4198015951957093
303,independent,11,merge,correct,7.783442258834839,0.0,0.0
303,independent,11,merge,joint_pairing,13.270794868469238,5.487352609634399,0.7050033169329173
303,independent,11,merge,ordinary,17.65972163942125,9.87627938058641,1.2688832334274762
303,independent,12,intersection,correct,4.591368509663476,0.0,0.0
303,independent,12,intersection,joint_pairing,9.77321990331014,5.181851393646665,1.1286071642344533
303,independent,12,intersection,ordinary,20.994322882758247,16.402954373094772,3.572563243087849
303,independent,13,merge,correct,8.923253377278646,0.0,0.0
303,independent,13,merge,joint_pairing,17.99811331431071,9.074859937032064,1.016990054338192
303,independent,13,merge,ordinary,16.123301612006294,7.200048234727648,0.806886001137342
303,independent,14,intersection,correct,3.649614440070258,0.0,0.0
303,independent,14,intersection,joint_pairing,12.258419301774769,8.60880486170451,2.3588258439537477
303,independent,14,intersection,ordinary,18.64892766210768,14.999313222037422,4.109835016366461
303,independent,15,merge,correct,11.823323567708334,0.0,0.0
303,independent,15,merge,joint_pairing,19.02143308851454,7.198109520806208,0.6088059317318835
303,independent,15,merge,ordinary,23.65082380506728,11.827500237358942,1.0003532568170606
303,privileged,0,intersection,correct,4.903374234835307,0.0,0.0
303,privileged,0,intersection,joint_pairing,5.966599212752448,1.063224977917141,0.2168353723367908
303,privileged,0,intersection,ordinary,22.187973022460938,17.28459878762563,3.525041728373437
303,privileged,1,merge,correct,12.74632363849216,0.0,0.0
303,privileged,1,merge,joint_pairing,18.026282840304905,5.279959201812744,0.4142338882615521
303,privileged,1,merge,ordinary,21.28389506869846,8.537571430206299,0.6698065789279033
303,privileged,2,intersection,correct,3.458920849694146,0.0,0.0
303,privileged,2,intersection,joint_pairing,13.742537948820326,10.28361709912618,2.9730709507375703
303,privileged,2,intersection,ordinary,16.480654345618355,13.02173349592421,3.7646809689431455
303,privileged,3,merge,correct,9.716724236806234,0.0,0.0
303,privileged,3,merge,joint_pairing,14.371509075164797,4.654784838358561,0.4790487745578473
303,privileged,3,merge,ordinary,20.84930070241292,11.132576465606688,1.1457129166470843
303,privileged,4,intersection,correct,3.730412112341986,0.0,0.0
303,privileged,4,intersection,joint_pairing,4.687740378909641,0.9573282665676546,0.256628017960899
303,privileged,4,intersection,ordinary,17.937669224209255,14.207257111867268,3.80849533081422
303,privileged,5,merge,correct,12.132705582512749,0.0,0.0
303,privileged,5,merge,joint_pairing,21.09327332178752,8.960567739274769,0.7385465408630634
303,privileged,5,merge,ordinary,18.9187650680542,6.78605948554145,0.5593195548503551
303,privileged,6,intersection,correct,3.947954773902893,0.0,0.0
303,privileged,6,intersection,joint_pairing,7.939868357446459,3.9919135835435657,1.0111345778151395
303,privileged,6,intersection,ordinary,18.739218711853027,14.791263937950134,3.7465636728476746
303,privileged,7,merge,correct,6.732929282718235,0.0,0.0
303,privileged,7,merge,joint_pairing,14.099693987104628,7.366764704386393,1.0941396226000857
303,privileged,7,merge,ordinary,13.65332974327935,6.920400460561115,1.0278439249798854
303,privileged,8,intersection,correct,2.8206372790866427,0.0,0.0
303,privileged,8,intersection,joint_pairing,9.335798343022663,6.515161063936022,2.309818817272993
303,privileged,8,intersection,ordinary,15.75196255577935,12.931325276692707,4.584540299658817
303,privileged,9,merge,correct,10.522023876508078,0.0,0.0
303,privileged,9,merge,joint_pairing,18.874429914686417,8.352406038178339,0.793802231985643
303,privileged,9,merge,ordinary,20.4935056898329,9.971481813324823,0.947677170319636
303,privileged,10,intersection,correct,2.742394381099277,0.0,0.0
303,privileged,10,intersection,joint_pairing,12.690092775556776,9.9476983944575,3.6273770333754864
303,privileged,10,intersection,ordinary,14.674359348085192,11.931964966985914,4.350929628948204
303,privileged,11,merge,correct,8.759853177600437,0.0,0.0
303,privileged,11,merge,joint_pairing,14.133353233337402,5.373500055736965,0.6134235296862491
303,privileged,11,merge,ordinary,18.24432298872206,9.484469811121624,1.0827201802164996
303,privileged,12,intersection,correct,5.142264948950873,0.0,0.0
303,privileged,12,intersection,joint_pairing,10.622705221176147,5.480440272225274,1.0657638854924023
303,privileged,12,intersection,ordinary,21.92946720123291,16.787202252282036,3.2645541252608865
303,privileged,13,merge,correct,10.251399993896484,0.0,0.0
303,privileged,13,merge,joint_pairing,18.905476835038925,8.654076841142441,0.8441848768260858
303,privileged,13,merge,ordinary,17.06975555419922,6.818355560302734,0.6651145759956953
303,privileged,14,intersection,correct,4.1934685707092285,0.0,0.0
303,privileged,14,intersection,joint_pairing,13.227497100830078,9.03402853012085,2.154309345066333
303,privileged,14,intersection,ordinary,19.639254993862576,15.445786423153349,3.683296097898511
303,privileged,15,merge,correct,12.83626784218682,0.0,0.0
303,privileged,15,merge,joint_pairing,19.15606329176161,6.319795449574791,0.4923390137438994
303,privileged,15,merge,ordinary,23.92570357852512,11.0894357363383,0.8639143302925247
303,D_pairwise,0,intersection,correct,4.451003524992201,0.0,0.0
303,D_pairwise,0,intersection,joint_pairing,5.526530981063843,1.075527456071642,0.2416370712879916
303,D_pairwise,0,intersection,ordinary,23.038589901394317,18.587586376402115,4.17604395773528
303,D_pairwise,1,merge,correct,11.74769597583347,0.0,0.0
303,D_pairwise,1,merge,joint_pairing,17.431687778896755,5.683991803063286,0.483838857828462
303,D_pairwise,1,merge,ordinary,21.717519654168026,9.969823678334553,0.8486620439313182
303,D_pairwise,2,intersection,correct,3.6833845244513617,0.0,0.0
303,D_pairwise,2,intersection,joint_pairing,13.968750423855251,10.285365899403889,2.7923682230640554
303,D_pairwise,2,intersection,ordinary,17.14248487684462,13.459100352393255,3.654003610822573
303,D_pairwise,3,merge,correct,7.654048416349623,0.0,0.0
303,D_pairwise,3,merge,joint_pairing,13.018445359336006,5.364396942986383,0.7008574614615226
303,D_pairwise,3,merge,ordinary,20.840888659159344,13.18684024280972,1.722858221623166
303,D_pairwise,4,intersection,correct,3.500752157635159,0.0,0.0
303,D_pairwise,4,intersection,joint_pairing,4.56441855430603,1.0636663966708713,0.3038393890155888
303,D_pairwise,4,intersection,ordinary,18.81584215164185,15.315089994006687,4.3747998442575815
303,D_pairwise,5,merge,correct,10.866379525926378,0.0,0.0
303,D_pairwise,5,merge,joint_pairing,20.602462768554688,9.73608324262831,0.8959822560401773
303,D_pairwise,5,merge,ordinary,18.571032524108887,7.7046529981825085,0.7090358826322765
303,D_pairwise,6,intersection,correct,4.227815734015571,0.0,0.0
303,D_pairwise,6,intersection,joint_pairing,8.277989149093628,4.050173415078057,0.9579824831275724
303,D_pairwise,6,intersection,ordinary,20.12785201602512,15.900036282009548,3.760815816565337
303,D_pairwise,7,merge,correct,5.656529969639248,0.0,0.0
303,D_pairwise,7,merge,joint_pairing,13.70985503991445,8.053325070275202,1.4237218070973665
303,D_pairwise,7,merge,ordinary,13.470943570137024,7.814413600497776,1.3814854057948445
303,D_pairwise,8,intersection,correct,2.7170405122968884,0.0,0.0
303,D_pairwise,8,intersection,joint_pairing,9.062011612786186,6.344971100489298,2.3352508259530835
303,D_pairwise,8,intersection,ordinary,15.86446091863844,13.147420406341553,4.838875367090937
303,D_pairwise,9,merge,correct,9.33320559395684,0.0,0.0
303,D_pairwise,9,merge,joint_pairing,18.588775475819904,9.255569881863064,0.991681774143704
303,D_pairwise,9,merge,ordinary,20.68101808759901,11.347812493642174,1.215853693503738
303,D_pairwise,10,intersection,correct,2.6678477790620594,0.0,0.0
303,D_pairwise,10,intersection,joint_pairing,12.702721860673693,10.034874081611632,3.761411786822266
303,D_pairwise,10,intersection,ordinary,15.345851288901436,12.678003509839376,4.752146509009823
303,D_pairwise,11,merge,correct,7.672813879119025,0.0,0.0
303,D_pairwise,11,merge,joint_pairing,13.5352799627516,5.862466083632575,0.7640568604937528
303,D_pairwise,11,merge,ordinary,18.03366820017497,10.360854321055944,1.3503330700164922
303,D_pairwise,12,intersection,correct,5.422616455290052,0.0,0.0
303,D_pairwise,12,intersection,joint_pairing,10.7264371448093,5.303820689519247,0.9780925376614248
303,D_pairwise,12,intersection,ordinary,23.24670230017768,17.824085844887627,3.286989959892752
303,D_pairwise,13,merge,correct,8.72205564710829,0.0,0.0
303,D_pairwise,13,merge,joint_pairing,18.56579801771376,9.84374237060547,1.1286034816653645
303,D_pairwise,13,merge,ordinary,16.384934584299724,7.662878937191435,0.8785634083556879
303,D_pairwise,14,intersection,correct,3.700054062737359,0.0,0.0
303,D_pairwise,14,intersection,joint_pairing,12.897420671251083,9.197366608513724,2.485738438564697
303,D_pairwise,14,intersection,ordinary,20.58025524351332,16.880201180775963,4.562149875260936
303,D_pairwise,15,merge,correct,11.600904067357382,0.0,0.0
303,D_pairwise,15,merge,joint_pairing,19.23069794972737,7.629793882369993,0.6576895936790568
303,D_pairwise,15,merge,ordinary,24.40854305691189,12.80763898955451,1.1040207655533192
