seed,model,family_id,scenario,objective,delay,progress,queue,conflicts,collisions,completed,regret_to_oracle
0,oracle,0,intersection,2.86889885365963,4.70853853225708,4.871602535247803,1.899999976158142,5,0,0,0.0
0,oracle,1,merge,7.17157264381647,7.276513576507568,3.260487794876098,3.700000286102295,3,0,0,0.0
0,oracle,2,intersection,4.516995609104633,5.349803924560547,4.464929580688477,2.900000095367432,6,0,0,0.0
0,oracle,3,merge,7.728113199323415,7.526055335998535,2.9356794357299805,4.59999942779541,1,0,1,0.0
0,oracle,4,intersection,4.1474817322194575,4.330557346343994,5.418266773223877,0.9000000357627869,12,1,0,0.0
0,oracle,5,merge,9.249825331121682,7.57337760925293,3.042261838912964,4.099999904632568,4,1,0,0.0
0,oracle,6,intersection,3.4072325222194197,4.765377044677734,4.942109107971191,1.8000000715255735,8,0,0,0.0
0,oracle,7,merge,3.02752277508378,5.4695234298706055,4.2626543045043945,1.399999976158142,1,0,0,0.0
0,oracle,8,intersection,3.182185784876346,4.2883734703063965,5.237038612365723,1.5999999046325684,11,0,0,0.0
0,oracle,9,merge,4.011472107023001,6.179669380187988,4.123280048370361,2.0999999046325684,0,0,0,0.0
0,oracle,10,intersection,4.933097075670957,5.412220478057861,4.274460792541504,2.900000095367432,7,0,0,0.0
0,oracle,11,merge,4.1943226553499695,6.065739631652832,3.904650211334229,2.400000095367432,0,0,0,0.0
0,oracle,12,intersection,4.564525392800569,5.278379440307617,5.023631572723389,2.0,11,0,0,0.0
0,oracle,13,merge,2.894846908301115,5.426562309265137,4.680689334869385,1.100000023841858,3,0,0,0.0
0,oracle,14,intersection,3.1407394292950626,3.678321838378906,5.3554792404174805,1.2999999523162842,9,1,0,0.0
0,oracle,15,merge,9.357443105876444,7.148016929626465,3.3294951915740967,3.200000047683716,4,2,0,0.0
0,heuristic,0,intersection,6.777425406277179,6.091161251068115,3.8735079765319824,2.900000095367432,11,0,0,3.908526552617549
0,heuristic,1,merge,12.488167488873009,8.59527587890625,2.4202539920806885,5.100000381469727,4,2,0,5.316594845056539
0,heuristic,2,intersection,8.157151935100554,6.819901943206787,3.4725000858306885,4.0,10,0,0,3.640156325995921
0,heuristic,3,merge,18.60531864926219,8.92951774597168,2.0011954307556152,5.600000381469727,12,5,0,10.877205449938776
0,heuristic,4,intersection,7.899339520186187,6.037760257720947,4.275854110717773,2.6999998092651367,13,1,0,3.7518577879667294
0,heuristic,5,merge,18.680490479320287,8.856355667114258,2.1955554485321045,5.0,9,6,0,9.430665148198605
0,heuristic,6,intersection,8.59794994816184,6.427777290344238,3.816773176193237,3.400000095367432,11,1,0,5.19071742594242
0,heuristic,7,merge,6.650262614786624,7.344536781311035,3.0896124839782715,2.200000047683716,3,0,0,3.622739839702844
0,heuristic,8,intersection,6.82285857990384,6.790355205535889,3.6045982837677,3.5999999046325684,5,0,0,3.6406727950274935
0,heuristic,9,merge,7.201757105588912,7.703027248382568,3.053257942199707,2.900000095367432,2,0,0,3.190284998565911
0,heuristic,10,intersection,8.534988465458154,6.888633728027344,3.338303804397583,4.0,11,0,0,3.6018913897871974
0,heuristic,11,merge,10.042491052150726,7.744225025177002,2.869468927383423,3.799999952316284,7,1,0,5.848168396800757
0,heuristic,12,intersection,9.939009647965433,6.70366907119751,3.9844892024993896,3.000000238418579,18,1,0,5.374484255164864
0,heuristic,13,merge,12.453473970890045,7.463535308837891,3.272357940673828,2.5999999046325684,7,4,0,9.55862706258893
0,heuristic,14,intersection,6.452584526985884,5.884496212005615,3.8873708248138423,3.0999999046325684,10,0,0,3.3118450976908216
0,heuristic,15,merge,12.748736636191609,8.285244941711426,2.5417630672454834,4.0,4,3,0,3.3912935303151652
0,noop,0,intersection,4.0963333626091485,5.328780651092529,4.418403148651123,2.000000238418579,6,0,0,1.2274345089495187
0,noop,1,merge,19.57990939334035,7.813963413238525,2.913522720336914,4.099999904632568,12,8,0,12.408336749523881
0,noop,2,intersection,5.66782362997532,5.948206901550293,4.016841411590576,2.900000095367432,7,0,0,1.1508280208706871
0,noop,3,merge,9.034014889523386,8.169455528259277,2.4785425662994385,4.799999713897705,2,0,0,1.3059016901999705
0,noop,4,intersection,6.164914718419313,5.082654476165772,4.893689155578613,1.4000000953674316,9,2,0,2.0174329861998554
0,noop,5,merge,11.900152110308408,8.122844696044922,2.659384489059448,4.099999904632568,7,2,0,2.6503267791867255
0,noop,6,intersection,5.86330742135644,5.307979583740234,4.54941463470459,2.200000047683716,9,1,0,2.4560748991370205
0,noop,7,merge,9.623159995526075,6.456118583679199,3.608107328414917,1.600000023841858,8,3,0,6.5956372204422955
0,noop,8,intersection,4.797109188437461,5.593364238739014,4.349715232849121,2.0,8,0,0,1.6149234035611149
0,noop,9,merge,5.045771412700415,6.636972904205322,3.76738715171814,1.899999976158142,2,0,0,1.0342993056774148
0,noop,10,intersection,6.250909784287215,6.001905918121338,3.858020305633545,2.900000095367432,9,0,0,1.317812708616258
0,noop,11,merge,6.497036467641593,7.250852584838867,3.132946729660034,3.0,1,0,0,2.302713812291623
0,noop,12,intersection,5.374516490697861,5.878576755523682,4.559885501861572,2.0999999046325684,10,0,0,0.8099910978972922
0,noop,13,merge,5.909896075278521,6.807392120361328,3.713201999664306,2.0,5,0,0,3.015049166977406
0,noop,14,intersection,5.269627825170756,4.8633012771606445,4.55751371383667,1.900000095367432,9,1,0,2.128888395875693
0,noop,15,merge,23.600955218672752,7.549900054931641,3.0195584297180176,3.200000047683716,12,12,0,14.243512112796308
101,A_original,0,intersection,3.1831968703866003,4.679680824279785,4.941743850708008,1.899999976158142,7,0,0,0.31429801672697044
101,A_original,1,merge,17.98049082770944,6.936927318572998,3.569526672363281,3.700000286102295,12,8,0,10.808918183892969
101,A_original,2,intersection,4.50877595692873,5.349803924560547,4.474202632904053,2.900000095367432,6,0,0,-0.008219652175903036
101,A_original,3,merge,7.856412193328142,7.498976230621338,2.990567445755005,4.59999942779541,2,0,1,0.12829899400472655
101,A_original,4,intersection,6.7962551283836365,3.655954837799072,5.882496356964111,0.7000000476837158,19,3,0,2.648773396164179
101,A_original,5,merge,10.714246263951065,7.509527206420898,3.131162166595459,4.099999904632568,6,2,1,1.4644209328293822
101,A_original,6,intersection,7.469659105688334,4.35427713394165,5.226529121398926,1.600000023841858,14,3,0,4.062426583468914
101,A_original,7,merge,8.207540755718947,5.002510070800781,4.5795207023620605,1.2000000476837158,13,3,0,5.180017980635167
101,A_original,8,intersection,3.173713646233081,4.2883734703063965,5.246522426605225,1.5999999046325684,11,0,0,-0.008472138643265126
101,A_original,9,merge,4.463836774528026,5.9021100997924805,4.342403411865234,1.899999976158142,5,0,0,0.4523646675050257
101,A_original,10,intersection,5.065459586232901,5.378899097442627,4.316650867462158,2.900000095367432,8,0,0,0.13236251056194437
101,A_original,11,merge,4.559730340242385,6.054793357849121,3.9337124824523926,2.400000095367432,2,0,0,0.36540768489241593
101,A_original,12,intersection,4.548619880229234,5.278379440307617,5.042616367340088,2.0,11,0,0,-0.015905512571334768
101,A_original,13,merge,3.441037607043982,5.280737400054932,4.815781593322754,1.100000023841858,7,0,0,0.5461906987428669
101,A_original,14,intersection,3.1299000051617623,3.678321838378906,5.368070602416992,1.2999999523162842,9,1,0,-0.010839424133300302
101,A_original,15,merge,22.61204694211483,6.94805908203125,3.5099236965179443,3.200000047683716,12,12,0,13.254603836238386
101,B_factorial,0,intersection,3.1831968703866003,4.679680824279785,4.941743850708008,1.899999976158142,7,0,0,0.31429801672697044
101,B_factorial,1,merge,17.98049082770944,6.936927318572998,3.569526672363281,3.700000286102295,12,8,0,10.808918183892969
101,B_factorial,2,intersection,4.50877595692873,5.349803924560547,4.474202632904053,2.900000095367432,6,0,0,-0.008219652175903036
101,B_factorial,3,merge,7.856412193328142,7.498976230621338,2.990567445755005,4.59999942779541,2,0,1,0.12829899400472655
101,B_factorial,4,intersection,6.7962551283836365,3.655954837799072,5.882496356964111,0.7000000476837158,19,3,0,2.648773396164179
101,B_factorial,5,merge,10.714246263951065,7.509527206420898,3.131162166595459,4.099999904632568,6,2,1,1.4644209328293822
101,B_factorial,6,intersection,7.469659105688334,4.35427713394165,5.226529121398926,1.600000023841858,14,3,0,4.062426583468914
101,B_factorial,7,merge,8.207540755718947,5.002510070800781,4.5795207023620605,1.2000000476837158,13,3,0,5.180017980635167
101,B_factorial,8,intersection,3.173713646233081,4.2883734703063965,5.246522426605225,1.5999999046325684,11,0,0,-0.008472138643265126
101,B_factorial,9,merge,4.463836774528026,5.9021100997924805,4.342403411865234,1.899999976158142,5,0,0,0.4523646675050257
101,B_factorial,10,intersection,5.065459586232901,5.378899097442627,4.316650867462158,2.900000095367432,8,0,0,0.13236251056194437
101,B_factorial,11,merge,4.559730340242385,6.054793357849121,3.9337124824523926,2.400000095367432,2,0,0,0.36540768489241593
101,B_factorial,12,intersection,4.548619880229234,5.278379440307617,5.042616367340088,2.0,11,0,0,-0.015905512571334768
101,B_factorial,13,merge,3.441037607043982,5.280737400054932,4.815781593322754,1.100000023841858,7,0,0,0.5461906987428669
101,B_factorial,14,intersection,3.1299000051617623,3.678321838378906,5.368070602416992,1.2999999523162842,9,1,0,-0.010839424133300302
101,B_factorial,15,merge,22.61204694211483,6.94805908203125,3.5099236965179443,3.200000047683716,12,12,0,13.254603836238386
101,C_difference,0,intersection,3.1831968703866003,4.679680824279785,4.941743850708008,1.899999976158142,7,0,0,0.31429801672697044
101,C_difference,1,merge,17.98049082770944,6.936927318572998,3.569526672363281,3.700000286102295,12,8,0,10.808918183892969
101,C_difference,2,intersection,4.50877595692873,5.349803924560547,4.474202632904053,2.900000095367432,6,0,0,-0.008219652175903036
101,C_difference,3,merge,7.856412193328142,7.498976230621338,2.990567445755005,4.59999942779541,2,0,1,0.12829899400472655
101,C_difference,4,intersection,6.7962551283836365,3.655954837799072,5.882496356964111,0.7000000476837158,19,3,0,2.648773396164179
101,C_difference,5,merge,10.714246263951065,7.509527206420898,3.131162166595459,4.099999904632568,6,2,1,1.4644209328293822
101,C_difference,6,intersection,7.469659105688334,4.35427713394165,5.226529121398926,1.600000023841858,14,3,0,4.062426583468914
101,C_difference,7,merge,8.207540755718947,5.002510070800781,4.5795207023620605,1.2000000476837158,13,3,0,5.180017980635167
101,C_difference,8,intersection,3.173713646233081,4.2883734703063965,5.246522426605225,1.5999999046325684,11,0,0,-0.008472138643265126
101,C_difference,9,merge,4.463836774528026,5.9021100997924805,4.342403411865234,1.899999976158142,5,0,0,0.4523646675050257
101,C_difference,10,intersection,5.065459586232901,5.378899097442627,4.316650867462158,2.900000095367432,8,0,0,0.13236251056194437
101,C_difference,11,merge,4.559730340242385,6.054793357849121,3.9337124824523926,2.400000095367432,2,0,0,0.36540768489241593
101,C_difference,12,intersection,4.548619880229234,5.278379440307617,5.042616367340088,2.0,11,0,0,-0.015905512571334768
101,C_difference,13,merge,3.441037607043982,5.280737400054932,4.815781593322754,1.100000023841858,7,0,0,0.5461906987428669
101,C_difference,14,intersection,3.1299000051617623,3.678321838378906,5.368070602416992,1.2999999523162842,9,1,0,-0.010839424133300302
101,C_difference,15,merge,22.61204694211483,6.94805908203125,3.5099236965179443,3.200000047683716,12,12,0,13.254603836238386
101,independent,0,intersection,3.1831968703866003,4.679680824279785,4.941743850708008,1.899999976158142,7,0,0,0.31429801672697044
101,independent,1,merge,17.98049082770944,6.936927318572998,3.569526672363281,3.700000286102295,12,8,0,10.808918183892969
101,independent,2,intersection,4.50877595692873,5.349803924560547,4.474202632904053,2.900000095367432,6,0,0,-0.008219652175903036
101,independent,3,merge,7.856412193328142,7.498976230621338,2.990567445755005,4.59999942779541,2,0,1,0.12829899400472655
101,independent,4,intersection,6.7962551283836365,3.655954837799072,5.882496356964111,0.7000000476837158,19,3,0,2.648773396164179
101,independent,5,merge,10.714246263951065,7.509527206420898,3.131162166595459,4.099999904632568,6,2,1,1.4644209328293822
101,independent,6,intersection,7.469659105688334,4.35427713394165,5.226529121398926,1.600000023841858,14,3,0,4.062426583468914
101,independent,7,merge,8.207540755718947,5.002510070800781,4.5795207023620605,1.2000000476837158,13,3,0,5.180017980635167
101,independent,8,intersection,3.173713646233081,4.2883734703063965,5.246522426605225,1.5999999046325684,11,0,0,-0.008472138643265126
101,independent,9,merge,4.463836774528026,5.9021100997924805,4.342403411865234,1.899999976158142,5,0,0,0.4523646675050257
101,independent,10,intersection,5.065459586232901,5.378899097442627,4.316650867462158,2.900000095367432,8,0,0,0.13236251056194437
101,independent,11,merge,4.559730340242385,6.054793357849121,3.9337124824523926,2.400000095367432,2,0,0,0.36540768489241593
101,independent,12,intersection,4.548619880229234,5.278379440307617,5.042616367340088,2.0,11,0,0,-0.015905512571334768
101,independent,13,merge,3.441037607043982,5.280737400054932,4.815781593322754,1.100000023841858,7,0,0,0.5461906987428669
101,independent,14,intersection,3.1299000051617623,3.678321838378906,5.368070602416992,1.2999999523162842,9,1,0,-0.010839424133300302
101,independent,15,merge,22.61204694211483,6.94805908203125,3.5099236965179443,3.200000047683716,12,12,0,13.254603836238386
101,privileged,0,intersection,3.1831968703866003,4.679680824279785,4.941743850708008,1.899999976158142,7,0,0,0.31429801672697044
101,privileged,1,merge,17.98049082770944,6.936927318572998,3.569526672363281,3.700000286102295,12,8,0,10.808918183892969
101,privileged,2,intersection,4.50877595692873,5.349803924560547,4.474202632904053,2.900000095367432,6,0,0,-0.008219652175903036
101,privileged,3,merge,7.856412193328142,7.498976230621338,2.990567445755005,4.59999942779541,2,0,1,0.12829899400472655
101,privileged,4,intersection,6.7962551283836365,3.655954837799072,5.882496356964111,0.7000000476837158,19,3,0,2.648773396164179
101,privileged,5,merge,10.714246263951065,7.509527206420898,3.131162166595459,4.099999904632568,6,2,1,1.4644209328293822
101,privileged,6,intersection,7.469659105688334,4.35427713394165,5.226529121398926,1.600000023841858,14,3,0,4.062426583468914
101,privileged,7,merge,8.207540755718947,5.002510070800781,4.5795207023620605,1.2000000476837158,13,3,0,5.180017980635167
101,privileged,8,intersection,3.173713646233081,4.2883734703063965,5.246522426605225,1.5999999046325684,11,0,0,-0.008472138643265126
101,privileged,9,merge,4.463836774528026,5.9021100997924805,4.342403411865234,1.899999976158142,5,0,0,0.4523646675050257
101,privileged,10,intersection,5.065459586232901,5.378899097442627,4.316650867462158,2.900000095367432,8,0,0,0.13236251056194437
101,privileged,11,merge,4.559730340242385,6.054793357849121,3.9337124824523926,2.400000095367432,2,0,0,0.36540768489241593
101,privileged,12,intersection,4.548619880229234,5.278379440307617,5.042616367340088,2.0,11,0,0,-0.015905512571334768
101,privileged,13,merge,3.441037607043982,5.280737400054932,4.815781593322754,1.100000023841858,7,0,0,0.5461906987428669
101,privileged,14,intersection,3.1299000051617623,3.678321838378906,5.368070602416992,1.2999999523162842,9,1,0,-0.010839424133300302
101,privileged,15,merge,22.61204694211483,6.94805908203125,3.5099236965179443,3.200000047683716,12,12,0,13.254603836238386
101,D_pairwise,0,intersection,3.1831968703866003,4.679680824279785,4.941743850708008,1.899999976158142,7,0,0,0.31429801672697044
101,D_pairwise,1,merge,17.98049082770944,6.936927318572998,3.569526672363281,3.700000286102295,12,8,0,10.808918183892969
101,D_pairwise,2,intersection,4.50877595692873,5.349803924560547,4.474202632904053,2.900000095367432,6,0,0,-0.008219652175903036
101,D_pairwise,3,merge,7.856412193328142,7.498976230621338,2.990567445755005,4.59999942779541,2,0,1,0.12829899400472655
101,D_pairwise,4,intersection,6.7962551283836365,3.655954837799072,5.882496356964111,0.7000000476837158,19,3,0,2.648773396164179
101,D_pairwise,5,merge,10.714246263951065,7.509527206420898,3.131162166595459,4.099999904632568,6,2,1,1.4644209328293822
101,D_pairwise,6,intersection,7.469659105688334,4.35427713394165,5.226529121398926,1.600000023841858,14,3,0,4.062426583468914
101,D_pairwise,7,merge,8.207540755718947,5.002510070800781,4.5795207023620605,1.2000000476837158,13,3,0,5.180017980635167
101,D_pairwise,8,intersection,3.173713646233081,4.2883734703063965,5.246522426605225,1.5999999046325684,11,0,0,-0.008472138643265126
101,D_pairwise,9,merge,4.463836774528026,5.9021100997924805,4.342403411865234,1.899999976158142,5,0,0,0.4523646675050257
101,D_pairwise,10,intersection,5.065459586232901,5.378899097442627,4.316650867462158,2.900000095367432,8,0,0,0.13236251056194437
101,D_pairwise,11,merge,4.559730340242385,6.054793357849121,3.9337124824523926,2.400000095367432,2,0,0,0.36540768489241593
101,D_pairwise,12,intersection,4.548619880229234,5.278379440307617,5.042616367340088,2.0,11,0,0,-0.015905512571334768
101,D_pairwise,13,merge,3.441037607043982,5.280737400054932,4.815781593322754,1.100000023841858,7,0,0,0.5461906987428669
101,D_pairwise,14,intersection,3.1299000051617623,3.678321838378906,5.368070602416992,1.2999999523162842,9,1,0,-0.010839424133300302
101,D_pairwise,15,merge,22.61204694211483,6.94805908203125,3.5099236965179443,3.200000047683716,12,12,0,13.254603836238386
202,A_original,0,intersection,3.520317102968692,4.985690116882324,4.658838272094727,1.899999976158142,6,0,0,0.6514182493090623
202,A_original,1,merge,17.98049082770944,6.936927318572998,3.569526672363281,3.700000286102295,12,8,0,10.808918183892969
202,A_original,2,intersection,5.571997710764408,5.746316909790039,4.144348621368408,2.900000095367432,8,0,0,1.0550021016597748
202,A_original,3,merge,7.856412193328142,7.498976230621338,2.990567445755005,4.59999942779541,2,0,1,0.12829899400472655
202,A_original,4,intersection,6.58350956261158,4.662799835205078,5.168495655059815,1.100000023841858,15,2,0,2.4360278303921223
202,A_original,5,merge,10.714246263951065,7.509527206420898,3.131162166595459,4.099999904632568,6,2,1,1.4644209328293822
202,A_original,6,intersection,5.889665856510401,5.225594520568848,4.603165626525879,2.0999999046325684,10,1,0,2.4824333342909815
202,A_original,7,merge,8.207540755718947,5.002510070800781,4.5795207023620605,1.2000000476837158,13,3,0,5.180017980635167
202,A_original,8,intersection,5.933935178518295,4.878991603851318,4.786118507385254,1.5999999046325684,14,1,0,2.751749393641949
202,A_original,9,merge,4.463836774528026,5.9021100997924805,4.342403411865234,1.899999976158142,5,0,0,0.4523646675050257
202,A_original,10,intersection,5.591085265725852,5.68406343460083,4.046995162963867,2.900000095367432,8,0,0,0.657988190054895
202,A_original,11,merge,4.559730340242385,6.054793357849121,3.9337124824523926,2.400000095367432,2,0,0,0.36540768489241593
202,A_original,12,intersection,5.720843793898821,5.743561267852783,4.656742572784424,2.0,13,0,0,1.1563184010982521
202,A_original,13,merge,3.441037607043982,5.280737400054932,4.815781593322754,1.100000023841858,7,0,0,0.5461906987428669
202,A_original,14,intersection,4.660091893672943,4.350267887115479,4.865811824798584,1.4000000953674316,11,1,0,1.5193524643778806
202,A_original,15,merge,22.61204694211483,6.94805908203125,3.5099236965179443,3.200000047683716,12,12,0,13.254603836238386
202,B_factorial,0,intersection,2.9643673622608184,4.77947998046875,4.839620590209961,1.899999976158142,5,0,0,0.0954685086011886
202,B_factorial,1,merge,17.98049082770944,6.936927318572998,3.569526672363281,3.700000286102295,12,8,0,10.808918183892969
202,B_factorial,2,intersection,5.274270533025265,5.442988395690918,4.383755683898926,2.900000095367432,9,0,0,0.7572749239206322
202,B_factorial,3,merge,7.856412193328142,7.498976230621338,2.990567445755005,4.59999942779541,2,0,1,0.12829899400472655
202,B_factorial,4,intersection,6.501175262928008,3.980509996414185,5.667089939117432,0.7000000476837158,21,2,0,2.3536935307085507
202,B_factorial,5,merge,10.714246263951065,7.509527206420898,3.131162166595459,4.099999904632568,6,2,1,1.4644209328293822
202,B_factorial,6,intersection,7.814641833156347,4.435469627380371,5.146188735961914,1.600000023841858,15,3,0,4.407409310936927
202,B_factorial,7,merge,8.207540755718947,5.002510070800781,4.5795207023620605,1.2000000476837158,13,3,0,5.180017980635167
202,B_factorial,8,intersection,4.563146666884422,4.530108451843262,5.057965278625488,1.5999999046325684,10,1,0,1.3809608820080759
202,B_factorial,9,merge,4.463836774528026,5.9021100997924805,4.342403411865234,1.899999976158142,5,0,0,0.4523646675050257
202,B_factorial,10,intersection,5.114358647614718,5.400116920471191,4.282257556915283,2.900000095367432,8,0,0,0.1812615719437609
202,B_factorial,11,merge,4.559730340242385,6.054793357849121,3.9337124824523926,2.400000095367432,2,0,0,0.36540768489241593
202,B_factorial,12,intersection,4.814444353431464,5.31065559387207,5.000728130340576,2.0,12,0,0,0.24991896063089492
202,B_factorial,13,merge,3.441037607043982,5.280737400054932,4.815781593322754,1.100000023841858,7,0,0,0.5461906987428669
202,B_factorial,14,intersection,3.991000609397888,3.9512815475463863,5.20177698135376,1.4000000953674316,11,1,0,0.8502611801028253
202,B_factorial,15,merge,22.61204694211483,6.94805908203125,3.5099236965179443,3.200000047683716,12,12,0,13.254603836238386
202,C_difference,0,intersection,3.1831968703866003,4.679680824279785,4.941743850708008,1.899999976158142,7,0,0,0.31429801672697044
202,C_difference,1,merge,17.98049082770944,6.936927318572998,3.569526672363281,3.700000286102295,12,8,0,10.808918183892969
202,C_difference,2,intersection,4.50877595692873,5.349803924560547,4.474202632904053,2.900000095367432,6,0,0,-0.008219652175903036
202,C_difference,3,merge,7.856412193328142,7.498976230621338,2.990567445755005,4.59999942779541,2,0,1,0.12829899400472655
202,C_difference,4,intersection,6.7962551283836365,3.655954837799072,5.882496356964111,0.7000000476837158,19,3,0,2.648773396164179
202,C_difference,5,merge,10.714246263951065,7.509527206420898,3.131162166595459,4.099999904632568,6,2,1,1.4644209328293822
202,C_difference,6,intersection,7.469659105688334,4.35427713394165,5.226529121398926,1.600000023841858,14,3,0,4.062426583468914
202,C_difference,7,merge,14.155932566821576,5.425244331359863,4.297990322113037,1.4000000953674316,9,8,0,11.128409791737797
202,C_difference,8,intersection,3.173713646233081,4.2883734703063965,5.246522426605225,1.5999999046325684,11,0,0,-0.008472138643265126
202,C_difference,9,merge,4.490689199864864,6.015597820281982,4.260541915893555,2.0,4,0,0,0.4792170928418633
202,C_difference,10,intersection,5.065459586232901,5.378899097442627,4.316650867462158,2.900000095367432,8,0,0,0.13236251056194437
202,C_difference,11,merge,4.939603811949492,6.268181324005127,3.787908315658569,2.500000238418579,2,0,0,0.7452811565995221
202,C_difference,12,intersection,4.535527195930481,5.361380100250244,4.96943473815918,2.0999999046325684,10,0,0,-0.028998196870087867
202,C_difference,13,merge,3.441037607043982,5.280737400054932,4.815781593322754,1.100000023841858,7,0,0,0.5461906987428669
202,C_difference,14,intersection,3.1299000051617623,3.678321838378906,5.368070602416992,1.2999999523162842,9,1,0,-0.010839424133300302
202,C_difference,15,merge,22.61204694211483,6.94805908203125,3.5099236965179443,3.200000047683716,12,12,0,13.254603836238386
202,independent,0,intersection,3.1831968703866003,4.679680824279785,4.941743850708008,1.899999976158142,7,0,0,0.31429801672697044
202,independent,1,merge,17.98049082770944,6.936927318572998,3.569526672363281,3.700000286102295,12,8,0,10.808918183892969
202,independent,2,intersection,4.50877595692873,5.349803924560547,4.474202632904053,2.900000095367432,6,0,0,-0.008219652175903036
202,independent,3,merge,7.856412193328142,7.498976230621338,2.990567445755005,4.59999942779541,2,0,1,0.12829899400472655
202,independent,4,intersection,6.7962551283836365,3.655954837799072,5.882496356964111,0.7000000476837158,19,3,0,2.648773396164179
202,independent,5,merge,10.714246263951065,7.509527206420898,3.131162166595459,4.099999904632568,6,2,1,1.4644209328293822
202,independent,6,intersection,7.469659105688334,4.35427713394165,5.226529121398926,1.600000023841858,14,3,0,4.062426583468914
202,independent,7,merge,8.207540755718947,5.002510070800781,4.5795207023620605,1.2000000476837158,13,3,0,5.180017980635167
202,independent,8,intersection,3.173713646233081,4.2883734703063965,5.246522426605225,1.5999999046325684,11,0,0,-0.008472138643265126
202,independent,9,merge,4.463836774528026,5.9021100997924805,4.342403411865234,1.899999976158142,5,0,0,0.4523646675050257
202,independent,10,intersection,5.065459586232901,5.378899097442627,4.316650867462158,2.900000095367432,8,0,0,0.13236251056194437
202,independent,11,merge,4.559730340242385,6.054793357849121,3.9337124824523926,2.400000095367432,2,0,0,0.36540768489241593
202,independent,12,intersection,4.548619880229234,5.278379440307617,5.042616367340088,2.0,11,0,0,-0.015905512571334768
202,independent,13,merge,3.441037607043982,5.280737400054932,4.815781593322754,1.100000023841858,7,0,0,0.5461906987428669
202,independent,14,intersection,3.1299000051617623,3.678321838378906,5.368070602416992,1.2999999523162842,9,1,0,-0.010839424133300302
202,independent,15,merge,22.61204694211483,6.94805908203125,3.5099236965179443,3.200000047683716,12,12,0,13.254603836238386
202,privileged,0,intersection,3.1831968703866003,4.679680824279785,4.941743850708008,1.899999976158142,7,0,0,0.31429801672697044
202,privileged,1,merge,17.98049082770944,6.936927318572998,3.569526672363281,3.700000286102295,12,8,0,10.808918183892969
202,privileged,2,intersection,4.50877595692873,5.349803924560547,4.474202632904053,2.900000095367432,6,0,0,-0.008219652175903036
202,privileged,3,merge,7.856412193328142,7.498976230621338,2.990567445755005,4.59999942779541,2,0,1,0.12829899400472655
202,privileged,4,intersection,6.7962551283836365,3.655954837799072,5.882496356964111,0.7000000476837158,19,3,0,2.648773396164179
202,privileged,5,merge,10.714246263951065,7.509527206420898,3.131162166595459,4.099999904632568,6,2,1,1.4644209328293822
202,privileged,6,intersection,7.469659105688334,4.35427713394165,5.226529121398926,1.600000023841858,14,3,0,4.062426583468914
202,privileged,7,merge,8.207540755718947,5.002510070800781,4.5795207023620605,1.2000000476837158,13,3,0,5.180017980635167
202,privileged,8,intersection,3.173713646233081,4.2883734703063965,5.246522426605225,1.5999999046325684,11,0,0,-0.008472138643265126
202,privileged,9,merge,4.463836774528026,5.9021100997924805,4.342403411865234,1.899999976158142,5,0,0,0.4523646675050257
202,privileged,10,intersection,5.065459586232901,5.378899097442627,4.316650867462158,2.900000095367432,8,0,0,0.13236251056194437
202,privileged,11,merge,4.559730340242385,6.054793357849121,3.9337124824523926,2.400000095367432,2,0,0,0.36540768489241593
202,privileged,12,intersection,4.548619880229234,5.278379440307617,5.042616367340088,2.0,11,0,0,-0.015905512571334768
202,privileged,13,merge,3.441037607043982,5.280737400054932,4.815781593322754,1.100000023841858,7,0,0,0.5461906987428669
202,privileged,14,intersection,3.1299000051617623,3.678321838378906,5.368070602416992,1.2999999523162842,9,1,0,-0.010839424133300302
202,privileged,15,merge,22.61204694211483,6.94805908203125,3.5099236965179443,3.200000047683716,12,12,0,13.254603836238386
202,D_pairwise,0,intersection,3.1831968703866003,4.679680824279785,4.941743850708008,1.899999976158142,7,0,0,0.31429801672697044
202,D_pairwise,1,merge,17.98049082770944,6.936927318572998,3.569526672363281,3.700000286102295,12,8,0,10.808918183892969
202,D_pairwise,2,intersection,4.50877595692873,5.349803924560547,4.474202632904053,2.900000095367432,6,0,0,-0.008219652175903036
202,D_pairwise,3,merge,7.856412193328142,7.498976230621338,2.990567445755005,4.59999942779541,2,0,1,0.12829899400472655
202,D_pairwise,4,intersection,6.7962551283836365,3.655954837799072,5.882496356964111,0.7000000476837158,19,3,0,2.648773396164179
202,D_pairwise,5,merge,10.714246263951065,7.509527206420898,3.131162166595459,4.099999904632568,6,2,1,1.4644209328293822
202,D_pairwise,6,intersection,7.469659105688334,4.35427713394165,5.226529121398926,1.600000023841858,14,3,0,4.062426583468914
202,D_pairwise,7,merge,8.207540755718947,5.002510070800781,4.5795207023620605,1.2000000476837158,13,3,0,5.180017980635167
202,D_pairwise,8,intersection,3.173713646233081,4.2883734703063965,5.246522426605225,1.5999999046325684,11,0,0,-0.008472138643265126
202,D_pairwise,9,merge,4.463836774528026,5.9021100997924805,4.342403411865234,1.899999976158142,5,0,0,0.4523646675050257
202,D_pairwise,10,intersection,5.065459586232901,5.378899097442627,4.316650867462158,2.900000095367432,8,0,0,0.13236251056194437
202,D_pairwise,11,merge,4.559730340242385,6.054793357849121,3.9337124824523926,2.400000095367432,2,0,0,0.36540768489241593
202,D_pairwise,12,intersection,4.548619880229234,5.278379440307617,5.042616367340088,2.0,11,0,0,-0.015905512571334768
202,D_pairwise,13,merge,3.441037607043982,5.280737400054932,4.815781593322754,1.100000023841858,7,0,0,0.5461906987428669
202,D_pairwise,14,intersection,3.1299000051617623,3.678321838378906,5.368070602416992,1.2999999523162842,9,1,0,-0.010839424133300302
202,D_pairwise,15,merge,22.61204694211483,6.94805908203125,3.5099236965179443,3.200000047683716,12,12,0,13.254603836238386
303,A_original,0,intersection,3.1831968703866003,4.679680824279785,4.941743850708008,1.899999976158142,7,0,0,0.31429801672697044
303,A_original,1,merge,17.98049082770944,6.936927318572998,3.569526672363281,3.700000286102295,12,8,0,10.808918183892969
303,A_original,2,intersection,4.50877595692873,5.349803924560547,4.474202632904053,2.900000095367432,6,0,0,-0.008219652175903036
303,A_original,3,merge,7.856412193328142,7.498976230621338,2.990567445755005,4.59999942779541,2,0,1,0.12829899400472655
303,A_original,4,intersection,6.7962551283836365,3.655954837799072,5.882496356964111,0.7000000476837158,19,3,0,2.648773396164179
303,A_original,5,merge,10.714246263951065,7.509527206420898,3.131162166595459,4.099999904632568,6,2,1,1.4644209328293822
303,A_original,6,intersection,7.469659105688334,4.35427713394165,5.226529121398926,1.600000023841858,14,3,0,4.062426583468914
303,A_original,7,merge,8.207540755718947,5.002510070800781,4.5795207023620605,1.2000000476837158,13,3,0,5.180017980635167
303,A_original,8,intersection,3.173713646233081,4.2883734703063965,5.246522426605225,1.5999999046325684,11,0,0,-0.008472138643265126
303,A_original,9,merge,4.463836774528026,5.9021100997924805,4.342403411865234,1.899999976158142,5,0,0,0.4523646675050257
303,A_original,10,intersection,5.065459586232901,5.378899097442627,4.316650867462158,2.900000095367432,8,0,0,0.13236251056194437
303,A_original,11,merge,4.559730340242385,6.054793357849121,3.9337124824523926,2.400000095367432,2,0,0,0.36540768489241593
303,A_original,12,intersection,4.548619880229234,5.278379440307617,5.042616367340088,2.0,11,0,0,-0.015905512571334768
303,A_original,13,merge,3.441037607043982,5.280737400054932,4.815781593322754,1.100000023841858,7,0,0,0.5461906987428669
303,A_original,14,intersection,3.1299000051617623,3.678321838378906,5.368070602416992,1.2999999523162842,9,1,0,-0.010839424133300302
303,A_original,15,merge,22.61204694211483,6.94805908203125,3.5099236965179443,3.200000047683716,12,12,0,13.254603836238386
303,B_factorial,0,intersection,3.1831968703866003,4.679680824279785,4.941743850708008,1.899999976158142,7,0,0,0.31429801672697044
303,B_factorial,1,merge,17.98049082770944,6.936927318572998,3.569526672363281,3.700000286102295,12,8,0,10.808918183892969
303,B_factorial,2,intersection,4.50877595692873,5.349803924560547,4.474202632904053,2.900000095367432,6,0,0,-0.008219652175903036
303,B_factorial,3,merge,7.856412193328142,7.498976230621338,2.990567445755005,4.59999942779541,2,0,1,0.12829899400472655
303,B_factorial,4,intersection,6.7962551283836365,3.655954837799072,5.882496356964111,0.7000000476837158,19,3,0,2.648773396164179
303,B_factorial,5,merge,10.714246263951065,7.509527206420898,3.131162166595459,4.099999904632568,6,2,1,1.4644209328293822
303,B_factorial,6,intersection,7.469659105688334,4.35427713394165,5.226529121398926,1.600000023841858,14,3,0,4.062426583468914
303,B_factorial,7,merge,8.207540755718947,5.002510070800781,4.5795207023620605,1.2000000476837158,13,3,0,5.180017980635167
303,B_factorial,8,intersection,3.173713646233081,4.2883734703063965,5.246522426605225,1.5999999046325684,11,0,0,-0.008472138643265126
303,B_factorial,9,merge,4.463836774528026,5.9021100997924805,4.342403411865234,1.899999976158142,5,0,0,0.4523646675050257
303,B_factorial,10,intersection,5.065459586232901,5.378899097442627,4.316650867462158,2.900000095367432,8,0,0,0.13236251056194437
303,B_factorial,11,merge,4.559730340242385,6.054793357849121,3.9337124824523926,2.400000095367432,2,0,0,0.36540768489241593
303,B_factorial,12,intersection,4.548619880229234,5.278379440307617,5.042616367340088,2.0,11,0,0,-0.015905512571334768
303,B_factorial,13,merge,3.441037607043982,5.280737400054932,4.815781593322754,1.100000023841858,7,0,0,0.5461906987428669
303,B_factorial,14,intersection,3.1299000051617623,3.678321838378906,5.368070602416992,1.2999999523162842,9,1,0,-0.010839424133300302
303,B_factorial,15,merge,22.61204694211483,6.94805908203125,3.5099236965179443,3.200000047683716,12,12,0,13.254603836238386
303,C_difference,0,intersection,3.1831968703866003,4.679680824279785,4.941743850708008,1.899999976158142,7,0,0,0.31429801672697044
303,C_difference,1,merge,17.98049082770944,6.936927318572998,3.569526672363281,3.700000286102295,12,8,0,10.808918183892969
303,C_difference,2,intersection,4.50877595692873,5.349803924560547,4.474202632904053,2.900000095367432,6,0,0,-0.008219652175903036
303,C_difference,3,merge,7.856412193328142,7.498976230621338,2.990567445755005,4.59999942779541,2,0,1,0.12829899400472655
303,C_difference,4,intersection,6.7962551283836365,3.655954837799072,5.882496356964111,0.7000000476837158,19,3,0,2.648773396164179
303,C_difference,5,merge,10.714246263951065,7.509527206420898,3.131162166595459,4.099999904632568,6,2,1,1.4644209328293822
303,C_difference,6,intersection,7.469659105688334,4.35427713394165,5.226529121398926,1.600000023841858,14,3,0,4.062426583468914
303,C_difference,7,merge,8.207540755718947,5.002510070800781,4.5795207023620605,1.2000000476837158,13,3,0,5.180017980635167
303,C_difference,8,intersection,3.173713646233081,4.2883734703063965,5.246522426605225,1.5999999046325684,11,0,0,-0.008472138643265126
303,C_difference,9,merge,4.463836774528026,5.9021100997924805,4.342403411865234,1.899999976158142,5,0,0,0.4523646675050257
303,C_difference,10,intersection,5.065459586232901,5.378899097442627,4.316650867462158,2.900000095367432,8,0,0,0.13236251056194437
303,C_difference,11,merge,4.559730340242385,6.054793357849121,3.9337124824523926,2.400000095367432,2,0,0,0.36540768489241593
303,C_difference,12,intersection,4.548619880229234,5.278379440307617,5.042616367340088,2.0,11,0,0,-0.015905512571334768
303,C_difference,13,merge,3.441037607043982,5.280737400054932,4.815781593322754,1.100000023841858,7,0,0,0.5461906987428669
303,C_difference,14,intersection,3.1299000051617623,3.678321838378906,5.368070602416992,1.2999999523162842,9,1,0,-0.010839424133300302
303,C_difference,15,merge,22.61204694211483,6.94805908203125,3.5099236965179443,3.200000047683716,12,12,0,13.254603836238386
303,independent,0,intersection,3.1831968703866003,4.679680824279785,4.941743850708008,1.899999976158142,7,0,0,0.31429801672697044
303,independent,1,merge,17.98049082770944,6.936927318572998,3.569526672363281,3.700000286102295,12,8,0,10.808918183892969
303,independent,2,intersection,4.50877595692873,5.349803924560547,4.474202632904053,2.900000095367432,6,0,0,-0.008219652175903036
303,independent,3,merge,7.856412193328142,7.498976230621338,2.990567445755005,4.59999942779541,2,0,1,0.12829899400472655
303,independent,4,intersection,6.7962551283836365,3.655954837799072,5.882496356964111,0.7000000476837158,19,3,0,2.648773396164179
303,independent,5,merge,10.714246263951065,7.509527206420898,3.131162166595459,4.099999904632568,6,2,1,1.4644209328293822
303,independent,6,intersection,7.469659105688334,4.35427713394165,5.226529121398926,1.600000023841858,14,3,0,4.062426583468914
303,independent,7,merge,8.207540755718947,5.002510070800781,4.5795207023620605,1.2000000476837158,13,3,0,5.180017980635167
303,independent,8,intersection,3.173713646233081,4.2883734703063965,5.246522426605225,1.5999999046325684,11,0,0,-0.008472138643265126
303,independent,9,merge,4.463836774528026,5.9021100997924805,4.342403411865234,1.899999976158142,5,0,0,0.4523646675050257
303,independent,10,intersection,5.065459586232901,5.378899097442627,4.316650867462158,2.900000095367432,8,0,0,0.13236251056194437
303,independent,11,merge,4.559730340242385,6.054793357849121,3.9337124824523926,2.400000095367432,2,0,0,0.36540768489241593
303,independent,12,intersection,4.548619880229234,5.278379440307617,5.042616367340088,2.0,11,0,0,-0.015905512571334768
303,independent,13,merge,3.441037607043982,5.280737400054932,4.815781593322754,1.100000023841858,7,0,0,0.5461906987428669
303,independent,14,intersection,3.1299000051617623,3.678321838378906,5.368070602416992,1.2999999523162842,9,1,0,-0.010839424133300302
303,independent,15,merge,22.61204694211483,6.94805908203125,3.5099236965179443,3.200000047683716,12,12,0,13.254603836238386
303,privileged,0,intersection,3.1831968703866003,4.679680824279785,4.941743850708008,1.899999976158142,7,0,0,0.31429801672697044
303,privileged,1,merge,17.98049082770944,6.936927318572998,3.569526672363281,3.700000286102295,12,8,0,10.808918183892969
303,privileged,2,intersection,4.50877595692873,5.349803924560547,4.474202632904053,2.900000095367432,6,0,0,-0.008219652175903036
303,privileged,3,merge,7.856412193328142,7.498976230621338,2.990567445755005,4.59999942779541,2,0,1,0.12829899400472655
303,privileged,4,intersection,6.7962551283836365,3.655954837799072,5.882496356964111,0.7000000476837158,19,3,0,2.648773396164179
303,privileged,5,merge,10.714246263951065,7.509527206420898,3.131162166595459,4.099999904632568,6,2,1,1.4644209328293822
303,privileged,6,intersection,7.469659105688334,4.35427713394165,5.226529121398926,1.600000023841858,14,3,0,4.062426583468914
303,privileged,7,merge,8.207540755718947,5.002510070800781,4.5795207023620605,1.2000000476837158,13,3,0,5.180017980635167
303,privileged,8,intersection,3.173713646233081,4.2883734703063965,5.246522426605225,1.5999999046325684,11,0,0,-0.008472138643265126
303,privileged,9,merge,4.463836774528026,5.9021100997924805,4.342403411865234,1.899999976158142,5,0,0,0.4523646675050257
303,privileged,10,intersection,5.065459586232901,5.378899097442627,4.316650867462158,2.900000095367432,8,0,0,0.13236251056194437
303,privileged,11,merge,4.559730340242385,6.054793357849121,3.9337124824523926,2.400000095367432,2,0,0,0.36540768489241593
303,privileged,12,intersection,4.548619880229234,5.278379440307617,5.042616367340088,2.0,11,0,0,-0.015905512571334768
303,privileged,13,merge,3.441037607043982,5.280737400054932,4.815781593322754,1.100000023841858,7,0,0,0.5461906987428669
303,privileged,14,intersection,3.1299000051617623,3.678321838378906,5.368070602416992,1.2999999523162842,9,1,0,-0.010839424133300302
303,privileged,15,merge,22.61204694211483,6.94805908203125,3.5099236965179443,3.200000047683716,12,12,0,13.254603836238386
303,D_pairwise,0,intersection,3.1831968703866003,4.679680824279785,4.941743850708008,1.899999976158142,7,0,0,0.31429801672697044
303,D_pairwise,1,merge,17.98049082770944,6.936927318572998,3.569526672363281,3.700000286102295,12,8,0,10.808918183892969
303,D_pairwise,2,intersection,4.50877595692873,5.349803924560547,4.474202632904053,2.900000095367432,6,0,0,-0.008219652175903036
303,D_pairwise,3,merge,7.856412193328142,7.498976230621338,2.990567445755005,4.59999942779541,2,0,1,0.12829899400472655
303,D_pairwise,4,intersection,6.7962551283836365,3.655954837799072,5.882496356964111,0.7000000476837158,19,3,0,2.648773396164179
303,D_pairwise,5,merge,10.714246263951065,7.509527206420898,3.131162166595459,4.099999904632568,6,2,1,1.4644209328293822
303,D_pairwise,6,intersection,7.469659105688334,4.35427713394165,5.226529121398926,1.600000023841858,14,3,0,4.062426583468914
303,D_pairwise,7,merge,8.207540755718947,5.002510070800781,4.5795207023620605,1.2000000476837158,13,3,0,5.180017980635167
303,D_pairwise,8,intersection,3.173713646233081,4.2883734703063965,5.246522426605225,1.5999999046325684,11,0,0,-0.008472138643265126
303,D_pairwise,9,merge,4.463836774528026,5.9021100997924805,4.342403411865234,1.899999976158142,5,0,0,0.4523646675050257
303,D_pairwise,10,intersection,5.065459586232901,5.378899097442627,4.316650867462158,2.900000095367432,8,0,0,0.13236251056194437
303,D_pairwise,11,merge,4.559730340242385,6.054793357849121,3.9337124824523926,2.400000095367432,2,0,0,0.36540768489241593
303,D_pairwise,12,intersection,4.548619880229234,5.278379440307617,5.042616367340088,2.0,11,0,0,-0.015905512571334768
303,D_pairwise,13,merge,3.441037607043982,5.280737400054932,4.815781593322754,1.100000023841858,7,0,0,0.5461906987428669
303,D_pairwise,14,intersection,3.1299000051617623,3.678321838378906,5.368070602416992,1.2999999523162842,9,1,0,-0.010839424133300302
303,D_pairwise,15,merge,22.61204694211483,6.94805908203125,3.5099236965179443,3.200000047683716,12,12,0,13.254603836238386
