seed,scenario,step,agent,action,pair,conflict_present,distance,distance_bin,opposing_action,background_occupancy
17,intersection,0,0,1,none,False,33.00040030609011,30+,9,0
17,intersection,0,1,1,none,False,32.8003543942698,30+,9,0
17,intersection,0,2,1,none,False,31.757155188549977,30+,9,0
17,intersection,0,3,1,none,False,32.588296536728066,30+,9,0
17,intersection,1,0,1,none,False,30.760609385745084,30+,9,0
17,intersection,1,1,1,1-2,True,29.488926471101248,20-30,1,0
17,intersection,1,2,1,1-2,True,28.663417841791254,20-30,1,0
17,intersection,1,3,1,1-3,True,29.71742807238463,20-30,1,0
17,intersection,2,0,1,0-2,True,28.117884493192825,20-30,1,0
17,intersection,2,1,1,1-2,True,25.787805611409347,20-30,1,0
17,intersection,2,2,1,0-2,True,25.17623777279067,20-30,1,0
17,intersection,2,3,1,0-3,True,26.45751804395787,20-30,1,0
17,intersection,3,0,1,0-2,True,25.05082104510753,20-30,1,0
17,intersection,3,1,1,1-2,True,21.692518810177816,20-30,1,0
17,intersection,3,2,1,0-2,True,21.286201541198988,20-30,1,0
17,intersection,3,3,1,0-3,True,22.807281910549825,20-30,1,0
17,intersection,4,0,1,0-2,True,21.57932756290273,20-30,1,0
17,intersection,4,1,1,1-2,True,17.2327672760926,10-20,1,0
17,intersection,4,2,1,0-2,True,17.02061532697182,10-20,1,0
17,intersection,4,3,1,0-3,True,18.801137205123123,10-20,1,0
17,intersection,5,0,1,0-2,True,17.73280381096098,10-20,1,0
17,intersection,5,1,1,1-2,True,12.451713832430643,10-20,1,0
17,intersection,5,2,1,0-2,True,12.42015054852112,10-20,1,0
17,intersection,5,3,1,0-3,True,14.485120223954214,10-20,1,0
17,intersection,6,0,1,0-2,True,13.5532040096048,10-20,1,0
17,intersection,6,1,1,1-2,True,7.431884625648999,0-10,1,0
17,intersection,6,2,1,0-2,True,7.562452642166687,0-10,1,0
17,intersection,6,3,1,0-3,True,9.924091946958352,0-10,1,0
17,intersection,7,0,1,0-2,True,9.105652868704157,0-10,1,2
17,intersection,7,1,1,1-2,True,2.663525813733699,0-10,1,2
17,intersection,7,2,1,0-2,True,2.862098966679654,0-10,1,2
17,intersection,7,3,1,0-3,True,5.259635818401268,0-10,1,2
17,intersection,8,0,1,0-3,True,4.5626489568124295,0-10,1,3
17,intersection,8,1,1,none,False,4.351821926767113,0-10,9,3
17,intersection,8,2,1,none,False,3.9776263078582113,0-10,9,3
17,intersection,8,3,1,0-3,True,2.0076216858069675,0-10,1,3
17,intersection,9,0,1,none,False,2.191192917109851,0-10,9,4
17,intersection,9,1,1,none,False,9.879505665723304,0-10,9,4
17,intersection,9,2,1,none,False,9.339395682227192,0-10,9,4
17,intersection,9,3,1,none,False,5.716492597485732,0-10,9,4
17,intersection,10,0,1,none,False,6.381809214924401,0-10,9,4
17,intersection,10,1,1,none,False,15.761663353253933,10-20,9,4
17,intersection,10,2,1,none,False,15.100978503976657,10-20,9,4
17,intersection,10,3,1,none,False,10.827262731713953,10-20,9,4
17,intersection,11,0,1,none,False,11.529608751830292,10-20,9,4
17,intersection,11,1,1,none,False,21.802904145664932,20-30,9,4
17,intersection,11,2,1,none,False,21.035245315778,20-30,9,4
17,intersection,11,3,1,none,False,16.12770835122488,10-20,9,4
17,intersection,12,0,1,none,False,16.864525973518287,10-20,9,4
17,intersection,12,1,1,none,False,27.949879541748157,20-30,9,4
17,intersection,12,2,1,none,False,27.083841039476486,20-30,9,4
17,intersection,12,3,1,none,False,21.513187127363384,20-30,9,4
17,intersection,13,0,1,none,False,22.29598959319921,20-30,9,5
17,intersection,13,1,1,none,False,34.17275406534221,30+,9,5
17,intersection,13,2,1,none,False,33.2144747143613,30+,9,5
17,intersection,13,3,1,none,False,26.94937291669223,20-30,9,5
17,intersection,14,0,1,none,False,27.788627604269536,20-30,9,5
17,intersection,14,1,1,none,False,40.451057343792186,30+,9,5
17,intersection,14,2,1,none,False,39.404963324530655,30+,9,5
17,intersection,14,3,1,none,False,32.41835778397979,30+,9,5
17,intersection,15,0,1,none,False,33.32217446426829,30+,9,6
17,intersection,15,1,1,none,False,46.76994348082772,30+,9,6
17,intersection,15,2,1,none,False,45.63919521383303,30+,9,6
17,intersection,15,3,1,none,False,37.90917490176544,30+,9,6
17,merge,0,0,1,none,False,31.20477290241002,30+,9,0
17,merge,0,1,1,none,False,26.68400574452747,20-30,9,0
17,merge,0,2,1,none,False,40.726069971813786,30+,9,0
17,merge,0,3,1,none,False,37.533624628642,30+,9,0
17,merge,1,0,1,0-1,True,29.05157862099054,20-30,1,0
17,merge,1,1,1,0-1,True,23.387066172576176,20-30,1,0
17,merge,1,2,1,none,False,38.300124350509954,30+,9,0
17,merge,1,3,1,none,False,35.09334913401505,30+,9,0
17,merge,2,0,1,0-1,True,26.40272296446071,20-30,1,0
17,merge,2,1,1,0-1,True,19.67617145413011,10-20,1,0
17,merge,2,2,1,none,False,36.40503404261602,30+,9,0
17,merge,2,3,1,none,False,32.89165416212976,30+,9,0
17,merge,3,0,1,0-1,True,23.32691580443673,20-30,1,0
17,merge,3,1,1,0-1,True,15.566163626419026,10-20,1,0
17,merge,3,2,1,none,False,35.02275353998876,30+,9,0
17,merge,3,3,1,none,False,30.612685482313246,30+,9,0
17,merge,4,0,1,0-1,True,19.842504118760065,10-20,1,0
17,merge,4,1,1,0-1,True,11.082354262917418,10-20,1,0
17,merge,4,2,1,none,False,33.8184063227879,30+,9,0
17,merge,4,3,1,0-3,True,28.006406109748234,20-30,1,0
17,merge,5,0,1,0-1,True,15.975716468012672,10-20,1,0
17,merge,5,1,1,0-1,True,6.256082311791369,0-10,1,0
17,merge,5,2,1,none,False,32.47457856257412,30+,9,0
17,merge,5,3,1,0-3,True,24.955676233052262,20-30,1,0
17,merge,6,0,1,0-1,True,11.760884295765758,10-20,1,0
17,merge,6,1,1,0-1,True,1.1237561479100342,0-10,1,0
17,merge,6,2,1,none,False,30.820404733298265,30+,9,0
17,merge,6,3,1,0-3,True,21.420311761893487,20-30,1,0
17,merge,7,0,1,0-3,True,7.239352034142133,0-10,1,0
17,merge,7,1,1,none,False,4.27487850189209,0-10,9,0
17,merge,7,2,1,2-3,True,28.367010471725674,20-30,1,0
17,merge,7,3,1,0-3,True,17.51102111768234,10-20,1,0
17,merge,8,0,1,0-3,True,2.457005514612103,0-10,1,0
17,merge,8,1,1,none,False,9.898978233337402,0-10,9,0
17,merge,8,2,1,2-3,True,25.470806209964202,20-30,1,0
17,merge,8,3,1,0-3,True,13.264824364758976,10-20,1,0
17,merge,9,0,1,0-3,True,2.539109706878662,0-10,1,0
17,merge,9,1,1,none,False,15.70890998840332,10-20,9,0
17,merge,9,2,1,2-3,True,22.14472876133826,20-30,1,0
17,merge,9,3,1,0-3,True,8.725386880746996,0-10,1,0
17,merge,10,0,1,none,False,7.704261779785156,0-10,9,1
17,merge,10,1,1,none,False,21.6682186126709,20-30,9,1
17,merge,10,2,1,2-3,True,18.40333035469481,10-20,1,1
17,merge,10,3,1,2-3,True,3.9400943138496256,0-10,1,1
17,merge,11,0,1,none,False,12.998760223388672,10-20,9,1
17,merge,11,1,1,none,False,27.74494171142578,20-30,9,1
17,merge,11,2,1,2-3,True,14.267099953677748,10-20,1,1
17,merge,11,3,1,2-3,True,1.0436272621154785,0-10,1,1
17,merge,12,0,1,none,False,18.389453887939453,10-20,9,1
17,merge,12,1,1,none,False,33.912193298339844,30+,9,1
17,merge,12,2,1,none,False,9.762880603580758,0-10,9,1
17,merge,12,3,1,none,False,6.18178653717041,0-10,9,1
17,merge,13,0,1,none,False,23.850046157836914,20-30,9,2
17,merge,13,1,1,none,False,40.148136138916016,30+,9,2
17,merge,13,2,1,none,False,4.923573089928768,0-10,9,2
17,merge,13,3,1,none,False,11.436286926269531,10-20,9,2
17,merge,14,0,1,none,False,29.360504150390625,20-30,9,2
17,merge,14,1,1,none,False,46.435543060302734,30+,9,2
17,merge,14,2,1,none,False,0.21303844451904297,0-10,9,2
17,merge,14,3,1,none,False,16.776046752929688,10-20,9,2
17,merge,15,0,1,none,False,34.906044006347656,30+,9,2
17,merge,15,1,1,none,False,52.7611198425293,30+,9,2
17,merge,15,2,1,none,False,5.582592010498047,0-10,9,2
17,merge,15,3,1,none,False,22.176908493041992,20-30,9,2
29,intersection,0,0,1,none,False,30.44520693279693,30+,9,0
29,intersection,0,1,1,none,False,29.040512595363616,20-30,9,0
29,intersection,0,2,1,none,False,31.374226751445555,30+,9,0
29,intersection,0,3,1,none,False,30.529330143075693,30+,9,0
29,intersection,1,0,1,0-2,True,28.701688872602343,20-30,1,0
29,intersection,1,1,1,1-2,True,26.957787765351082,20-30,1,0
29,intersection,1,2,1,0-2,True,28.838388916891862,20-30,1,0
29,intersection,1,3,1,0-3,True,28.026910660156418,20-30,1,0
29,intersection,2,0,1,0-2,True,26.55182999036495,20-30,1,0
29,intersection,2,1,1,1-2,True,24.467960141537862,20-30,1,0
29,intersection,2,2,1,0-2,True,25.902934050097976,20-30,1,0
29,intersection,2,3,1,0-3,True,25.13720004778124,20-30,1,0
29,intersection,3,0,1,0-2,True,23.969194848477173,20-30,1,0
29,intersection,3,1,1,1-2,True,21.541297593842852,20-30,1,0
29,intersection,3,2,1,0-2,True,22.550787387101074,20-30,1,0
29,intersection,3,3,1,0-3,True,21.864013171584666,20-30,1,0
29,intersection,4,0,1,0-2,True,20.97052876743817,20-30,1,0
29,intersection,4,1,1,1-2,True,18.18880812467332,10-20,1,0
29,intersection,4,2,1,0-2,True,18.805025088392,10-20,1,0
29,intersection,4,3,1,0-3,True,18.249770168121866,10-20,1,0
29,intersection,5,0,1,0-2,True,17.582611594975482,10-20,1,0
29,intersection,5,1,1,1-2,True,14.429108274644118,10-20,1,0
29,intersection,5,2,1,0-2,True,14.699567833423778,10-20,1,0
29,intersection,5,3,1,0-3,True,14.349807418446272,10-20,1,0
29,intersection,6,0,1,0-2,True,13.845340156129476,10-20,1,0
29,intersection,6,1,1,1-2,True,10.296549287766489,10-20,1,0
29,intersection,6,2,1,0-2,True,10.286933349480458,10-20,1,0
29,intersection,6,3,1,0-3,True,10.234782019106557,10-20,1,0
29,intersection,7,0,1,0-2,True,9.818690700631217,0-10,1,3
29,intersection,7,1,1,1-2,True,5.884715243706595,0-10,1,3
29,intersection,7,2,1,0-2,True,5.686109043184457,0-10,1,3
29,intersection,7,3,1,0-3,True,6.020252635099057,0-10,1,3
29,intersection,8,0,1,0-2,True,5.62379857323898,0-10,1,3
29,intersection,8,1,1,1-2,True,2.0943642362389583,0-10,1,3
29,intersection,8,2,1,0-2,True,2.0229392580269354,0-10,1,3
29,intersection,8,3,1,0-3,True,2.323242641566896,0-10,1,3
29,intersection,9,0,1,none,False,2.1130387922446854,0-10,9,4
29,intersection,9,1,1,none,False,5.019058801351589,0-10,9,4
29,intersection,9,2,1,none,False,5.312298173514806,0-10,9,4
29,intersection,9,3,1,none,False,3.953431953517499,0-10,9,4
29,intersection,10,0,1,none,False,4.5264020886799585,0-10,9,4
29,intersection,10,1,1,none,False,10.298310860326131,10-20,9,4
29,intersection,10,2,1,none,False,10.50281520001388,10-20,9,4
29,intersection,10,3,1,none,False,8.311912970820522,0-10,9,4
29,intersection,11,0,1,none,False,9.149068025954222,0-10,9,4
29,intersection,11,1,1,none,False,15.961243715356916,10-20,9,4
29,intersection,11,2,1,none,False,15.952308240171718,10-20,9,4
29,intersection,11,3,1,none,False,12.92380318280565,10-20,9,4
29,intersection,12,0,1,none,False,14.027727175214258,10-20,9,4
29,intersection,12,1,1,none,False,21.855785192150645,20-30,9,4
29,intersection,12,2,1,none,False,21.530637912375905,20-30,9,4
29,intersection,12,3,1,none,False,17.610208313114065,10-20,9,4
29,intersection,13,0,1,none,False,19.008880501814616,10-20,9,5
29,intersection,13,1,1,none,False,27.923568594610423,20-30,9,5
29,intersection,13,2,1,none,False,27.192549594163136,20-30,9,5
29,intersection,13,3,1,none,False,22.331878192555457,20-30,9,5
29,intersection,14,0,1,none,False,24.04816592744213,20-30,9,6
29,intersection,14,1,1,none,False,34.125068420387194,30+,9,6
29,intersection,14,2,1,none,False,32.912012948968915,30+,9,6
29,intersection,14,3,1,none,False,27.073189060861342,20-30,9,6
29,intersection,15,0,1,none,False,29.12366449209956,20-30,9,6
29,intersection,15,1,1,none,False,40.42958782862806,30+,9,6
29,intersection,15,2,1,none,False,38.67168994428828,30+,9,6
29,intersection,15,3,1,none,False,31.826245284206685,30+,9,6
29,merge,0,0,1,none,False,30.857187199541716,30+,9,0
29,merge,0,1,1,none,False,26.07740272464519,20-30,9,0
29,merge,0,2,1,none,False,40.6687153392526,30+,9,0
29,merge,0,3,1,none,False,37.19774330387743,30+,9,0
29,merge,1,0,1,0-1,True,29.121560331927498,20-30,1,0
29,merge,1,1,1,0-1,True,23.989337618999055,20-30,1,0
29,merge,1,2,1,none,False,38.73787577924611,30+,9,0
29,merge,1,3,1,none,False,35.1054057196484,30+,9,0
29,merge,2,0,1,0-1,True,26.96603938092338,20-30,1,0
29,merge,2,1,1,0-1,True,21.491925814736508,20-30,1,0
29,merge,2,2,1,none,False,37.224425678123694,30+,9,0
29,merge,2,3,1,none,False,33.205225219843285,30+,9,0
29,merge,3,0,1,0-1,True,24.37524831555126,20-30,1,0
29,merge,3,1,1,0-1,True,18.55409359481839,10-20,1,0
29,merge,3,2,1,none,False,36.01737653318258,30+,9,0
29,merge,3,3,1,none,False,31.232922430557355,30+,9,0
29,merge,4,0,1,0-1,True,21.364579708121973,20-30,1,0
29,merge,4,1,1,0-1,True,15.184358147627098,10-20,1,0
29,merge,4,2,1,none,False,34.7874883609175,30+,9,0
29,merge,4,3,1,0-3,True,29.02222798822095,20-30,1,0
29,merge,5,0,1,0-1,True,17.958132547403974,10-20,1,0
29,merge,5,1,1,0-1,True,11.39567003129317,10-20,1,0
29,merge,5,2,1,none,False,33.287829256413374,30+,9,0
29,merge,5,3,1,0-3,True,26.49081806319527,20-30,1,0
29,merge,6,0,1,0-1,True,14.18976518325634,10-20,1,0
29,merge,6,1,1,0-1,True,7.206284312948154,0-10,1,0
29,merge,6,2,1,none,False,31.448981860972523,30+,9,0
29,merge,6,3,1,0-3,True,23.47081587275987,20-30,1,0
29,merge,7,0,1,0-1,True,10.10247940238979,10-20,1,0
29,merge,7,1,1,0-1,True,2.640268368832432,0-10,1,0
29,merge,7,2,1,1-2,True,28.94084292988744,20-30,1,0
29,merge,7,3,1,0-3,True,20.063792684497148,20-30,1,0
29,merge,8,0,1,0-1,True,5.745789500506789,0-10,1,0
29,merge,8,1,1,0-1,True,2.272578239440918,0-10,1,0
29,merge,8,2,1,1-2,True,25.857255511276822,20-30,1,0
29,merge,8,3,1,0-3,True,16.325224642718624,10-20,1,0
29,merge,9,0,1,0-3,True,1.171499171360861,0-10,1,0
29,merge,9,1,1,none,False,7.497520446777344,0-10,9,0
29,merge,9,2,1,2-3,True,22.359277719453402,20-30,1,0
29,merge,9,3,1,0-3,True,12.307337721204265,10-20,1,0
29,merge,10,0,1,none,False,3.570941925048828,0-10,9,0
29,merge,10,1,1,none,False,12.996397018432617,10-20,9,0
29,merge,10,2,1,2-3,True,18.473091895334683,10-20,1,0
29,merge,10,3,1,2-3,True,8.066191947361252,0-10,1,0
29,merge,11,0,1,none,False,8.438151359558105,0-10,9,1
29,merge,11,1,1,none,False,18.72960090637207,10-20,9,1
29,merge,11,2,1,2-3,True,14.258199913046438,10-20,1,1
29,merge,11,3,1,2-3,True,3.655782718093931,0-10,1,1
29,merge,12,0,1,none,False,13.394781112670898,10-20,9,1
29,merge,12,1,1,none,False,24.658239364624023,20-30,9,1
29,merge,12,2,1,2-3,True,9.791112243311186,0-10,1,1
29,merge,12,3,1,2-3,True,0.876835823059082,0-10,1,1
29,merge,13,0,1,none,False,18.413734436035156,10-20,9,1
29,merge,13,1,1,none,False,30.746009826660156,30+,9,1
29,merge,13,2,1,none,False,5.132102304370396,0-10,9,1
29,merge,13,3,1,none,False,5.494102478027344,0-10,9,1
29,merge,14,0,1,none,False,23.475215911865234,20-30,9,1
29,merge,14,1,1,none,False,36.960567474365234,30+,9,1
29,merge,14,2,1,none,False,0.3288122072238156,0-10,9,1
29,merge,14,3,1,none,False,10.168113708496094,10-20,9,1
29,merge,15,0,1,none,False,28.565269470214844,20-30,9,2
29,merge,15,1,1,none,False,43.27425003051758,30+,9,2
29,merge,15,2,1,none,False,4.5814008712768555,0-10,9,2
29,merge,15,3,1,none,False,14.879255294799805,10-20,9,2
43,intersection,0,0,1,0-3,True,28.915917221233972,20-30,1,0
43,intersection,0,1,1,1-3,True,28.43063097600658,20-30,1,0
43,intersection,0,2,1,none,False,32.323549480300485,30+,9,0
43,intersection,0,3,1,0-3,True,27.57524705453081,20-30,1,0
43,intersection,1,0,1,0-2,True,25.845196396304893,20-30,1,0
43,intersection,1,1,1,1-2,True,26.459170787759387,20-30,1,0
43,intersection,1,2,1,0-2,True,29.827791083146973,20-30,1,0
43,intersection,1,3,1,0-3,True,25.297954581068087,20-30,1,0
43,intersection,2,0,1,0-2,True,22.377178431455274,20-30,1,0
43,intersection,2,1,1,1-2,True,24.080338018472453,20-30,1,0
43,intersection,2,2,1,0-2,True,26.92777284288622,20-30,1,0
43,intersection,2,3,1,0-3,True,22.617736370865913,20-30,1,0
43,intersection,3,0,1,0-2,True,18.49603960377282,10-20,1,0
43,intersection,3,1,1,1-2,True,21.26404705044279,20-30,1,0
43,intersection,3,2,1,0-2,True,23.59852417449539,20-30,1,0
43,intersection,3,3,1,0-3,True,19.511851066062736,10-20,1,0
43,intersection,4,0,1,0-2,True,14.22596258552272,10-20,1,0
43,intersection,4,1,1,1-2,True,18.021179266130975,10-20,1,0
43,intersection,4,2,1,0-2,True,19.855009665392448,10-20,1,0
43,intersection,4,3,1,0-3,True,15.99956384184465,10-20,1,0
43,intersection,5,0,1,0-2,True,9.611657798180733,0-10,1,0
43,intersection,5,1,1,1-2,True,14.3702749554986,10-20,1,0
43,intersection,5,2,1,0-2,True,15.720323656260605,10-20,1,0
43,intersection,5,3,1,0-3,True,12.112624324049735,10-20,1,0
43,intersection,6,0,1,0-2,True,4.80149250958529,0-10,1,2
43,intersection,6,1,1,1-2,True,10.34529763981948,10-20,1,2
43,intersection,6,2,1,0-2,True,11.232574834533803,10-20,1,2
43,intersection,6,3,1,0-3,True,7.91244748950969,0-10,1,2
43,intersection,7,0,1,0-2,True,2.2321974472522186,0-10,1,3
43,intersection,7,1,1,1-2,True,6.034851176099457,0-10,1,3
43,intersection,7,2,1,0-2,True,6.481400565166548,0-10,1,3
43,intersection,7,3,1,0-3,True,3.6370927499686108,0-10,1,3
43,intersection,8,0,1,none,False,6.927094025217558,0-10,9,4
43,intersection,8,1,1,1-2,True,2.1900281612944767,0-10,1,4
43,intersection,8,2,1,1-2,True,2.2198633096181313,0-10,1,4
43,intersection,8,3,1,1-3,True,2.73472483978773,0-10,1,4
43,intersection,9,0,1,none,False,12.678168810668913,10-20,9,4
43,intersection,9,1,1,none,False,4.668407610723224,0-10,9,4
43,intersection,9,2,1,none,False,4.937650111485589,0-10,9,4
43,intersection,9,3,1,none,False,7.288994498706357,0-10,9,4
43,intersection,10,0,1,none,False,18.72273289883003,10-20,9,4
43,intersection,10,1,1,none,False,9.80463457949949,0-10,9,4
43,intersection,10,2,1,none,False,10.421993439114809,10-20,9,4
43,intersection,10,3,1,none,False,12.511559322585082,10-20,9,4
43,intersection,11,0,1,none,False,24.96500291118552,20-30,9,5
43,intersection,11,1,1,none,False,15.338358993025775,10-20,9,5
43,intersection,11,2,1,none,False,16.26266698708011,10-20,9,5
43,intersection,11,3,1,none,False,17.960395429388576,10-20,9,5
43,intersection,12,0,1,none,False,31.35810628676376,30+,9,6
43,intersection,12,1,1,none,False,21.100278874844513,20-30,9,6
43,intersection,12,2,1,none,False,22.300588672460098,20-30,9,6
43,intersection,12,3,1,none,False,23.55264485823743,20-30,9,6
43,intersection,13,0,1,none,False,37.86839930916076,30+,9,6
43,intersection,13,1,1,none,False,27.029430593866312,20-30,9,6
43,intersection,13,2,1,none,False,28.480537004624278,20-30,9,6
43,intersection,13,3,1,none,False,29.246026304505726,20-30,9,6
43,intersection,14,0,1,none,False,44.46947787198423,30+,9,6
43,intersection,14,1,1,none,False,33.085730935255995,30+,9,6
43,intersection,14,2,1,none,False,34.76738881906887,30+,9,6
43,intersection,14,3,1,none,False,35.012064860936874,30+,9,6
43,intersection,15,0,1,none,False,51.14036508111416,30+,9,6
43,intersection,15,1,1,none,False,39.238655881021344,30+,9,6
43,intersection,15,2,1,none,False,41.135074856844064,30+,9,6
43,intersection,15,3,1,none,False,40.830270313029395,30+,9,6
43,merge,0,0,1,none,False,30.61362192994404,30+,9,0
43,merge,0,1,1,none,False,25.975509210755224,20-30,9,0
43,merge,0,2,1,none,False,40.81093527150046,30+,9,0
43,merge,0,3,1,none,False,36.715926557810334,30+,9,0
43,merge,1,0,1,0-1,True,27.53464774774145,20-30,1,0
43,merge,1,1,1,0-1,True,23.998785999050632,20-30,1,0
43,merge,1,2,1,none,False,38.86692713647155,30+,9,0
43,merge,1,3,1,none,False,34.855419482241196,30+,9,0
43,merge,2,0,1,0-1,True,24.054574580922676,20-30,1,0
43,merge,2,1,1,0-1,True,21.61245068275446,20-30,1,0
43,merge,2,2,1,none,False,37.019732252650904,30+,9,0
43,merge,2,3,1,none,False,33.23524639529936,30+,9,0
43,merge,3,0,1,0-1,True,20.154543165640014,20-30,1,0
43,merge,3,1,1,0-1,True,18.785096270493526,10-20,1,0
43,merge,3,2,1,none,False,34.97269008862685,30+,9,0
43,merge,3,3,1,none,False,31.567918120527008,30+,9,0
43,merge,4,0,1,0-1,True,15.851625429956119,10-20,1,0
43,merge,4,1,1,0-1,True,15.525165905834687,10-20,1,0
43,merge,4,2,1,none,False,32.60697810223121,30+,9,0
43,merge,4,3,1,0-3,True,29.636266015369532,20-30,1,0
43,merge,5,0,1,0-1,True,11.168226549698515,10-20,1,0
43,merge,5,1,1,0-1,True,11.845730496982787,10-20,1,0
43,merge,5,2,1,1-2,True,29.763060793536788,20-30,1,0
43,merge,5,3,1,0-3,True,27.359723566105572,20-30,1,0
43,merge,6,0,1,0-1,True,6.132079239205,0-10,1,0
43,merge,6,1,1,0-1,True,7.765444459864952,0-10,1,0
43,merge,6,2,1,1-2,True,26.108267481540498,20-30,1,0
43,merge,6,3,1,0-3,True,24.635316361203486,20-30,1,0
43,merge,7,0,1,0-1,True,0.775637084851555,0-10,1,0
43,merge,7,1,1,0-1,True,3.3091176943478717,0-10,1,0
43,merge,7,2,1,1-2,True,22.046542343764003,20-30,1,0
43,merge,7,3,1,0-3,True,21.444043924574103,20-30,1,0
43,merge,8,0,1,none,False,4.865139007568359,0-10,9,0
43,merge,8,1,1,1-2,True,1.4923748970031738,0-10,1,0
43,merge,8,2,1,1-2,True,17.60018307132287,10-20,1,0
43,merge,8,3,1,2-3,True,17.84544158408275,10-20,1,0
43,merge,9,0,1,none,False,10.752471923828125,10-20,9,0
43,merge,9,1,1,none,False,6.602985382080078,0-10,9,0
43,merge,9,2,1,2-3,True,12.79733559789189,10-20,1,0
43,merge,9,3,1,2-3,True,13.858720372479423,10-20,1,0
43,merge,10,0,1,none,False,16.848649978637695,10-20,9,0
43,merge,10,1,1,none,False,11.983169555664062,10-20,9,0
43,merge,10,2,1,2-3,True,7.671423327094019,0-10,1,0
43,merge,10,3,1,2-3,True,9.514116006965194,0-10,1,0
43,merge,11,0,1,none,False,23.117809295654297,20-30,9,1
43,merge,11,1,1,none,False,17.59209632873535,10-20,9,1
43,merge,11,2,1,2-3,True,2.2598348562335806,0-10,1,1
43,merge,11,3,1,2-3,True,4.848911290852322,0-10,1,1
43,merge,12,0,1,none,False,29.52730941772461,20-30,9,2
43,merge,12,1,1,none,False,23.389968872070312,20-30,9,2
43,merge,12,2,1,none,False,3.3979625701904297,0-10,9,2
43,merge,12,3,1,none,False,0.09477090835571289,0-10,9,2
43,merge,13,0,1,none,False,36.0485954284668,30+,9,2
43,merge,13,1,1,none,False,29.340023040771484,20-30,9,2
43,merge,13,2,1,none,False,9.26257038116455,0-10,9,2
43,merge,13,3,1,none,False,5.27263069152832,0-10,9,2
43,merge,14,0,1,none,False,42.657527923583984,30+,9,2
43,merge,14,1,1,none,False,35.409912109375,30+,9,2
43,merge,14,2,1,none,False,15.296676635742188,10-20,9,2
43,merge,14,3,1,none,False,10.641172409057617,10-20,9,2
43,merge,15,0,1,none,False,49.33428955078125,30+,9,3
43,merge,15,1,1,none,False,41.57233810424805,30+,9,3
43,merge,15,2,1,none,False,21.466604232788086,20-30,9,3
43,merge,15,3,1,none,False,16.160335540771484,10-20,9,3
