seed,model,scenario,objective,delay,progress,conflicts,collisions,completed,regret_to_oracle
0,heuristic,intersection,7.897663503754884,6.455469369888306,3.7816746830940247,11.125,0.375,0.0,4.052518953774125
0,heuristic,merge,12.358837249632925,8.115214824676514,2.68043315410614,6.0,2.625,0.0,6.40444740889594
0,noop,intersection,5.43556780261919,5.500596225261688,4.400435388088226,8.375,0.5,0.0,1.59042325263843
0,noop,merge,11.398861945373937,7.350937485694885,3.161581426858902,6.125,3.125,0.0,5.444472104636953
0,oracle,intersection,3.8451445499807595,4.726446509361267,4.94843977689743,8.625,0.25,0.0,0.0
0,oracle,merge,5.954389840736985,6.583182275295258,3.6923997700214386,2.0,0.375,0.125,0.0
101,A_original,intersection,4.734447522405535,4.582961320877075,5.062354028224945,10.625,0.875,0.0,0.8893029724247757
101,A_original,merge,9.979417713079602,6.391705095767975,3.8590747714042664,7.375,3.125,0.25,4.025027872342617
101,B_factorial,intersection,4.734447522405535,4.582961320877075,5.062354028224945,10.625,0.875,0.0,0.8893029724247757
101,B_factorial,merge,9.979417713079602,6.391705095767975,3.8590747714042664,7.375,3.125,0.25,4.025027872342617
101,C_difference,intersection,4.734447522405535,4.582961320877075,5.062354028224945,10.625,0.875,0.0,0.8893029724247757
101,C_difference,merge,9.979417713079602,6.391705095767975,3.8590747714042664,7.375,3.125,0.25,4.025027872342617
101,D_pairwise,intersection,4.734447522405535,4.582961320877075,5.062354028224945,10.625,0.875,0.0,0.8893029724247757
101,D_pairwise,merge,9.979417713079602,6.391705095767975,3.8590747714042664,7.375,3.125,0.25,4.025027872342617
101,independent,intersection,4.734447522405535,4.582961320877075,5.062354028224945,10.625,0.875,0.0,0.8893029724247757
101,independent,merge,9.979417713079602,6.391705095767975,3.8590747714042664,7.375,3.125,0.25,4.025027872342617
101,privileged,intersection,4.734447522405535,4.582961320877075,5.062354028224945,10.625,0.875,0.0,0.8893029724247757
101,privileged,merge,9.979417713079602,6.391705095767975,3.8590747714042664,7.375,3.125,0.25,4.025027872342617
202,A_original,intersection,5.433930795583874,5.159660696983337,4.61631453037262,10.625,0.625,0.0,1.5887862456031145
202,A_original,merge,9.979417713079602,6.391705095767975,3.8590747714042664,7.375,3.125,0.25,4.025027872342617
202,B_factorial,intersection,5.129675658587367,4.728826314210892,4.9474228620529175,11.375,0.875,0.0,1.2845311086066071
202,B_factorial,merge,9.979417713079602,6.391705095767975,3.8590747714042664,7.375,3.125,0.25,4.025027872342617
202,C_difference,intersection,4.732810936868191,4.593336403369904,5.0532063245773315,10.5,0.875,0.0,0.8876663868874316
202,C_difference,merge,10.773807426597923,6.485406339168549,3.7954252660274506,6.75,3.75,0.25,4.819417585860939
202,D_pairwise,intersection,4.734447522405535,4.582961320877075,5.062354028224945,10.625,0.875,0.0,0.8893029724247757
202,D_pairwise,merge,9.979417713079602,6.391705095767975,3.8590747714042664,7.375,3.125,0.25,4.025027872342617
202,independent,intersection,4.734447522405535,4.582961320877075,5.062354028224945,10.625,0.875,0.0,0.8893029724247757
202,independent,merge,9.979417713079602,6.391705095767975,3.8590747714042664,7.375,3.125,0.25,4.025027872342617
202,privileged,intersection,4.734447522405535,4.582961320877075,5.062354028224945,10.625,0.875,0.0,0.8893029724247757
202,privileged,merge,9.979417713079602,6.391705095767975,3.8590747714042664,7.375,3.125,0.25,4.025027872342617
303,A_original,intersection,4.734447522405535,4.582961320877075,5.062354028224945,10.625,0.875,0.0,0.8893029724247757
303,A_original,merge,9.979417713079602,6.391705095767975,3.8590747714042664,7.375,3.125,0.25,4.025027872342617
303,B_factorial,intersection,4.734447522405535,4.582961320877075,5.062354028224945,10.625,0.875,0.0,0.8893029724247757
303,B_factorial,merge,9.979417713079602,6.391705095767975,3.8590747714042664,7.375,3.125,0.25,4.025027872342617
303,C_difference,intersection,4.734447522405535,4.582961320877075,5.062354028224945,10.625,0.875,0.0,0.8893029724247757
303,C_difference,merge,9.979417713079602,6.391705095767975,3.8590747714042664,7.375,3.125,0.25,4.025027872342617
303,D_pairwise,intersection,4.734447522405535,4.582961320877075,5.062354028224945,10.625,0.875,0.0,0.8893029724247757
303,D_pairwise,merge,9.979417713079602,6.391705095767975,3.8590747714042664,7.375,3.125,0.25,4.025027872342617
303,independent,intersection,4.734447522405535,4.582961320877075,5.062354028224945,10.625,0.875,0.0,0.8893029724247757
303,independent,merge,9.979417713079602,6.391705095767975,3.8590747714042664,7.375,3.125,0.25,4.025027872342617
303,privileged,intersection,4.734447522405535,4.582961320877075,5.062354028224945,10.625,0.875,0.0,0.8893029724247757
303,privileged,merge,9.979417713079602,6.391705095767975,3.8590747714042664,7.375,3.125,0.25,4.025027872342617
