seed,model,step,train_loss,cf_loss,factorial_validation_loss,natural_validation_loss,seconds
101,A_original,40,0.46858745291829107,0.0,0.27667537724111524,0.2794899642467499,9.66212230999372
101,A_original,80,0.498521126806736,0.0,0.26223187350647503,0.2668568193912506,18.795744325994747
101,A_original,120,0.38367239013314247,0.0,0.2592896262995545,0.2589741349220276,27.83560493400728
101,A_original,160,0.34605060033500196,0.0,0.24498330388094836,0.23905858397483826,37.00139718099672
101,A_original,200,0.3373101379722357,0.0,0.22817814002228812,0.21589258313179016,46.14775734099385
101,A_original,240,0.29164730943739414,0.0,0.1952840430213089,0.20477035641670227,55.11147523600084
101,B_factorial,40,0.3798556844503695,0.0,0.23460224133753357,0.29044586420059204,9.276972310006386
101,B_factorial,80,0.4539861751484645,0.0,0.25947971562960076,0.35713887214660645,18.444228299995302
101,B_factorial,120,0.2705866973952933,0.0,0.21558025861143734,0.32958275079727173,27.652590070996666
101,B_factorial,160,0.25162616935422844,0.0,0.16572950647318055,0.2956329882144928,36.90532821200031
101,B_factorial,200,0.22395038258720956,0.0,0.15080476584965188,0.24945323169231415,46.43547850800678
101,B_factorial,240,0.20183193020807214,0.0,0.13455555745441428,0.2541595697402954,55.53158457099926
101,C_difference,40,0.4292303015055037,0.049277732614105604,0.23749778425257992,0.3148016035556793,9.105911562000983
101,C_difference,80,0.3518020241958563,0.02309406726546255,0.1778576557062852,0.27278175950050354,18.11104626300221
101,C_difference,120,0.23852525649472578,0.0059819388648212676,0.16623556128436792,0.2563090920448303,27.083509353004047
101,C_difference,160,0.2281734941138108,0.00516547164378634,0.1511926018934784,0.24423642456531525,36.210385494006914
101,C_difference,200,0.20953861909543486,0.004700385788161771,0.10947430144264608,0.19861522316932678,45.4168782899942
101,C_difference,240,0.1811592874287709,0.00501264265060631,0.10515782722140365,0.19086496531963348,54.552812234003795
101,independent,40,0.4603858104898714,0.0,0.22410853071576264,0.2744298577308655,3.3441985350073082
101,independent,80,0.2442700323609422,0.0,0.206346036695808,0.260232150554657,6.622852289001457
101,independent,120,0.23604614959535483,0.0,0.19000200765810374,0.2633359730243683,9.89985973200237
101,independent,160,0.23749452741312896,0.0,0.1849687264961961,0.2560933530330658,13.200129033997655
101,independent,200,0.23710370657482155,0.0,0.181432707217102,0.2514282763004303,16.48800634899817
101,independent,240,0.20747529164236198,0.0,0.16859076187789465,0.2799170911312103,19.803465598000912
101,privileged,40,0.3616991451810386,0.0,0.23822325057100416,0.25267982482910156,9.164420427987352
101,privileged,80,0.21153446567106632,0.0,0.47649025449505905,0.5307811498641968,18.37940564699238
101,privileged,120,0.316329360049604,0.0,0.18704874818548856,0.26631683111190796,27.600326693995157
101,privileged,160,0.2016800541264768,0.0,0.16532135659759148,0.2724388837814331,36.692734167998424
101,privileged,200,0.17461470658551376,0.0,0.13107821940077585,0.2228580266237259,45.7149986000004
101,privileged,240,0.15209169971118097,0.0,0.12108190023830172,0.21140238642692566,55.04680614199606
101,D_pairwise,40,0.4217288885958905,0.048582938509486126,0.24284228965924556,0.3223004937171936,10.28780243601068
101,D_pairwise,80,0.2608788568622729,0.018292505678210023,0.17602922283843378,0.2904420495033264,20.543588496002485
101,D_pairwise,120,0.23848697405149907,0.005805169537381833,0.16066278123316055,0.27849167585372925,30.59514253800444
101,D_pairwise,160,0.22253596907922374,0.005207348951536878,0.14038434736790498,0.2676820158958435,40.68363907899766
101,D_pairwise,200,0.22621161530443618,0.00522377403636793,0.13896663881511756,0.2503802180290222,50.91900592100865
101,D_pairwise,240,0.2057498880378544,0.005164460511712364,0.12484452610579055,0.22182948887348175,61.0648379750055
202,A_original,40,0.5049980875104666,0.0,0.2659524805105496,0.2671855390071869,9.0722225500067
202,A_original,80,0.40301786065101625,0.0,0.24923721936746646,0.26395243406295776,18.07481279700005
202,A_original,120,0.365928141027689,0.0,0.2774656641173248,0.26000988483428955,27.155300330996397
202,A_original,160,0.34147307090461254,0.0,0.239452474534093,0.237084299325943,36.172603554005036
202,A_original,200,0.30840521231293677,0.0,0.2158150091024061,0.20938067138195038,45.26426864200039
202,A_original,240,0.29213769659399985,0.0,0.1860241182986905,0.18770961463451385,54.491968004003866
202,B_factorial,40,0.47339871334420486,0.0,0.23167815564710872,0.28126975893974304,9.17958714699489
202,B_factorial,80,0.2834826460390318,0.0,0.22318935841526158,0.2871144115924835,18.396987521991832
202,B_factorial,120,0.26636654565009293,0.0,0.2078823723116208,0.2807394564151764,27.559670406000805
202,B_factorial,160,0.2456679793952507,0.0,0.18111598171500912,0.2786102890968323,36.61849937099032
202,B_factorial,200,0.21923233801948233,0.0,0.1411433207370376,0.2426314353942871,45.768655493986444
202,B_factorial,240,0.19298556775494186,0.0,0.13767098744188563,0.24369469285011292,54.808525535991066
202,C_difference,40,0.6787654672680957,0.050838044944454305,0.23353783400347974,0.2807833254337311,9.198980681001558
202,C_difference,80,0.31903220228840135,0.037074255354976625,0.2703167115587182,0.4024677276611328,18.380672631989
202,C_difference,120,0.278709058359639,0.008488548010204983,0.16475043373631074,0.2755947411060333,27.478885658987565
202,C_difference,160,0.22576127422928655,0.00515424913921589,0.1524076353777166,0.2531725764274597,36.691964168989216
202,C_difference,200,0.2053713813609015,0.005486898473278485,0.15659450241093084,0.25598588585853577,45.86303383599443
202,C_difference,240,0.18553855475935482,0.004366574120521226,0.12076194894936386,0.2204693853855133,54.90870706200076
202,independent,40,0.4758638044468347,0.0,0.21955887579945355,0.2576404809951782,3.3050168929912616
202,independent,80,0.25937993737912857,0.0,0.20663666233674557,0.2607434391975403,6.561560837988509
202,independent,120,0.25047856532331114,0.0,0.19029043656280517,0.2533898651599884,9.813875029998599
202,independent,160,0.22650271518885604,0.0,0.18151586503646447,0.2479856014251709,13.207685624991427
202,independent,200,0.22552995009114957,0.0,0.18286459406697828,0.23842105269432068,16.6971385779907
202,independent,240,0.2173350758385167,0.0,0.1696367853424189,0.23597168922424316,20.01501311699394
202,privileged,40,0.30674949469182844,0.0,0.23434923854665113,0.24173693358898163,8.999098807005794
202,privileged,80,0.24409183005440133,0.0,0.20031224840495013,0.2575227618217468,18.225936201997683
202,privileged,120,0.20415952197642429,0.0,0.15230989391961958,0.22185316681861877,27.53402972900949
202,privileged,160,0.16587397582878904,0.0,0.19056489806007837,0.2274436205625534,36.61228982600733
202,privileged,200,0.16468013933664993,0.0,0.1441773058423015,0.19234886765480042,45.73890126500919
202,privileged,240,0.12519491925137305,0.0,0.09857448821790034,0.16745330393314362,55.04762771600508
202,D_pairwise,40,0.4461236819463359,0.05074529446218301,0.2314533650333693,0.2803463637828827,10.38240295300784
202,D_pairwise,80,0.38405452048389654,0.04184952721221019,0.16666852861661727,0.27866846323013306,20.56854779800051
202,D_pairwise,120,0.2928508920772243,0.012425243807128648,0.20148137362579802,0.31420010328292847,30.688385993009433
202,D_pairwise,160,0.2235955683047834,0.005386629935766383,0.16113581396748178,0.24735133349895477,40.71108759799972
202,D_pairwise,200,0.22000198974143353,0.005096801407525041,0.17232596332074102,0.28981608152389526,50.68712780000351
202,D_pairwise,240,0.18530830381296198,0.00468357029622897,0.10900147819968449,0.20320191979408264,60.69380139600253
303,A_original,40,0.4880672626197338,0.0,0.27684751023639037,0.27610230445861816,9.21046176701202
303,A_original,80,0.37883751168847085,0.0,0.2920902791413326,0.2772398889064789,18.516404332011007
303,A_original,120,0.38173754177987573,0.0,0.261730496516337,0.2644321918487549,27.749301720003132
303,A_original,160,0.36966667473316195,0.0,0.2797379377539608,0.2715289890766144,37.077812208008254
303,A_original,200,0.3373607639223337,0.0,0.2795935214059434,0.2596830725669861,46.2547270040086
303,A_original,240,0.32932686880230905,0.0,0.3264600185019906,0.25711503624916077,55.43638291100797
303,B_factorial,40,0.42513502521033003,0.0,0.23298476745087185,0.2921389937400818,9.332992729003308
303,B_factorial,80,0.5500254076307425,0.0,0.21052264760325054,0.3041958212852478,18.517506425996544
303,B_factorial,120,0.2740048457559413,0.0,0.2102223395606807,0.290178507566452,27.544826465993538
303,B_factorial,160,0.23998712845122458,0.0,0.18372762008763302,0.28422847390174866,36.64498585999536
303,B_factorial,200,0.23568664476078477,0.0,0.14249198233704977,0.25019603967666626,45.71988789999159
303,B_factorial,240,0.18841696874783942,0.0,0.13711994749820264,0.2258605659008026,55.00457692699274
303,C_difference,40,0.5095662997204593,0.05054441807210438,2.957294934495002,2.6542739868164062,9.480235358001664
303,C_difference,80,0.41900642069583593,0.048032373676642134,0.24268747544241687,0.346383273601532,18.878458912993665
303,C_difference,120,0.28260032098720317,0.014063296314619939,0.16166021006914646,0.2808944582939148,28.179156138998223
303,C_difference,160,0.2099080677588605,0.00526545658782243,0.12515351383749848,0.25990208983421326,37.429974204991595
303,C_difference,200,0.1997188529600969,0.005145856831114205,0.1219068989929366,0.2241581380367279,46.45353086700197
303,C_difference,240,0.16149793359895656,0.004307846223816253,0.10028138217564303,0.1986950933933258,55.47693335599615
303,independent,40,0.4759803628236098,0.0,0.22661139886529014,0.2672460675239563,3.3115582540049218
303,independent,80,0.26516831849339406,0.0,0.211444843818252,0.26443564891815186,6.608964580998872
303,independent,120,0.2529873287361869,0.0,0.1905055386627804,0.26708656549453735,9.95895000200835
303,independent,160,0.22672026343904567,0.0,0.19470095056131967,0.24993112683296204,13.302841889002593
303,independent,200,0.23834990363514721,0.0,0.15914992095603234,0.253986656665802,16.6269345190085
303,independent,240,0.1817946642093098,0.0,0.13462280480008845,0.2398395985364914,20.014039187997696
303,privileged,40,0.4022771089011177,0.0,4.53664657574179,4.069016456604004,9.414580372991622
303,privileged,80,0.35616179498651634,0.0,0.21865309336696118,0.2542527914047241,18.752533480990678
303,privileged,120,0.21633957335448373,0.0,0.21203136460216165,0.26350826025009155,28.246284006992937
303,privileged,160,0.1868096096361803,0.0,0.15824102906175375,0.21788933873176575,37.29387118299201
303,privileged,200,0.17293423388000412,0.0,0.13753753168342955,0.21198658645153046,46.46315650799079
303,privileged,240,0.1249938079365761,0.0,0.1165920766369256,0.1731385439634323,55.6549669369997
303,D_pairwise,40,0.4871806230646293,0.05051889600586137,0.22765042136829003,0.2855894863605499,10.19836687001225
303,D_pairwise,80,0.32862989211859406,0.03773561601133989,0.17177064742407475,0.2831539809703827,20.013811184006045
303,D_pairwise,120,0.2723392439601463,0.009300594608887203,0.18722620828741798,0.26537370681762695,29.958615724011906
303,D_pairwise,160,0.20123456705621762,0.006197376224149401,0.122432505405433,0.22179147601127625,40.280690842002514
303,D_pairwise,200,0.19557494153138066,0.005245150834062844,0.10735802198167442,0.20470266044139862,50.600000406004256
303,D_pairwise,240,0.16847099998673631,0.004135401651732394,0.12518401768449697,0.20714274048805237,61.27318793600716
