seed,model,plan,true_cost,predicted_cost,true_conflicts,predicted_conflicts,position_error,speed_error,world_error
17,orchestra,"+1,+1",5.828694615066051,9.629321339428426,1.0000001192092896,1.8597784042358398,14.771082878112793,3.595139503479004,0.1177423894405365
17,independent,"+1,+1",5.828694615066051,12.854676568657162,1.0000001192092896,1.658267617225647,12.849618911743164,3.0861732959747314,0.11463118344545364
17,orchestra,"+1,-1",6.762672331184149,11.275390273034573,0.9000000357627869,1.8504247665405273,14.651742935180664,3.5238661766052246,0.11824444681406021
17,independent,"+1,-1",6.762672331184149,12.869501258283854,0.9000000357627869,1.660400390625,13.010039329528809,3.084364175796509,0.11425658315420151
17,orchestra,"-1,+1",6.719756672531368,11.299689331054688,0.5,1.8492164611816406,14.087206840515137,2.9324839115142822,0.11372993141412735
17,independent,"-1,+1",6.719756672531368,12.86909563958645,0.5,1.6603631973266602,12.505245208740234,2.5519793033599854,0.11213186383247375
17,orchestra,"-1,-1",8.946183144152165,12.962690454870462,0.6000000238418579,1.830348253250122,13.62671947479248,2.736722230911255,0.11271508783102036
17,independent,"-1,-1",8.946183144152165,12.883920388072731,0.6000000238418579,1.6624959707260132,12.628311157226562,2.5037622451782227,0.11161352694034576
29,orchestra,"+1,+1",5.087318657636642,9.759180778115988,0.699999988079071,1.8387798070907593,10.949969291687012,3.116562843322754,0.03825492784380913
29,independent,"+1,+1",5.087318657636642,13.383029551506045,0.699999988079071,1.6449484825134277,7.851500511169434,2.670903444290161,0.031852204352617264
29,orchestra,"+1,-1",5.6555177424848075,11.29883541047573,0.20000000298023224,1.8245224952697754,10.285138130187988,3.019805908203125,0.03748207539319992
29,independent,"+1,-1",5.6555177424848075,13.39785421192646,0.20000000298023224,1.6470811367034912,8.168549537658691,2.6468608379364014,0.03145137429237366
29,orchestra,"-1,+1",5.5909114034473895,11.326924927979707,0.30000001192092896,1.8229520320892334,10.543231010437012,2.7784810066223145,0.036362506449222565
29,independent,"-1,+1",5.5909114034473895,13.39744861975312,0.30000001192092896,1.6470441818237305,8.14794635772705,2.3563003540039062,0.03059311769902706
29,orchestra,"-1,-1",7.78798267364502,12.790115244388582,0.0,1.803035020828247,9.352511405944824,2.3986356258392334,0.0337708406150341
29,independent,"-1,-1",7.78798267364502,13.412273494154215,0.0,1.649176836013794,8.475123405456543,2.3487539291381836,0.030272802338004112
43,orchestra,"+1,+1",4.9503234547376636,9.619260433167218,0.8000000715255737,1.8052904605865479,9.220766067504883,3.553570508956909,0.05707978829741478
43,independent,"+1,+1",4.9503234547376636,13.391964106410743,0.8000000715255737,1.6431918144226074,6.207602024078369,2.6774580478668213,0.05141110345721245
43,orchestra,"+1,-1",5.446231814324856,11.163704984486104,0.30000001192092896,1.791211485862732,8.451622009277344,3.337027072906494,0.05679335445165634
43,independent,"+1,-1",5.446231814324856,13.406788879334927,0.30000001192092896,1.64532470703125,6.7760233879089355,2.6371989250183105,0.05094711482524872
43,orchestra,"-1,+1",5.74064792200923,11.19291256800294,0.4000000059604645,1.7896127700805664,7.952057838439941,2.979896068572998,0.053322356194257736
43,independent,"-1,+1",5.74064792200923,13.40638321235776,0.4000000059604645,1.6452876329421997,5.769899368286133,2.321420192718506,0.049726299941539764
43,orchestra,"-1,-1",7.8715264019370075,12.654100427925586,0.10000000149011612,1.7701900005340576,6.74207067489624,2.5192646980285645,0.05119764059782028
43,independent,"-1,-1",7.8715264019370075,13.421207811832428,0.10000000149011612,1.6474204063415527,6.349729537963867,2.302161931991577,0.0493503138422966
