variant,regime,horizon_seconds,macro_energy,macro_speed_mae_m_s,macro_density_mae_veh_km,macro_flow_mae_veh_h,macro_coverage90,ade_m,fde_m
constant_velocity,blind,5,0.13292496372644494,1.9503175020217896,12.097727457682291,247.12615966796875,0.025905657962109575,1.5919532775878906,4.2707773844401045
constant_velocity,blind,10,0.1375912939791272,2.9038846492767334,11.957496960957846,287.72752888997394,0.018055555555555557,4.228875954945882,12.229804039001465
constant_velocity,blind,20,0.16474524971499663,3.447155793507894,15.78415044148763,355.1565653483073,0.0070564516129032265,9.637139638264975,30.265589396158855
constant_velocity,dense,5,0.11531511773989762,1.5148775974909465,10.620007832845053,224.42951456705728,0.029489887352790577,1.5191218455632527,4.1532167593638105
constant_velocity,dense,10,0.12562026520631298,2.572666645050049,10.47823683420817,264.11817423502606,0.025231481481481483,4.073739608128865,11.977384885152182
constant_velocity,dense,20,0.155787089478411,3.39282496770223,14.169771194458008,344.2941080729167,0.007168458781362008,9.282273610432943,30.253719329833984
constant_velocity,outage,5,0.12665796562976475,2.1045164664586387,11.968429883321127,257.2033945719401,0.018577188940092165,4.2230344613393145,7.839407126108806
constant_velocity,outage,10,0.13550425390739582,2.906182130177816,12.085313479105631,287.56103515625,0.011111111111111112,7.5829698244730634,17.029262860616047
constant_velocity,outage,20,0.15858179866432282,3.4929932753245034,15.081287066141764,329.15318806966144,0.006944444444444444,14.59310531616211,39.861942291259766
constant_velocity,sparse20,5,0.17769398604137956,3.1267124811808267,19.740994135538738,315.59691365559894,0.0,1.9073376655578613,5.3985873858133955
constant_velocity,sparse20,10,0.1947100962509004,4.014342784881592,21.175416310628254,373.8586730957031,0.003472222222222222,5.5237735112508135,14.955838521321615
constant_velocity,sparse20,20,0.2180662160656015,4.279617786407471,25.935136159261067,433.091064453125,0.003584229390681004,11.91624673207601,28.270814259847004
constant_velocity,sparse50,5,0.12336518022846882,2.2069432735443115,11.841742515563965,229.7908681233724,0.011136712749615975,1.5968478520711262,4.370149374008179
constant_velocity,sparse50,10,0.14808409510716106,3.108296791712443,14.151390075683594,300.4985860188802,0.006944444444444444,4.252524375915527,11.543954531351725
constant_velocity,sparse50,20,0.18225629464648266,3.9553460280100503,19.45228894551595,368.63852945963544,0.003584229390681004,9.376910845438639,28.53272247314453
deterministic,blind,5,0.13774683590293663,2.5994509855906167,15.098741213480631,309.6378682454427,0.0,1.5866587956746419,4.260872522989909
deterministic,blind,10,0.13169017101522548,2.351410706837972,14.593390146891275,305.4982198079427,0.0,4.2155373096466064,12.162407239278158
deterministic,blind,20,0.11735815453673565,2.4291423161824546,12.037649472554525,254.49093119303384,0.0,9.547539075215658,29.618855158487957
deterministic,dense,5,0.13773745816117242,2.6008079051971436,15.098379453023275,309.52406819661456,0.0,1.516412377357483,4.147253592809041
deterministic,dense,10,0.13167414160886165,2.352112054824829,14.591242154439291,305.41103108723956,0.0,4.053762594858806,11.83657455444336
deterministic,dense,20,0.11735074775381839,2.429508924484253,12.036556879679361,254.4381103515625,0.0,9.141453266143799,29.403162002563477
deterministic,outage,5,0.13747666713593662,2.595940669377645,15.050937334696451,309.08631896972656,0.0,4.206177393595378,7.761185169219971
deterministic,outage,10,0.13145901859772055,2.349191904067993,14.553987185160318,305.00293986002606,0.0,7.503133614857991,16.747530937194824
deterministic,outage,20,0.11722284106725835,2.4265259901682534,12.01286792755127,254.12943013509116,0.0,14.327519416809082,38.88794962565104
deterministic,sparse20,5,0.1368051065103464,2.620204051335653,14.826303799947103,310.5326741536458,0.0,1.9151459534962971,5.422049204508464
deterministic,sparse20,10,0.1306953178761655,2.370302120844523,14.34557056427002,306.1793212890625,0.0,5.546594937642415,14.94282086690267
deterministic,sparse20,20,0.11688660858977902,2.4484500090281167,11.874961853027344,254.81610107421875,0.0,11.98891798655192,28.63194402058919
deterministic,sparse50,5,0.13752788369966898,2.604961315790812,15.041245778401693,309.6435038248698,0.0,1.6069704691569011,4.405643781026204
deterministic,sparse50,10,0.13151209874380773,2.3540948232014975,14.55178451538086,305.54676818847656,0.0,4.282766739527385,11.57405916849772
deterministic,sparse50,20,0.11720372013568758,2.4357151985168457,11.98885726928711,254.5635019938151,0.0,9.40985107421875,28.431609471638996
full,blind,5,0.11944389511430659,2.5900931358337402,14.82366911570231,324.518310546875,0.21294162826420893,1.6215980450312297,4.35878864924113
full,blind,10,0.11407407135094344,2.307513872782389,14.648931821187338,309.01292928059894,0.19398148148148145,4.305430094401042,12.506415049235025
full,blind,20,0.09995692477683692,2.40100892384847,11.992526690165201,255.97756958007812,0.23017473118279566,10.20684019724528,33.152469635009766
full,dense,5,0.11980559147268638,2.555678049723307,14.799643198649088,321.7505645751953,0.1880280337941628,1.5511256853739421,4.204940478006999
full,dense,10,0.11499013567543821,2.3721512953440347,14.750811894734701,315.9426778157552,0.20092592592592592,4.137500127156575,12.280065854390463
full,dense,20,0.10111628126026358,2.402707815170288,12.255707422892252,262.63483174641925,0.2620967741935484,9.728965441385904,32.24128214518229
full,outage,5,0.11998657777080705,2.569670041402181,15.117350260416666,315.8501332600911,0.2254064260112647,4.230346043904622,7.738164742787679
full,outage,10,0.11322732089879324,2.3752068678538003,14.562161763509115,310.13539632161456,0.19745370370370371,7.4378987948099775,15.96020539601644
full,outage,20,0.10011963859341726,2.3914403915405273,12.025729497273764,258.29754130045575,0.2625448028673835,14.022055625915527,39.16723505655924
full,sparse20,5,0.12022479731126896,2.5114527543385825,15.002718289693197,321.0517222086589,0.20561315924219148,1.9409854014714558,5.441047827402751
full,sparse20,10,0.1154749106257913,2.432850996653239,14.600623766581217,311.38489786783856,0.20023148148148148,5.700810273488362,15.649316469828287
full,sparse20,20,0.10089188718531654,2.4632171789805093,12.115441958109537,259.27466837565106,0.2339829749103943,12.457352638244629,29.6149476369222
full,sparse50,5,0.1201938037352928,2.5580875873565674,15.124757130940756,314.5559895833333,0.20550115207373273,1.6710915565490723,4.630821069081624
full,sparse50,10,0.11320490619706342,2.345012585322062,14.581755638122559,305.4948221842448,0.21435185185185188,4.527044773101807,12.44274934132894
full,sparse50,20,0.09919772139212257,2.376694679260254,12.11129633585612,254.1727498372396,0.24092741935483875,10.009432792663574,31.943145751953125
independent,blind,5,0.09754925224363471,1.613554835319519,10.983719825744629,230.77088928222656,0.24739183307731694,1.7124486764272053,4.568396091461182
independent,blind,10,0.10521874165632977,2.2034738063812256,13.503284454345703,290.5106964111328,0.29050925925925924,4.54101546605428,13.336598714192709
independent,blind,20,0.13506466337099796,2.512053966522217,18.659155527750652,333.61057535807294,0.3399417562724014,10.4029541015625,32.78918202718099
independent,dense,5,0.09185431025578829,1.4746491114298503,10.94161081314087,217.59001668294272,0.2647689452124936,1.642444133758545,4.500253995259603
independent,dense,10,0.10784656014045797,2.063584804534912,13.741562207539877,286.8442687988281,0.34467592592592594,4.404390176137288,13.05491574605306
independent,dense,20,0.1293886269259148,2.502760330835978,17.475263595581055,314.2838643391927,0.37892025089605735,10.009387969970703,32.69123458862305
independent,outage,5,0.09069108609101217,1.6800212065378826,10.309061368306478,235.3240966796875,0.22358230926779313,4.196760972340901,7.750702540079753
independent,outage,10,0.10341829382567176,2.099289814631144,12.914658546447754,282.5196228027344,0.3611111111111111,7.498058795928955,16.655327796936035
independent,outage,20,0.1311531004537107,2.3934282461802163,18.554308255513508,328.32391357421875,0.3501344086021505,14.299906094868978,40.533738454182945
independent,sparse20,5,0.14835958511008807,1.7351702451705933,19.158080101013184,314.5622965494792,0.17463517665130568,2.068045695622762,5.778180122375488
independent,sparse20,10,0.15107125280965972,1.955428123474121,20.9456729888916,359.629150390625,0.23449074074074072,5.821519215901692,15.412219683329264
independent,sparse20,20,0.173562205337373,2.7753434975941977,25.932313919067383,432.8354085286458,0.24070340501792117,12.218879063924154,29.764463424682617
independent,sparse50,5,0.09695000915871547,1.7377909819285076,11.149157524108887,235.7028554280599,0.20214093701996927,1.8442028760910034,5.0896406173706055
independent,sparse50,10,0.11120203172770278,2.032279372215271,14.36760171254476,295.4789784749349,0.3398148148148148,4.880605061848958,13.171098391215006
independent,sparse50,20,0.1429486855573066,2.5300773779551187,20.355244318644207,354.91431681315106,0.35775089605734767,10.68671735127767,32.97137196858724
macro_only,blind,5,0.1162960203514808,2.393104076385498,15.253341674804688,292.6090799967448,0.18653993855606757,,
macro_only,blind,10,0.11106416736149705,2.2055378754933677,14.188337326049805,290.9061228434245,0.18680555555555556,,
macro_only,blind,20,0.09735944603224801,2.176154295603434,11.97357432047526,242.90463256835938,0.27665770609318996,,
macro_only,dense,5,0.11574400379912664,2.3187995751698813,15.479305267333984,299.771001180013,0.16532258064516128,,
macro_only,dense,10,0.10970008824445614,2.134119749069214,14.344799677530924,286.9012502034505,0.20092592592592592,,
macro_only,dense,20,0.09826237886232109,2.1656490166982016,12.419813474019369,234.67048136393228,0.23420698924731184,,
macro_only,outage,5,0.11778921565871486,2.6741747856140137,14.568440755208334,300.9947560628255,0.1917242703533026,,
macro_only,outage,10,0.1116357360977152,2.371635834376017,13.954846064249674,297.3955891927083,0.19675925925925927,,
macro_only,outage,20,0.09950395473803549,2.2842487494150796,12.148767471313477,244.0058848063151,0.24081541218637992,,
macro_only,sparse20,5,0.11753682975605922,2.84490966796875,14.083836237589518,307.38250223795575,0.16989887352790578,,
macro_only,sparse20,10,0.11205338791949282,2.5111753145853677,13.552040735880533,300.93174743652344,0.16597222222222222,,
macro_only,sparse20,20,0.099681313266764,2.3367342154184976,11.972338994344076,244.34420776367188,0.2163978494623656,,
macro_only,sparse50,5,0.1150071124968154,2.545236110687256,14.690142631530762,301.9196065266927,0.1571620583717358,,
macro_only,sparse50,10,0.10978377829911923,2.2921693325042725,13.794670740763346,293.3124237060547,0.1715277777777778,,
macro_only,sparse50,20,0.09734412182484557,2.2337581316630044,11.893791198730469,242.01189676920572,0.2267025089605735,,
micro_only,blind,5,0.09688170983266921,1.5956015189488728,10.4923947652181,229.87269083658853,0.24017537122375832,1.6445119380950928,4.4141091505686445
micro_only,blind,10,0.095725221964663,2.159480929374695,11.458974202473959,267.42784118652344,0.30810185185185185,4.352940082550049,12.62899907430013
micro_only,blind,20,0.11271857357692888,2.543452580769857,13.850529670715332,289.68756103515625,0.4466845878136201,10.240799268086752,32.945481618245445
micro_only,dense,5,0.09031212686856976,1.4338359832763672,10.60541041692098,214.7165985107422,0.2391353046594982,1.5670745372772217,4.248012065887451
micro_only,dense,10,0.09201141709349103,2.034463087717692,11.141355514526367,266.5130208333333,0.350462962962963,4.170411030451457,12.3331937789917
micro_only,dense,20,0.10378816522104206,2.5151333808898926,12.961878140767416,278.061767578125,0.4567652329749104,9.761063893636068,32.20664151509603
micro_only,outage,5,0.08844336118087703,1.647971232732137,9.852219581604004,223.29678344726562,0.23548707117255505,4.232782920201619,7.759647369384766
micro_only,outage,10,0.08971972195351573,1.9897087812423706,10.88722292582194,267.17933146158856,0.3358796296296296,7.452533721923828,16.012613932291668
micro_only,outage,20,0.10824153310429457,2.3369123935699463,14.65302817026774,270.3386586507161,0.4854390681003584,14.036139488220215,38.95605595906576
micro_only,sparse20,5,0.14917647319901733,1.7626012961069744,19.166415532430012,312.0225524902344,0.14476126472094214,1.9690550565719604,5.512200832366943
micro_only,sparse20,10,0.1531833202312267,2.2206153869628906,20.97302532196045,360.3398742675781,0.19120370370370368,5.746845722198486,15.696914990743002
micro_only,sparse20,20,0.17010208868321283,2.5434985955556235,25.263884862263996,414.44922892252606,0.27296146953405015,12.47519620259603,29.44757652282715
micro_only,sparse50,5,0.09578963186175893,1.6944384177525837,11.042801856994629,234.5075937906901,0.18245967741935484,1.7102083365122478,4.720991929372151
micro_only,sparse50,10,0.10463548050148365,1.9633052746454875,13.542444229125977,277.71290079752606,0.3111111111111111,4.604006449381511,12.594807942708334
micro_only,sparse50,20,0.12846170428255757,2.3924827575683594,17.48697789510091,313.33555094401044,0.3649193548387097,10.092997868855795,31.70646031697591
no_crossscale,blind,5,0.1108495828528202,2.263175090154012,14.434987386067709,289.4612630208333,0.17314708141321045,1.6518025398254395,4.419902960459392
no_crossscale,blind,10,0.10738746616167229,2.089721123377482,13.950820922851562,277.20851135253906,0.2324074074074074,4.350231329600017,12.508916219075521
no_crossscale,blind,20,0.09471369711163978,2.0206693013509116,12.054744084676107,227.60504659016928,0.2906586021505376,9.961874008178711,31.685509999593098
no_crossscale,dense,5,0.1102485017822925,2.199694554011027,14.5435791015625,296.77833048502606,0.166202636968766,1.5888405640920003,4.402911980946858
no_crossscale,dense,10,0.10647268745533993,2.008815805117289,14.09385903676351,274.7157694498698,0.21481481481481482,4.285768826802571,12.593004862467447
no_crossscale,dense,20,0.09606242966848721,2.0308580001195273,12.475360870361328,220.67925516764322,0.24451164874551976,9.711346944173178,32.199990590413414
no_crossscale,outage,5,0.1130492198514288,2.524279991785685,13.957389831542969,298.86094156901044,0.20247695852534564,4.212532997131348,7.799556573232015
no_crossscale,outage,10,0.10745563585116107,2.195148547490438,13.902682304382324,283.8468933105469,0.20717592592592593,7.520084222157796,16.832229296366375
no_crossscale,outage,20,0.09565909600582406,2.0447550614674888,12.295502662658691,222.69677225748697,0.2410394265232975,14.693973541259766,40.96256637573242
no_crossscale,sparse20,5,0.11226135466752861,2.6014243761698403,13.629873593648275,304.4694112141927,0.17359511008704556,1.947376290957133,5.4663740793863935
no_crossscale,sparse20,10,0.10768459976222067,2.2191019852956138,13.694361686706543,284.9343668619792,0.20069444444444443,5.648386478424072,15.178689956665039
no_crossscale,sparse20,20,0.09499814548491381,2.0397148529688516,12.13821792602539,223.3005116780599,0.2517921146953405,12.148736953735352,29.294917424519856
no_crossscale,sparse50,5,0.10999640322046782,2.3729093869527182,13.98781649271647,299.3080088297526,0.1692908346134153,1.6692064205805461,4.630046844482422
no_crossscale,sparse50,10,0.10643801214406867,2.1068297227223716,13.779102007548014,280.4709065755208,0.20324074074074075,4.543923219045003,12.449942270914713
no_crossscale,sparse50,20,0.09418867790438527,1.981136957804362,12.192523320515951,224.8494618733724,0.2655689964157706,10.014963467915853,30.75106430053711
persistence,blind,5,0.1720734274504525,4.7473602294921875,12.616366386413574,391.3868916829427,0.033074116743471584,9.754188219706217,19.976414998372395
persistence,blind,10,0.1779729910432517,5.171886761983235,12.466514587402344,436.7377522786458,0.02847222222222222,17.958384831746418,39.633218129475914
persistence,blind,20,0.19035464585340764,5.081648349761963,14.954355239868164,491.5116373697917,0.014112903225806453,30.673926035563152,74.90247090657552
persistence,dense,5,0.1684832302008088,4.7473602294921875,12.02942943572998,391.3868916829427,0.029489887352790577,9.907134691874186,20.27341651916504
persistence,dense,10,0.1750978522640322,5.171886761983235,11.638519605000814,436.7377522786458,0.03217592592592593,18.03173891703288,39.38825480143229
persistence,dense,20,0.18752889463441882,5.081648349761963,14.086929321289062,491.5116373697917,0.014112903225806453,30.06355094909668,74.0044453938802
persistence,outage,5,0.1651183346995274,4.7473602294921875,11.473758061726889,391.3868916829427,0.025521633384536613,10.130826950073242,19.943262100219727
persistence,outage,10,0.17453100729518967,5.171886761983235,10.900564193725586,436.7377522786458,0.03587962962962963,18.034200032552082,38.47785186767578
persistence,outage,20,0.19063245981630447,5.081648349761963,14.833884239196777,491.5116373697917,0.024753584229390682,31.268215815226238,78.33073170979817
persistence,sparse20,5,0.19562776326687714,4.7473602294921875,19.73461850484212,391.3868916829427,0.0,10.940326054890951,22.879832585652668
persistence,sparse20,10,0.20804717300305495,5.171886761983235,21.08650779724121,436.7377522786458,0.0,21.0352783203125,44.466356913248696
persistence,sparse20,20,0.22452576840965258,5.081648349761963,24.39010747273763,491.5116373697917,0.0,36.64150619506836,78.63780466715495
persistence,sparse50,5,0.16700748354820616,4.7473602294921875,12.069679896036783,391.3868916829427,0.007552483358934972,9.94078286488851,21.046202341715496
persistence,sparse50,10,0.17759155642382088,5.171886761983235,12.839946428934732,436.7377522786458,0.017592592592592594,18.616156260172527,40.683074951171875
persistence,sparse50,20,0.19422929170540157,5.081648349761963,16.3729985555013,491.5116373697917,0.017697132616487456,31.503253936767578,75.03032048543294
