seed,scenario,plan,horizon,position_divergence,speed_divergence,queue_divergence,delay_divergence,conflict_divergence,collision_divergence,travel_time_proxy_divergence
17,intersection,maintain,1,0.0,0.0,0.0,0.0,0.0,0.0,0.0
17,intersection,maintain,5,0.0,0.0,0.0,0.0,0.0,0.0,0.0
17,intersection,maintain,10,0.0,0.0,0.0,0.0,0.0,0.0,0.0
17,intersection,maintain,20,0.0,0.0,0.0,0.0,0.0,0.0,0.0
17,intersection,one_yield,1,0.016220808029174805,0.06488330662250519,0.0,0.006855994462966919,0.0,0.0,0.0034279972314834595
17,intersection,one_yield,5,1.0722452402114868,1.0821397304534912,0.03999999910593033,0.05771822854876518,0.04000000283122063,0.0,0.1442955732345581
17,intersection,one_yield,10,3.6736819744110107,0.7532404065132141,0.12000000476837158,0.08193597942590714,0.08000000566244125,0.019999999552965164,0.4096798896789551
17,intersection,one_yield,20,6.202273845672607,0.847866415977478,0.10499999672174454,0.0677294135093689,0.07500000298023224,0.009999999776482582,0.677294135093689
17,intersection,one_proceed,1,0.016906261444091797,0.06762488186359406,0.0,0.007145673036575317,0.0,0.0,0.0035728365182876587
17,intersection,one_proceed,5,0.5579060316085815,0.49052250385284424,0.0,0.029003966599702835,0.019999999552965164,0.019999999552965164,0.07250991463661194
17,intersection,one_proceed,10,2.3051199913024902,0.6870430707931519,0.010000000707805157,0.04809188470244408,0.06000000238418579,0.030000001192092896,0.24045942723751068
17,intersection,one_proceed,20,4.3115949630737305,0.5804339647293091,0.020000001415610313,0.04314315691590309,0.0650000050663948,0.015000000596046448,0.4314315617084503
17,intersection,staggered,1,0.06447002291679382,0.2578805983066559,0.0,0.002250164747238159,0.0,0.0,0.0011250823736190796
17,intersection,staggered,5,3.319758653640747,3.0476040840148926,0.07999999821186066,0.04886854439973831,0.06000000238418579,0.0,0.12217135727405548
17,intersection,staggered,10,8.87229061126709,2.4761874675750732,0.2199999988079071,0.11617233604192734,0.10000000149011612,0.030000001192092896,0.5808616876602173
17,intersection,staggered,20,16.224411010742188,2.4193544387817383,0.2150000035762787,0.15272469818592072,0.15000000596046448,0.015000000596046448,1.5272469520568848
17,intersection,aggressive,1,0.057576000690460205,0.23030394315719604,0.0,0.025126993656158447,0.0,0.0,0.012563496828079224
17,intersection,aggressive,5,2.1958537101745605,1.893367052078247,0.0,0.10641902685165405,0.059999994933605194,0.019999999552965164,0.26604756712913513
17,intersection,aggressive,10,8.446173667907715,2.452670097351074,0.03999999910593033,0.16707758605480194,0.10000000149011612,0.030000001192092896,0.8353879451751709
17,intersection,aggressive,20,14.726079940795898,1.947156310081482,0.04000000283122063,0.1481209099292755,0.1600000113248825,0.015000000596046448,1.4812090396881104
17,intersection,conservative,1,0.03141254186630249,0.12565027177333832,0.0,0.012768536806106567,0.0,0.0,0.006384268403053284
17,intersection,conservative,5,2.8315279483795166,3.3810276985168457,0.10000000149011612,0.15583999454975128,0.06000000238418579,0.0,0.3895999789237976
17,intersection,conservative,10,12.105009078979492,2.607785701751709,0.3699999749660492,0.26897263526916504,0.20000000298023224,0.030000001192092896,1.3448631763458252
17,intersection,conservative,20,22.834989547729492,2.471543073654175,0.4100000262260437,0.2490805834531784,0.18999998271465302,0.03500000387430191,2.4908058643341064
17,merge,maintain,1,0.0,0.0,0.0,0.0,0.0,0.0,0.0
17,merge,maintain,5,0.0,0.0,0.0,0.0,0.0,0.0,0.0
17,merge,maintain,10,0.0,0.0,0.0,0.0,0.0,0.0,0.0
17,merge,maintain,20,0.0,0.0,0.0,0.0,0.0,0.0,0.0
17,merge,one_yield,1,0.0162208154797554,0.06488330662250519,0.0,0.006855964660644531,0.0,0.0,0.0034279823303222656
17,merge,one_yield,5,1.0942175388336182,1.1363568305969238,0.03999999910593033,0.05736718699336052,0.019999999552965164,0.0,0.14341796934604645
17,merge,one_yield,10,5.2635579109191895,2.134359121322632,0.14000001549720764,0.12364400923252106,0.07999999821186066,0.05000000074505806,0.6182200312614441
17,merge,one_yield,20,12.777166366577148,1.1918457746505737,0.23500001430511475,0.1380549818277359,0.13500000536441803,0.05000000074505806,1.3805497884750366
17,merge,one_proceed,1,0.016906220465898514,0.06762488186359406,0.0,0.00714564323425293,0.0,0.0,0.003572821617126465
17,merge,one_proceed,5,0.4645864963531494,0.3593370318412781,0.0,0.02307213470339775,0.019999999552965164,0.0,0.057680338621139526
17,merge,one_proceed,10,1.6095001697540283,0.5299787521362305,0.0,0.03188689053058624,0.03999999910593033,0.05000000074505806,0.1594344526529312
17,merge,one_proceed,20,2.3277840614318848,0.6461413502693176,0.004999999888241291,0.034980155527591705,0.07500000298023224,0.05000000074505806,0.34980157017707825
17,merge,staggered,1,0.04912063479423523,0.1964823603630066,0.0,0.005018413066864014,0.0,0.0,0.002509206533432007
17,merge,staggered,5,2.4104583263397217,2.105637550354004,0.07999999821186066,0.06729453057050705,0.019999999552965164,0.0,0.16823633015155792
17,merge,staggered,10,7.830850124359131,3.6282920837402344,0.25999999046325684,0.1797894537448883,0.07999999821186066,0.05000000074505806,0.8989472985267639
17,merge,staggered,20,18.676576614379883,2.117344379425049,0.3050000071525574,0.2030964195728302,0.11499999463558197,0.05000000074505806,2.0309641361236572
17,merge,aggressive,1,0.03337780758738518,0.13351111114025116,0.0,0.015377044677734375,0.0,0.0,0.0076885223388671875
17,merge,aggressive,5,1.145862340927124,1.0092676877975464,0.0,0.05875681713223457,0.019999999552965164,0.019999999552965164,0.14689204096794128
17,merge,aggressive,10,5.27131462097168,2.2226402759552,0.0,0.11317126452922821,0.019999999552965164,0.019999999552965164,0.5658563375473022
17,merge,aggressive,20,13.215105056762695,2.1281344890594482,0.020000001415610313,0.1508704125881195,0.030000001192092896,0.019999999552965164,1.5087040662765503
17,merge,conservative,1,0.0701490119099617,0.28059613704681396,0.10000000149011612,0.02859550714492798,0.0,0.0,0.01429775357246399
17,merge,conservative,5,3.594608783721924,3.3488659858703613,0.2800000309944153,0.185187429189682,0.019999999552965164,0.0,0.4629685878753662
17,merge,conservative,10,13.186721801757812,4.260375022888184,0.5600000023841858,0.30379754304885864,0.07999999821186066,0.05000000074505806,1.518987774848938
17,merge,conservative,20,27.02298355102539,2.1806282997131348,0.6399999856948853,0.29487526416778564,0.10499999672174454,0.05000000074505806,2.9487526416778564
29,intersection,maintain,1,0.0,0.0,0.0,0.0,0.0,0.0,0.0
29,intersection,maintain,5,0.0,0.0,0.0,0.0,0.0,0.0,0.0
29,intersection,maintain,10,0.0,0.0,0.0,0.0,0.0,0.0,0.0
29,intersection,maintain,20,0.0,0.0,0.0,0.0,0.0,0.0,0.0
29,intersection,one_yield,1,0.01508474349975586,0.06033875048160553,0.0,0.006585508584976196,0.0,0.0,0.003292754292488098
29,intersection,one_yield,5,0.9831274151802063,0.9555198550224304,0.03999999910593033,0.05330302193760872,0.019999999552965164,0.0,0.13325755298137665
29,intersection,one_yield,10,3.409888505935669,0.8555414080619812,0.10000000894069672,0.0770634189248085,0.09000001102685928,0.009999999776482582,0.3853170871734619
29,intersection,one_yield,20,6.845402717590332,1.0525782108306885,0.1550000011920929,0.07708414644002914,0.07500000298023224,0.004999999888241291,0.7708414793014526
29,intersection,one_proceed,1,0.015204548835754395,0.06081868335604668,0.0,0.006637901067733765,0.0,0.0,0.0033189505338668823
29,intersection,one_proceed,5,0.5002990961074829,0.42894458770751953,0.0,0.026279563084244728,0.04000000283122063,0.019999999552965164,0.06569890677928925
29,intersection,one_proceed,10,1.6336610317230225,0.5107338428497314,0.010000000707805157,0.03347425535321236,0.06000000238418579,0.019999999552965164,0.16737127304077148
29,intersection,one_proceed,20,3.6789932250976562,0.5396484732627869,0.019999999552965164,0.02997521683573723,0.07500000298023224,0.009999999776482582,0.2997521758079529
29,intersection,staggered,1,0.04427015781402588,0.1770806908607483,0.0,0.0013054907321929932,0.0,0.0,0.0006527453660964966
29,intersection,staggered,5,2.3838233947753906,2.204747200012207,0.06000000238418579,0.055569857358932495,0.03999999910593033,0.0,0.13892464339733124
29,intersection,staggered,10,6.357675552368164,2.29970383644104,0.15000000596046448,0.13885073363780975,0.07999999821186066,0.019999999552965164,0.69425368309021
29,intersection,staggered,20,16.469539642333984,3.1449501514434814,0.2250000238418579,0.1723605990409851,0.125,0.009999999776482582,1.723605990409851
29,intersection,aggressive,1,0.055134743452072144,0.22053954005241394,0.0,0.02134782075881958,0.0,0.0,0.01067391037940979
29,intersection,aggressive,5,1.7085422277450562,1.3880040645599365,0.0,0.08109840005636215,0.10000000149011612,0.03999999910593033,0.20274600386619568
29,intersection,aggressive,10,5.979369163513184,2.083908796310425,0.020000001415610313,0.10776086151599884,0.15000000596046448,0.03999999910593033,0.538804292678833
29,intersection,aggressive,20,10.959063529968262,2.2267367839813232,0.04000000283122063,0.12077696621417999,0.1550000011920929,0.030000001192092896,1.2077696323394775
29,intersection,conservative,1,0.049612075090408325,0.19844819605350494,0.0,0.019226402044296265,0.0,0.0,0.009613201022148132
29,intersection,conservative,5,3.6843292713165283,3.981537342071533,0.12000000476837158,0.18883535265922546,0.07999999821186066,0.0,0.47208839654922485
29,intersection,conservative,10,14.144828796386719,2.940053701400757,0.3799999952316284,0.29956555366516113,0.1900000125169754,0.019999999552965164,1.4978277683258057
29,intersection,conservative,20,26.509563446044922,3.0101823806762695,0.4599999785423279,0.27048638463020325,0.2199999988079071,0.030000001192092896,2.7048637866973877
29,merge,maintain,1,0.0,0.0,0.0,0.0,0.0,0.0,0.0
29,merge,maintain,5,0.0,0.0,0.0,0.0,0.0,0.0,0.0
29,merge,maintain,10,0.0,0.0,0.0,0.0,0.0,0.0,0.0
29,merge,maintain,20,0.0,0.0,0.0,0.0,0.0,0.0,0.0
29,merge,one_yield,1,0.015084685757756233,0.06033875048160553,0.0,0.006585478782653809,0.0,0.0,0.0032927393913269043
29,merge,one_yield,5,1.0324901342391968,1.0602205991744995,0.03999999910593033,0.05500079318881035,0.019999999552965164,0.0,0.13750198483467102
29,merge,one_yield,10,4.633142948150635,1.850827932357788,0.14000001549720764,0.10954710096120834,0.05000000074505806,0.0,0.5477355122566223
29,merge,one_yield,20,12.522369384765625,1.2408241033554077,0.2500000298023224,0.13617603480815887,0.03500000387430191,0.0,1.3617603778839111
29,merge,one_proceed,1,0.015204615890979767,0.06081868335604668,0.0,0.006637930870056152,0.0,0.0,0.003318965435028076
29,merge,one_proceed,5,0.5048584938049316,0.43074989318847656,0.0,0.025852084159851074,0.019999999552965164,0.019999999552965164,0.06463021039962769
29,merge,one_proceed,10,1.969343900680542,0.6979851126670837,0.0,0.04071694239974022,0.03999999910593033,0.03999999910593033,0.2035847157239914
29,merge,one_proceed,20,3.2165749073028564,0.6312480568885803,0.004999999888241291,0.04111937806010246,0.06000000238418579,0.07000000774860382,0.4111937880516052
29,merge,staggered,1,0.04617445543408394,0.1846977174282074,0.0,0.010325908660888672,0.0,0.0,0.005162954330444336
29,merge,staggered,5,2.18996262550354,1.8840487003326416,0.14000001549720764,0.08072491735219955,0.019999999552965164,0.0,0.20181229710578918
29,merge,staggered,10,7.73309326171875,3.6989221572875977,0.3100000023841858,0.18134434521198273,0.05000000074505806,0.0,0.9067217111587524
29,merge,staggered,20,21.29070281982422,2.6733498573303223,0.3400000035762787,0.2220732718706131,0.0650000050663948,0.009999999776482582,2.2207326889038086
29,merge,aggressive,1,0.025709325447678566,0.10283777117729187,0.0,0.010779023170471191,0.0,0.0,0.005389511585235596
29,merge,aggressive,5,0.8853116035461426,0.8403306007385254,0.0,0.044763218611478806,0.019999999552965164,0.0,0.11190804839134216
29,merge,aggressive,10,4.552260398864746,2.0519766807556152,0.0,0.09487009048461914,0.03999999910593033,0.0,0.4743504524230957
29,merge,aggressive,20,13.412782669067383,2.8667147159576416,0.044999998062849045,0.16677571833133698,0.044999998062849045,0.0,1.6677571535110474
29,merge,conservative,1,0.08795377612113953,0.3518148362636566,0.0,0.032926201820373535,0.0,0.0,0.016463100910186768
29,merge,conservative,5,3.775763750076294,3.321228504180908,0.3400000035762787,0.18708661198616028,0.019999999552965164,0.0,0.4677165448665619
29,merge,conservative,10,13.435531616210938,4.355369567871094,0.6200000047683716,0.30411621928215027,0.05000000074505806,0.0,1.5205811262130737
29,merge,conservative,20,28.2194881439209,2.6406900882720947,0.6799999475479126,0.293991357088089,0.05000000447034836,0.0,2.939913511276245
43,intersection,maintain,1,0.0,0.0,0.0,0.0,0.0,0.0,0.0
43,intersection,maintain,5,0.0,0.0,0.0,0.0,0.0,0.0,0.0
43,intersection,maintain,10,0.0,0.0,0.0,0.0,0.0,0.0,0.0
43,intersection,maintain,20,0.0,0.0,0.0,0.0,0.0,0.0,0.0
43,intersection,one_yield,1,0.009195953607559204,0.03678359091281891,0.0,0.0031916797161102295,0.0,0.0,0.0015958398580551147
43,intersection,one_yield,5,0.8628921508789062,1.0439428091049194,0.019999999552965164,0.039602864533662796,0.04000000283122063,0.019999999552965164,0.09900715947151184
43,intersection,one_yield,10,4.117458820343018,0.9323612451553345,0.09000000357627869,0.08026356995105743,0.07000000774860382,0.019999999552965164,0.40131786465644836
43,intersection,one_yield,20,7.343263149261475,0.8633175492286682,0.10999999940395355,0.06785889714956284,0.07000000774860382,0.015000000596046448,0.6785889863967896
43,intersection,one_proceed,1,0.008944272994995117,0.035777270793914795,0.0,0.00310438871383667,0.0,0.0,0.001552194356918335
43,intersection,one_proceed,5,0.38343074917793274,0.38557782769203186,0.0,0.017012644559144974,0.019999999552965164,0.0,0.042531609535217285
43,intersection,one_proceed,10,1.9916317462921143,0.8336799144744873,0.020000001415610313,0.038683436810970306,0.06000000983476639,0.009999999776482582,0.19341719150543213
43,intersection,one_proceed,20,2.4912030696868896,0.6008853912353516,0.020000001415610313,0.03492797166109085,0.05500000715255737,0.009999999776482582,0.3492797017097473
43,intersection,staggered,1,0.045007169246673584,0.18002866208553314,0.0,0.003902226686477661,0.0,0.0,0.0019511133432388306
43,intersection,staggered,5,2.496877908706665,2.452240467071533,0.06000000238418579,0.07167982310056686,0.04000000283122063,0.019999999552965164,0.17919956147670746
43,intersection,staggered,10,9.431995391845703,3.30808424949646,0.2199999988079071,0.14707385003566742,0.08000000566244125,0.019999999552965164,0.7353692650794983
43,intersection,staggered,20,19.49104118347168,2.559890031814575,0.20000000298023224,0.16915494203567505,0.16499999165534973,0.02500000037252903,1.6915494203567505
43,intersection,aggressive,1,0.04567667841911316,0.1827068030834198,0.0,0.019021600484848022,0.0,0.0,0.009510800242424011
43,intersection,aggressive,5,1.5305166244506836,1.371910810470581,0.0,0.07563187181949615,0.03999999910593033,0.019999999552965164,0.18907968699932098
43,intersection,aggressive,10,6.471522331237793,2.140591859817505,0.04000000283122063,0.13044312596321106,0.07000000774860382,0.019999999552965164,0.6522156596183777
43,intersection,aggressive,20,12.721797943115234,2.117475986480713,0.04500000551342964,0.1321028769016266,0.16500002145767212,0.030000001192092896,1.321028709411621
43,intersection,conservative,1,0.0442071259021759,0.17682838439941406,0.0,0.01836162805557251,0.0,0.0,0.009180814027786255
43,intersection,conservative,5,3.174523115158081,3.3945579528808594,0.1599999964237213,0.16204823553562164,0.06000000238418579,0.019999999552965164,0.4051205813884735
43,intersection,conservative,10,12.47589111328125,3.251241445541382,0.4399999678134918,0.26419034600257874,0.14000001549720764,0.019999999552965164,1.3209517002105713
43,intersection,conservative,20,24.432430267333984,2.674036741256714,0.4599999785423279,0.24604734778404236,0.16499999165534973,0.02500000037252903,2.4604735374450684
43,merge,maintain,1,0.0,0.0,0.0,0.0,0.0,0.0,0.0
43,merge,maintain,5,0.0,0.0,0.0,0.0,0.0,0.0,0.0
43,merge,maintain,10,0.0,0.0,0.0,0.0,0.0,0.0,0.0
43,merge,maintain,20,0.0,0.0,0.0,0.0,0.0,0.0,0.0
43,merge,one_yield,1,0.009195909835398197,0.03678359091281891,0.0,0.003191709518432617,0.0,0.0,0.0015958547592163086
43,merge,one_yield,5,0.7037985920906067,0.8198418617248535,0.019999999552965164,0.03212236240506172,0.03999999910593033,0.0,0.08030590415000916
43,merge,one_yield,10,3.8804473876953125,1.6632760763168335,0.08999999612569809,0.0830460786819458,0.07000000774860382,0.03999999910593033,0.415230393409729
43,merge,one_yield,20,11.608473777770996,1.329816460609436,0.20000000298023224,0.11871204525232315,0.10999999940395355,0.07500000298023224,1.1871204376220703
43,merge,one_proceed,1,0.008944345638155937,0.035777270793914795,0.0,0.00310438871383667,0.0,0.0,0.001552194356918335
43,merge,one_proceed,5,0.28203535079956055,0.24473494291305542,0.0,0.011912370100617409,0.0,0.019999999552965164,0.029780924320220947
43,merge,one_proceed,10,1.1654062271118164,0.43650662899017334,0.0,0.02050909958779812,0.019999999552965164,0.06000000238418579,0.10254549980163574
43,merge,one_proceed,20,0.31906425952911377,0.499835729598999,0.0,0.025257933884859085,0.06000000238418579,0.054999999701976776,0.25257933139801025
43,merge,staggered,1,0.06455983966588974,0.2582394480705261,0.10000000894069672,0.012733161449432373,0.0,0.0,0.0063665807247161865
43,merge,staggered,5,2.134673833847046,1.7785241603851318,0.20000000298023224,0.06567361205816269,0.03999999910593033,0.0,0.16418403387069702
43,merge,staggered,10,7.4251909255981445,3.483490467071533,0.32999998331069946,0.15971949696540833,0.07000000774860382,0.03999999910593033,0.7985974550247192
43,merge,staggered,20,22.857128143310547,3.460052728652954,0.33000001311302185,0.23460955917835236,0.1250000149011612,0.07500000298023224,2.346095561981201
43,merge,aggressive,1,0.02680831216275692,0.10723310708999634,0.0,0.010499656200408936,0.0,0.0,0.005249828100204468
43,merge,aggressive,5,0.7287646532058716,0.6170275807380676,0.0,0.03413916751742363,0.0,0.0,0.08534792065620422
43,merge,aggressive,10,3.347501754760742,1.5239391326904297,0.0,0.06641392409801483,0.0,0.030000001192092896,0.33206963539123535
43,merge,aggressive,20,8.155587196350098,2.2465429306030273,0.009999999776482582,0.11847777664661407,0.04500000178813934,0.05000000447034836,1.1847777366638184
43,merge,conservative,1,0.06375980377197266,0.25503915548324585,0.10000000894069672,0.02719259262084961,0.0,0.0,0.013596296310424805
43,merge,conservative,5,2.696037769317627,2.520185708999634,0.3199999928474426,0.13335731625556946,0.03999999910593033,0.0,0.33339330554008484
43,merge,conservative,10,10.712655067443848,3.862011671066284,0.550000011920929,0.23459592461585999,0.07000000774860382,0.03999999910593033,1.1729795932769775
43,merge,conservative,20,30.263193130493164,3.1543703079223633,0.7099999785423279,0.3126327395439148,0.07500000298023224,0.054999999701976776,3.1263272762298584
