seed,scenario,model,condition,horizon,position_error,speed_error,world_error
17,intersection,independent,correct,1,0.4376811981201172,0.5251827239990234,0.0003395624808035791
17,intersection,independent,correct,2,0.6534325480461121,1.038196325302124,0.0011214632540941238
17,intersection,independent,correct,5,2.8210015296936035,2.11669659614563,0.004085739143192768
17,intersection,independent,correct,10,6.532132625579834,2.3991596698760986,0.007203802466392517
17,intersection,independent,correct,20,12.749387741088867,2.4198496341705322,0.01421809010207653
17,intersection,independent,correct,40,22.57773208618164,1.8727786540985107,0.02230016700923443
17,intersection,independent,shuffled,1,0.4375282824039459,0.5252663493156433,0.0003395973180886358
17,intersection,independent,shuffled,2,0.6532276272773743,1.0382139682769775,0.0011213390389457345
17,intersection,independent,shuffled,5,2.819319248199463,2.1156258583068848,0.004081191960722208
17,intersection,independent,shuffled,10,6.526353359222412,2.3976452350616455,0.00718740513548255
17,intersection,independent,shuffled,20,12.735654830932617,2.4188313484191895,0.014187032356858253
17,intersection,independent,shuffled,40,22.578418731689453,1.8730566501617432,0.02236282080411911
17,intersection,independent,noop,1,0.437396377325058,0.5251944661140442,0.00033951623481698334
17,intersection,independent,noop,2,0.6531171798706055,1.0380109548568726,0.001120964763686061
17,intersection,independent,noop,5,2.819363594055176,2.115285873413086,0.004079524893313646
17,intersection,independent,noop,10,6.525937557220459,2.3974902629852295,0.007186629343777895
17,intersection,independent,noop,20,12.73501205444336,2.4176318645477295,0.014172096736729145
17,intersection,independent,noop,40,22.571508407592773,1.8725037574768066,0.022274447605013847
17,intersection,independent,opposite,1,0.43712419271469116,0.5252046585083008,0.0003394730156287551
17,intersection,independent,opposite,2,0.6528066396713257,1.0378227233886719,0.0011204758193343878
17,intersection,independent,opposite,5,2.8176348209381104,2.113785982131958,0.004073089919984341
17,intersection,independent,opposite,10,6.519273281097412,2.3956573009490967,0.0071681709960103035
17,intersection,independent,opposite,20,12.719054222106934,2.415172815322876,0.014121677726507187
17,intersection,independent,opposite,40,22.56517219543457,1.8721556663513184,0.02224009670317173
17,intersection,no_actions,correct,1,0.4346688687801361,0.5379185676574707,0.0003418066189624369
17,intersection,no_actions,correct,2,0.6259938478469849,1.0123378038406372,0.0010799748124554753
17,intersection,no_actions,correct,5,2.610130786895752,1.8983871936798096,0.0034037777222692966
17,intersection,no_actions,correct,10,5.846645832061768,2.215207099914551,0.006684213876724243
17,intersection,no_actions,correct,20,13.430328369140625,3.2984726428985596,0.017589667811989784
17,intersection,no_actions,correct,40,43.26409149169922,4.80652379989624,0.09200141578912735
17,intersection,no_actions,shuffled,1,0.4346688687801361,0.5379185676574707,0.0003418066189624369
17,intersection,no_actions,shuffled,2,0.6259938478469849,1.0123378038406372,0.0010799748124554753
17,intersection,no_actions,shuffled,5,2.610130786895752,1.8983871936798096,0.0034037777222692966
17,intersection,no_actions,shuffled,10,5.846645832061768,2.215207099914551,0.006684213876724243
17,intersection,no_actions,shuffled,20,13.430328369140625,3.2984726428985596,0.017589667811989784
17,intersection,no_actions,shuffled,40,43.26409149169922,4.80652379989624,0.09200141578912735
17,intersection,no_actions,noop,1,0.4346688687801361,0.5379185676574707,0.0003418066189624369
17,intersection,no_actions,noop,2,0.6259938478469849,1.0123378038406372,0.0010799748124554753
17,intersection,no_actions,noop,5,2.610130786895752,1.8983871936798096,0.0034037777222692966
17,intersection,no_actions,noop,10,5.846645832061768,2.215207099914551,0.006684213876724243
17,intersection,no_actions,noop,20,13.430328369140625,3.2984726428985596,0.017589667811989784
17,intersection,no_actions,noop,40,43.26409149169922,4.80652379989624,0.09200141578912735
17,intersection,no_actions,opposite,1,0.4346688687801361,0.5379185676574707,0.0003418066189624369
17,intersection,no_actions,opposite,2,0.6259938478469849,1.0123378038406372,0.0010799748124554753
17,intersection,no_actions,opposite,5,2.610130786895752,1.8983871936798096,0.0034037777222692966
17,intersection,no_actions,opposite,10,5.846645832061768,2.215207099914551,0.006684213876724243
17,intersection,no_actions,opposite,20,13.430328369140625,3.2984726428985596,0.017589667811989784
17,intersection,no_actions,opposite,40,43.26409149169922,4.80652379989624,0.09200141578912735
17,intersection,privileged,correct,1,0.15354016423225403,0.7061625719070435,0.0006339360843412578
17,intersection,privileged,correct,2,0.6066461801528931,1.2586288452148438,0.0019440778996795416
17,intersection,privileged,correct,5,3.1469902992248535,2.2945802211761475,0.005203035660088062
17,intersection,privileged,correct,10,9.239975929260254,3.2009971141815186,0.011503655463457108
17,intersection,privileged,correct,20,21.562564849853516,3.884856700897217,0.028397509828209877
17,intersection,privileged,correct,40,42.087913513183594,2.6603283882141113,0.06300515681505203
17,intersection,privileged,shuffled,1,0.15211962163448334,0.5224741697311401,0.00036526317126117647
17,intersection,privileged,shuffled,2,0.5197676420211792,1.127508521080017,0.0012610055273398757
17,intersection,privileged,shuffled,5,3.1830601692199707,2.3693060874938965,0.005102390889078379
17,intersection,privileged,shuffled,10,9.026183128356934,3.1254255771636963,0.012434967793524265
17,intersection,privileged,shuffled,20,20.68508529663086,3.6336770057678223,0.03283572942018509
17,intersection,privileged,shuffled,40,56.70463180541992,3.782367706298828,0.13535206019878387
17,intersection,privileged,noop,1,0.15173086524009705,0.5549502372741699,0.0003766563022509217
17,intersection,privileged,noop,2,0.5437525510787964,1.1135741472244263,0.0013024343643337488
17,intersection,privileged,noop,5,2.903259754180908,2.0296714305877686,0.004171750508248806
17,intersection,privileged,noop,10,8.739347457885742,3.2889256477355957,0.014407028444111347
17,intersection,privileged,noop,20,22.319026947021484,5.093023777008057,0.042427174746990204
17,intersection,privileged,noop,40,78.18833923339844,5.910304069519043,0.2272336483001709
17,intersection,privileged,opposite,1,0.14126363396644592,0.6748123168945312,0.0005886002909392118
17,intersection,privileged,opposite,2,0.5828278660774231,1.505804181098938,0.0025321010034531355
17,intersection,privileged,opposite,5,4.346579074859619,3.350815534591675,0.01180508267134428
17,intersection,privileged,opposite,10,10.496408462524414,3.480684757232666,0.015199745073914528
17,intersection,privileged,opposite,20,22.92226219177246,2.7861499786376953,0.026198020204901695
17,intersection,privileged,opposite,40,42.046363830566406,2.7623190879821777,0.06870398670434952
17,intersection,memoryless,correct,1,0.4571607708930969,0.661898136138916,0.0005098102847114205
17,intersection,memoryless,correct,2,0.5668194890022278,1.0269498825073242,0.0014552063075825572
17,intersection,memoryless,correct,5,2.550161838531494,1.5673339366912842,0.003939500078558922
17,intersection,memoryless,correct,10,6.127780914306641,2.232163429260254,0.012039882130920887
17,intersection,memoryless,correct,20,19.174762725830078,4.208329200744629,0.05461658537387848
17,intersection,memoryless,correct,40,60.973045349121094,5.8269243240356445,0.24662460386753082
17,intersection,memoryless,shuffled,1,0.45587825775146484,0.6176870465278625,0.0004647662572097033
17,intersection,memoryless,shuffled,2,0.5830419063568115,0.9818221926689148,0.0013060473138466477
17,intersection,memoryless,shuffled,5,2.6627907752990723,1.8234035968780518,0.0037022242322564125
17,intersection,memoryless,shuffled,10,6.681678771972656,2.5381252765655518,0.010765410028398037
17,intersection,memoryless,shuffled,20,19.735130310058594,3.801301956176758,0.046020228415727615
17,intersection,memoryless,shuffled,40,55.730316162109375,5.585318088531494,0.2363501340150833
17,intersection,memoryless,noop,1,0.4541419446468353,0.624299168586731,0.00045253417920321226
17,intersection,memoryless,noop,2,0.5691356062889099,1.0336277484893799,0.001336661516688764
17,intersection,memoryless,noop,5,2.5924932956695557,1.7565624713897705,0.003654494183138013
17,intersection,memoryless,noop,10,6.287013053894043,2.4603800773620605,0.012267461977899075
17,intersection,memoryless,noop,20,20.167552947998047,4.438735008239746,0.055477697402238846
17,intersection,memoryless,noop,40,65.5296859741211,6.489604949951172,0.2837469279766083
17,intersection,memoryless,opposite,1,0.42766013741493225,0.5954339504241943,0.0004608494637068361
17,intersection,memoryless,opposite,2,0.6516247391700745,1.2113345861434937,0.001637288718484342
17,intersection,memoryless,opposite,5,3.4827675819396973,2.5153942108154297,0.0060792644508183
17,intersection,memoryless,opposite,10,8.650416374206543,2.6354315280914307,0.009410634636878967
17,intersection,memoryless,opposite,20,19.539514541625977,3.2132339477539062,0.03033151477575302
17,intersection,memoryless,opposite,40,37.814781188964844,3.2459218502044678,0.13826020061969757
17,intersection,orchestra,correct,1,0.43210524320602417,0.5943466424942017,0.00039714438025839627
17,intersection,orchestra,correct,2,0.6230744123458862,1.0345457792282104,0.0011529853800311685
17,intersection,orchestra,correct,5,2.2792181968688965,1.9733736515045166,0.005208311602473259
17,intersection,orchestra,correct,10,7.248227119445801,2.698434829711914,0.010336284525692463
17,intersection,orchestra,correct,20,20.30830192565918,2.2555930614471436,0.021976299583911896
17,intersection,orchestra,correct,40,36.319297790527344,2.0497066974639893,0.06946071982383728
17,intersection,orchestra,shuffled,1,0.41918954253196716,0.4614599347114563,0.0002673533745110035
17,intersection,orchestra,shuffled,2,0.5478595495223999,0.8977799415588379,0.0011353361187502742
17,intersection,orchestra,shuffled,5,2.7002580165863037,2.6270716190338135,0.007626766804605722
17,intersection,orchestra,shuffled,10,9.896064758300781,3.205538272857666,0.014155312441289425
17,intersection,orchestra,shuffled,20,24.796369552612305,2.364088773727417,0.0283492524176836
17,intersection,orchestra,shuffled,40,34.7574462890625,1.9725874662399292,0.07110416889190674
17,intersection,orchestra,noop,1,0.4181332588195801,0.522355318069458,0.0003470447554718703
17,intersection,orchestra,noop,2,0.5867663621902466,1.0516631603240967,0.0013195672072470188
17,intersection,orchestra,noop,5,2.854323148727417,2.837620973587036,0.008345434442162514
17,intersection,orchestra,noop,10,10.273290634155273,3.384370803833008,0.014205604791641235
17,intersection,orchestra,noop,20,26.31300926208496,2.5597500801086426,0.028262950479984283
17,intersection,orchestra,noop,40,39.752044677734375,2.267899513244629,0.06554602831602097
17,intersection,orchestra,opposite,1,0.4655919075012207,0.6442655324935913,0.0005543563165701926
17,intersection,orchestra,opposite,2,0.6980222463607788,1.4395205974578857,0.002459531184285879
17,intersection,orchestra,opposite,5,4.0960588455200195,3.851478099822998,0.01495535671710968
17,intersection,orchestra,opposite,10,13.369787216186523,3.5756595134735107,0.01827462576329708
17,intersection,orchestra,opposite,20,29.102832794189453,2.492680788040161,0.03337107598781586
17,intersection,orchestra,opposite,40,39.63542556762695,2.0174262523651123,0.07645916193723679
17,intersection,persistence,correct,1,1.8573678731918335,0.527729868888855,0.000414701527915895
17,intersection,persistence,correct,2,3.480619430541992,1.0369833707809448,0.0013963590608909726
17,intersection,persistence,correct,5,9.387578964233398,2.0653929710388184,0.005824710708111525
17,intersection,persistence,correct,10,20.13870620727539,2.3608932495117188,0.014565007761120796
17,intersection,persistence,correct,20,36.84617614746094,2.5523998737335205,0.03676806390285492
17,intersection,persistence,correct,40,49.586891174316406,2.217890739440918,0.04998345300555229
17,intersection,persistence,shuffled,1,1.8573678731918335,0.527729868888855,0.000414701527915895
17,intersection,persistence,shuffled,2,3.480619430541992,1.0369833707809448,0.0013963590608909726
17,intersection,persistence,shuffled,5,9.387578964233398,2.0653929710388184,0.005824710708111525
17,intersection,persistence,shuffled,10,20.13870620727539,2.3608932495117188,0.014565007761120796
17,intersection,persistence,shuffled,20,36.84617614746094,2.5523998737335205,0.03676806390285492
17,intersection,persistence,shuffled,40,49.586891174316406,2.217890739440918,0.04998345300555229
17,intersection,persistence,noop,1,1.8573678731918335,0.527729868888855,0.000414701527915895
17,intersection,persistence,noop,2,3.480619430541992,1.0369833707809448,0.0013963590608909726
17,intersection,persistence,noop,5,9.387578964233398,2.0653929710388184,0.005824710708111525
17,intersection,persistence,noop,10,20.13870620727539,2.3608932495117188,0.014565007761120796
17,intersection,persistence,noop,20,36.84617614746094,2.5523998737335205,0.03676806390285492
17,intersection,persistence,noop,40,49.586891174316406,2.217890739440918,0.04998345300555229
17,intersection,persistence,opposite,1,1.8573678731918335,0.527729868888855,0.000414701527915895
17,intersection,persistence,opposite,2,3.480619430541992,1.0369833707809448,0.0013963590608909726
17,intersection,persistence,opposite,5,9.387578964233398,2.0653929710388184,0.005824710708111525
17,intersection,persistence,opposite,10,20.13870620727539,2.3608932495117188,0.014565007761120796
17,intersection,persistence,opposite,20,36.84617614746094,2.5523998737335205,0.03676806390285492
17,intersection,persistence,opposite,40,49.586891174316406,2.217890739440918,0.04998345300555229
17,intersection,constant_velocity,correct,1,0.4292202591896057,0.527729868888855,0.00034220327506773174
17,intersection,constant_velocity,correct,2,0.6342905759811401,1.0369833707809448,0.0011211744276806712
17,intersection,constant_velocity,correct,5,2.724069833755493,2.0653929710388184,0.003873210633173585
17,intersection,constant_velocity,correct,10,6.156710147857666,2.3608932495117188,0.0068442742340266705
17,intersection,constant_velocity,correct,20,13.072070121765137,2.5523998737335205,0.0136928241699934
17,intersection,constant_velocity,correct,40,29.61685562133789,2.217890739440918,0.023103652521967888
17,intersection,constant_velocity,shuffled,1,0.4292202591896057,0.527729868888855,0.00034220327506773174
17,intersection,constant_velocity,shuffled,2,0.6342905759811401,1.0369833707809448,0.0011211744276806712
17,intersection,constant_velocity,shuffled,5,2.724069833755493,2.0653929710388184,0.003873210633173585
17,intersection,constant_velocity,shuffled,10,6.156710147857666,2.3608932495117188,0.0068442742340266705
17,intersection,constant_velocity,shuffled,20,13.072070121765137,2.5523998737335205,0.0136928241699934
17,intersection,constant_velocity,shuffled,40,29.61685562133789,2.217890739440918,0.023103652521967888
17,intersection,constant_velocity,noop,1,0.4292202591896057,0.527729868888855,0.00034220327506773174
17,intersection,constant_velocity,noop,2,0.6342905759811401,1.0369833707809448,0.0011211744276806712
17,intersection,constant_velocity,noop,5,2.724069833755493,2.0653929710388184,0.003873210633173585
17,intersection,constant_velocity,noop,10,6.156710147857666,2.3608932495117188,0.0068442742340266705
17,intersection,constant_velocity,noop,20,13.072070121765137,2.5523998737335205,0.0136928241699934
17,intersection,constant_velocity,noop,40,29.61685562133789,2.217890739440918,0.023103652521967888
17,intersection,constant_velocity,opposite,1,0.4292202591896057,0.527729868888855,0.00034220327506773174
17,intersection,constant_velocity,opposite,2,0.6342905759811401,1.0369833707809448,0.0011211744276806712
17,intersection,constant_velocity,opposite,5,2.724069833755493,2.0653929710388184,0.003873210633173585
17,intersection,constant_velocity,opposite,10,6.156710147857666,2.3608932495117188,0.0068442742340266705
17,intersection,constant_velocity,opposite,20,13.072070121765137,2.5523998737335205,0.0136928241699934
17,intersection,constant_velocity,opposite,40,29.61685562133789,2.217890739440918,0.023103652521967888
17,merge,independent,correct,1,0.45354151725769043,0.6702508330345154,0.0004012164718005806
17,merge,independent,correct,2,0.7232060432434082,1.1681792736053467,0.0011512883938848972
17,merge,independent,correct,5,2.9652960300445557,1.9559437036514282,0.006679087411612272
17,merge,independent,correct,10,6.125387191772461,1.7895549535751343,0.014697275124490261
17,merge,independent,correct,20,9.1424560546875,0.9677550196647644,0.020429445430636406
17,merge,independent,correct,40,20.804412841796875,1.650844693183899,0.046957142651081085
17,merge,independent,shuffled,1,0.45333003997802734,0.6703331470489502,0.0004012480203527957
17,merge,independent,shuffled,2,0.7231131792068481,1.1681922674179077,0.0011511438060551882
17,merge,independent,shuffled,5,2.966254949569702,1.9548962116241455,0.006672742310911417
17,merge,independent,shuffled,10,6.123341083526611,1.788103461265564,0.014698025770485401
17,merge,independent,shuffled,20,9.140884399414062,0.9679989218711853,0.020445700734853745
17,merge,independent,shuffled,40,20.803146362304688,1.651088833808899,0.04696836695075035
17,merge,independent,noop,1,0.45349058508872986,0.6702626943588257,0.0004011783457826823
17,merge,independent,noop,2,0.7235568761825562,1.1679900884628296,0.0011508212191984057
17,merge,independent,noop,5,2.9664299488067627,1.9545478820800781,0.006672418210655451
17,merge,independent,noop,10,6.122898101806641,1.7879470586776733,0.014696374535560608
17,merge,independent,noop,20,9.1378173828125,0.9666752219200134,0.020426848903298378
17,merge,independent,noop,40,20.791196823120117,1.6505823135375977,0.04684700071811676
17,merge,independent,opposite,1,0.45344290137290955,0.6702735424041748,0.00040114292642101645
17,merge,independent,opposite,2,0.7239249348640442,1.167799711227417,0.0011503638233989477
17,merge,independent,opposite,5,2.967719078063965,1.9530704021453857,0.0066655403934419155
17,merge,independent,opposite,10,6.120410442352295,1.7861827611923218,0.014696747995913029
17,merge,independent,opposite,20,9.13326644897461,0.9655575156211853,0.02042628824710846
17,merge,independent,opposite,40,20.777324676513672,1.6502752304077148,0.046719618141651154
17,merge,no_actions,correct,1,0.4437333047389984,0.665077269077301,0.00039561782614327967
17,merge,no_actions,correct,2,0.7126845121383667,1.1614162921905518,0.0011403904063627124
17,merge,no_actions,correct,5,2.868198871612549,1.9233953952789307,0.006525232922285795
17,merge,no_actions,correct,10,5.8900346755981445,1.5776537656784058,0.01443577278405428
17,merge,no_actions,correct,20,9.559127807617188,1.6384645700454712,0.02319876290857792
17,merge,no_actions,correct,40,40.551170349121094,4.500603199005127,0.07299495488405228
17,merge,no_actions,shuffled,1,0.4437333047389984,0.665077269077301,0.00039561782614327967
17,merge,no_actions,shuffled,2,0.7126845121383667,1.1614162921905518,0.0011403904063627124
17,merge,no_actions,shuffled,5,2.868198871612549,1.9233953952789307,0.006525232922285795
17,merge,no_actions,shuffled,10,5.8900346755981445,1.5776537656784058,0.01443577278405428
17,merge,no_actions,shuffled,20,9.559127807617188,1.6384645700454712,0.02319876290857792
17,merge,no_actions,shuffled,40,40.551170349121094,4.500603199005127,0.07299495488405228
17,merge,no_actions,noop,1,0.4437333047389984,0.665077269077301,0.00039561782614327967
17,merge,no_actions,noop,2,0.7126845121383667,1.1614162921905518,0.0011403904063627124
17,merge,no_actions,noop,5,2.868198871612549,1.9233953952789307,0.006525232922285795
17,merge,no_actions,noop,10,5.8900346755981445,1.5776537656784058,0.01443577278405428
17,merge,no_actions,noop,20,9.559127807617188,1.6384645700454712,0.02319876290857792
17,merge,no_actions,noop,40,40.551170349121094,4.500603199005127,0.07299495488405228
17,merge,no_actions,opposite,1,0.4437333047389984,0.665077269077301,0.00039561782614327967
17,merge,no_actions,opposite,2,0.7126845121383667,1.1614162921905518,0.0011403904063627124
17,merge,no_actions,opposite,5,2.868198871612549,1.9233953952789307,0.006525232922285795
17,merge,no_actions,opposite,10,5.8900346755981445,1.5776537656784058,0.01443577278405428
17,merge,no_actions,opposite,20,9.559127807617188,1.6384645700454712,0.02319876290857792
17,merge,no_actions,opposite,40,40.551170349121094,4.500603199005127,0.07299495488405228
17,merge,privileged,correct,1,0.15838029980659485,0.7616138458251953,0.0005312914727255702
17,merge,privileged,correct,2,0.599999725818634,1.3056442737579346,0.0016013557324185967
17,merge,privileged,correct,5,2.907125234603882,1.842620611190796,0.006776616908609867
17,merge,privileged,correct,10,8.555822372436523,3.0814313888549805,0.02219914086163044
17,merge,privileged,correct,20,20.66269874572754,2.8225135803222656,0.04738770052790642
17,merge,privileged,correct,40,52.300411224365234,3.179060935974121,0.15291719138622284
17,merge,privileged,shuffled,1,0.1549263894557953,0.5089911818504333,0.000222051574382931
17,merge,privileged,shuffled,2,0.46482762694358826,0.820493221282959,0.0006770345498807728
17,merge,privileged,shuffled,5,2.2992472648620605,1.7492231130599976,0.005974539089947939
17,merge,privileged,shuffled,10,6.905430793762207,3.025770425796509,0.020709356293082237
17,merge,privileged,shuffled,20,18.617612838745117,3.011124849319458,0.0446118526160717
17,merge,privileged,shuffled,40,58.18581008911133,4.405126571655273,0.16647790372371674
17,merge,privileged,noop,1,0.15647177398204803,0.5127228498458862,0.00022488126705866307
17,merge,privileged,noop,2,0.49633994698524475,0.9158962965011597,0.0007689828635193408
17,merge,privileged,noop,5,2.167691946029663,1.489241600036621,0.005402363836765289
17,merge,privileged,noop,10,7.4054718017578125,3.0596022605895996,0.022636553272604942
17,merge,privileged,noop,20,22.533838272094727,4.116510391235352,0.05421273782849312
17,merge,privileged,noop,40,75.08543395996094,6.029710292816162,0.259093701839447
17,merge,privileged,opposite,1,0.15463733673095703,0.4830191135406494,0.00038993460475467145
17,merge,privileged,opposite,2,0.5092727541923523,0.978293776512146,0.0016737633850425482
17,merge,privileged,opposite,5,3.2058117389678955,2.366809129714966,0.01067246962338686
17,merge,privileged,opposite,10,7.720751762390137,3.177938938140869,0.022583603858947754
17,merge,privileged,opposite,20,14.82778263092041,2.739655017852783,0.030831029638648033
17,merge,privileged,opposite,40,44.40625762939453,2.542159080505371,0.0795258954167366
17,merge,memoryless,correct,1,0.6581189632415771,0.8589235544204712,0.0007361479802057147
17,merge,memoryless,correct,2,0.7837499380111694,1.3702449798583984,0.0018435341771692038
17,merge,memoryless,correct,5,3.7989776134490967,1.8786884546279907,0.0070854127407073975
17,merge,memoryless,correct,10,7.726932525634766,1.343649983406067,0.01511977519840002
17,merge,memoryless,correct,20,17.144145965576172,2.208338499069214,0.029190048575401306
17,merge,memoryless,correct,40,44.667396545410156,3.509152412414551,0.07478580623865128
17,merge,memoryless,shuffled,1,0.6766069531440735,0.8439038991928101,0.0007185646099969745
17,merge,memoryless,shuffled,2,0.7482661008834839,1.316615104675293,0.0017439682269468904
17,merge,memoryless,shuffled,5,3.588449478149414,2.0620920658111572,0.007418657653033733
17,merge,memoryless,shuffled,10,7.560155391693115,1.5903570652008057,0.016018323600292206
17,merge,memoryless,shuffled,20,15.877763748168945,1.9324946403503418,0.02798370271921158
17,merge,memoryless,shuffled,40,43.21335220336914,3.7930917739868164,0.07404286414384842
17,merge,memoryless,noop,1,0.6874827146530151,0.850438117980957,0.000711657979991287
17,merge,memoryless,noop,2,0.7408254742622375,1.3648606538772583,0.0017770272679626942
17,merge,memoryless,noop,5,3.6280579566955566,1.9606364965438843,0.007093232590705156
17,merge,memoryless,noop,10,7.454795837402344,1.4992064237594604,0.01613478548824787
17,merge,memoryless,noop,20,17.79930877685547,2.1940524578094482,0.029806116595864296
17,merge,memoryless,noop,40,51.14983367919922,3.7649929523468018,0.09058784693479538
17,merge,memoryless,opposite,1,0.5786017179489136,0.8335655331611633,0.0006362668937072158
17,merge,memoryless,opposite,2,0.7454326748847961,1.4885600805282593,0.0019177919020876288
17,merge,memoryless,opposite,5,4.186683177947998,2.4748356342315674,0.009418278932571411
17,merge,memoryless,opposite,10,8.427705764770508,1.964103102684021,0.017319882288575172
17,merge,memoryless,opposite,20,13.002641677856445,1.3194752931594849,0.02545907534658909
17,merge,memoryless,opposite,40,33.699195861816406,2.6727912425994873,0.05417183041572571
17,merge,orchestra,correct,1,0.47390833497047424,0.6921250820159912,0.0004170706670265645
17,merge,orchestra,correct,2,0.7627421617507935,1.0739679336547852,0.0010112363379448652
17,merge,orchestra,correct,5,2.4537062644958496,1.358569622039795,0.0050402553752064705
17,merge,orchestra,correct,10,4.340295791625977,2.2281429767608643,0.01679561659693718
17,merge,orchestra,correct,20,14.004566192626953,2.152496814727783,0.026535071432590485
17,merge,orchestra,correct,40,38.75776672363281,1.892587661743164,0.060103919357061386
17,merge,orchestra,shuffled,1,0.4435185492038727,0.5043509602546692,0.0002541242865845561
17,merge,orchestra,shuffled,2,0.6092566251754761,0.6945003867149353,0.0006163601647131145
17,merge,orchestra,shuffled,5,2.0980865955352783,1.6187759637832642,0.006267331540584564
17,merge,orchestra,shuffled,10,5.945119857788086,2.801759719848633,0.019775645807385445
17,merge,orchestra,shuffled,20,16.50011444091797,1.9299322366714478,0.027541296556591988
17,merge,orchestra,shuffled,40,40.11773681640625,2.1595120429992676,0.062176413834095
17,merge,orchestra,noop,1,0.4690791666507721,0.5507297515869141,0.00031248212326318026
17,merge,orchestra,noop,2,0.694165825843811,0.9655280113220215,0.0009315825300291181
17,merge,orchestra,noop,5,2.456336736679077,1.956226110458374,0.007406008895486593
17,merge,orchestra,noop,10,6.325859069824219,2.7766542434692383,0.01913316361606121
17,merge,orchestra,noop,20,17.338661193847656,2.152496814727783,0.027859413996338844
17,merge,orchestra,noop,40,42.64973449707031,2.2047512531280518,0.06493856757879257
17,merge,orchestra,opposite,1,0.5174233913421631,0.48123472929000854,0.00035605428274720907
17,merge,orchestra,opposite,2,0.8216457366943359,0.8507795333862305,0.001428858726285398
17,merge,orchestra,opposite,5,3.3578903675079346,2.4574387073516846,0.010697881691157818
17,merge,orchestra,opposite,10,9.920422554016113,3.221888780593872,0.023913294076919556
17,merge,orchestra,opposite,20,21.472593307495117,2.054612159729004,0.030583813786506653
17,merge,orchestra,opposite,40,46.019287109375,2.2034361362457275,0.07208982855081558
17,merge,persistence,correct,1,1.5093575716018677,0.6790639162063599,0.0004557895881589502
17,merge,persistence,correct,2,2.7261648178100586,1.1819037199020386,0.0013492063153535128
17,merge,persistence,correct,5,6.838889122009277,1.9541471004486084,0.0077216592617332935
17,merge,persistence,correct,10,14.569793701171875,1.683178186416626,0.01880885288119316
17,merge,persistence,correct,20,25.23982048034668,1.0369246006011963,0.030255291610956192
17,merge,persistence,correct,40,48.504085540771484,2.081477165222168,0.07211275398731232
17,merge,persistence,shuffled,1,1.5093575716018677,0.6790639162063599,0.0004557895881589502
17,merge,persistence,shuffled,2,2.7261648178100586,1.1819037199020386,0.0013492063153535128
17,merge,persistence,shuffled,5,6.838889122009277,1.9541471004486084,0.0077216592617332935
17,merge,persistence,shuffled,10,14.569793701171875,1.683178186416626,0.01880885288119316
17,merge,persistence,shuffled,20,25.23982048034668,1.0369246006011963,0.030255291610956192
17,merge,persistence,shuffled,40,48.504085540771484,2.081477165222168,0.07211275398731232
17,merge,persistence,noop,1,1.5093575716018677,0.6790639162063599,0.0004557895881589502
17,merge,persistence,noop,2,2.7261648178100586,1.1819037199020386,0.0013492063153535128
17,merge,persistence,noop,5,6.838889122009277,1.9541471004486084,0.0077216592617332935
17,merge,persistence,noop,10,14.569793701171875,1.683178186416626,0.01880885288119316
17,merge,persistence,noop,20,25.23982048034668,1.0369246006011963,0.030255291610956192
17,merge,persistence,noop,40,48.504085540771484,2.081477165222168,0.07211275398731232
17,merge,persistence,opposite,1,1.5093575716018677,0.6790639162063599,0.0004557895881589502
17,merge,persistence,opposite,2,2.7261648178100586,1.1819037199020386,0.0013492063153535128
17,merge,persistence,opposite,5,6.838889122009277,1.9541471004486084,0.0077216592617332935
17,merge,persistence,opposite,10,14.569793701171875,1.683178186416626,0.01880885288119316
17,merge,persistence,opposite,20,25.23982048034668,1.0369246006011963,0.030255291610956192
17,merge,persistence,opposite,40,48.504085540771484,2.081477165222168,0.07211275398731232
17,merge,constant_velocity,correct,1,0.4509473443031311,0.6790639162063599,0.0004095926124136895
17,merge,constant_velocity,correct,2,0.7222650647163391,1.1819037199020386,0.0011760013876482844
17,merge,constant_velocity,correct,5,2.942340135574341,1.9541471004486084,0.00661938451230526
17,merge,constant_velocity,correct,10,6.145960330963135,1.683178186416626,0.014531831257045269
17,merge,constant_velocity,correct,20,9.505029678344727,1.0369246006011963,0.02068193256855011
17,merge,constant_velocity,correct,40,25.19318199157715,2.081477165222168,0.043432969599962234
17,merge,constant_velocity,shuffled,1,0.4509473443031311,0.6790639162063599,0.0004095926124136895
17,merge,constant_velocity,shuffled,2,0.7222650647163391,1.1819037199020386,0.0011760013876482844
17,merge,constant_velocity,shuffled,5,2.942340135574341,1.9541471004486084,0.00661938451230526
17,merge,constant_velocity,shuffled,10,6.145960330963135,1.683178186416626,0.014531831257045269
17,merge,constant_velocity,shuffled,20,9.505029678344727,1.0369246006011963,0.02068193256855011
17,merge,constant_velocity,shuffled,40,25.19318199157715,2.081477165222168,0.043432969599962234
17,merge,constant_velocity,noop,1,0.4509473443031311,0.6790639162063599,0.0004095926124136895
17,merge,constant_velocity,noop,2,0.7222650647163391,1.1819037199020386,0.0011760013876482844
17,merge,constant_velocity,noop,5,2.942340135574341,1.9541471004486084,0.00661938451230526
17,merge,constant_velocity,noop,10,6.145960330963135,1.683178186416626,0.014531831257045269
17,merge,constant_velocity,noop,20,9.505029678344727,1.0369246006011963,0.02068193256855011
17,merge,constant_velocity,noop,40,25.19318199157715,2.081477165222168,0.043432969599962234
17,merge,constant_velocity,opposite,1,0.4509473443031311,0.6790639162063599,0.0004095926124136895
17,merge,constant_velocity,opposite,2,0.7222650647163391,1.1819037199020386,0.0011760013876482844
17,merge,constant_velocity,opposite,5,2.942340135574341,1.9541471004486084,0.00661938451230526
17,merge,constant_velocity,opposite,10,6.145960330963135,1.683178186416626,0.014531831257045269
17,merge,constant_velocity,opposite,20,9.505029678344727,1.0369246006011963,0.02068193256855011
17,merge,constant_velocity,opposite,40,25.19318199157715,2.081477165222168,0.043432969599962234
29,intersection,independent,correct,1,0.39102375507354736,0.4471572935581207,0.00031265191501006484
29,intersection,independent,correct,2,0.6585906147956848,0.994423508644104,0.0009898265125229955
29,intersection,independent,correct,5,2.837822198867798,2.1789698600769043,0.004641455132514238
29,intersection,independent,correct,10,9.299213409423828,3.529430866241455,0.014265613630414009
29,intersection,independent,correct,20,17.391033172607422,2.1858344078063965,0.013344678096473217
29,intersection,independent,correct,40,34.607879638671875,2.2856006622314453,0.04529699310660362
29,intersection,independent,shuffled,1,0.3911105692386627,0.4471856951713562,0.00031267612939700484
29,intersection,independent,shuffled,2,0.6588438153266907,0.9942873120307922,0.0009897026466205716
29,intersection,independent,shuffled,5,2.8376641273498535,2.1788864135742188,0.00464133033528924
29,intersection,independent,shuffled,10,9.297441482543945,3.5285632610321045,0.01425817608833313
29,intersection,independent,shuffled,20,17.3736629486084,2.1863160133361816,0.013341627083718777
29,intersection,independent,shuffled,40,34.54984664916992,2.284325122833252,0.045203398913145065
29,intersection,independent,noop,1,0.390924870967865,0.4471155107021332,0.0003126561641693115
29,intersection,independent,noop,2,0.6584345698356628,0.9943116903305054,0.0009897007839754224
29,intersection,independent,noop,5,2.8371520042419434,2.1789371967315674,0.004641019739210606
29,intersection,independent,noop,10,9.297343254089355,3.528925657272339,0.014259248040616512
29,intersection,independent,noop,20,17.380924224853516,2.1854023933410645,0.013331856578588486
29,intersection,independent,noop,40,34.59504699707031,2.285463333129883,0.045251864939928055
29,intersection,independent,opposite,1,0.3908320665359497,0.44707560539245605,0.00031266093719750643
29,intersection,independent,opposite,2,0.6582809686660767,0.9942001104354858,0.000989580643363297
29,intersection,independent,opposite,5,2.8364510536193848,2.1789042949676514,0.004640632774680853
29,intersection,independent,opposite,10,9.295331954956055,3.5284156799316406,0.014252837747335434
29,intersection,independent,opposite,20,17.3703670501709,2.1848299503326416,0.013316950760781765
29,intersection,independent,opposite,40,34.58492660522461,2.285385847091675,0.04520633816719055
29,intersection,no_actions,correct,1,0.4365481436252594,0.45125627517700195,0.0002998261188622564
29,intersection,no_actions,correct,2,0.7128979563713074,0.9743043184280396,0.000968773034401238
29,intersection,no_actions,correct,5,2.9079513549804688,2.053776979446411,0.0042782071977853775
29,intersection,no_actions,correct,10,8.960989952087402,3.592186450958252,0.015442886389791965
29,intersection,no_actions,correct,20,19.252376556396484,3.0532307624816895,0.022935986518859863
29,intersection,no_actions,correct,40,57.05147933959961,4.930419921875,0.12832993268966675
29,intersection,no_actions,shuffled,1,0.4365481436252594,0.45125627517700195,0.0002998261188622564
29,intersection,no_actions,shuffled,2,0.7128979563713074,0.9743043184280396,0.000968773034401238
29,intersection,no_actions,shuffled,5,2.9079513549804688,2.053776979446411,0.0042782071977853775
29,intersection,no_actions,shuffled,10,8.960989952087402,3.592186450958252,0.015442886389791965
29,intersection,no_actions,shuffled,20,19.252376556396484,3.0532307624816895,0.022935986518859863
29,intersection,no_actions,shuffled,40,57.05147933959961,4.930419921875,0.12832993268966675
29,intersection,no_actions,noop,1,0.4365481436252594,0.45125627517700195,0.0002998261188622564
29,intersection,no_actions,noop,2,0.7128979563713074,0.9743043184280396,0.000968773034401238
29,intersection,no_actions,noop,5,2.9079513549804688,2.053776979446411,0.0042782071977853775
29,intersection,no_actions,noop,10,8.960989952087402,3.592186450958252,0.015442886389791965
29,intersection,no_actions,noop,20,19.252376556396484,3.0532307624816895,0.022935986518859863
29,intersection,no_actions,noop,40,57.05147933959961,4.930419921875,0.12832993268966675
29,intersection,no_actions,opposite,1,0.4365481436252594,0.45125627517700195,0.0002998261188622564
29,intersection,no_actions,opposite,2,0.7128979563713074,0.9743043184280396,0.000968773034401238
29,intersection,no_actions,opposite,5,2.9079513549804688,2.053776979446411,0.0042782071977853775
29,intersection,no_actions,opposite,10,8.960989952087402,3.592186450958252,0.015442886389791965
29,intersection,no_actions,opposite,20,19.252376556396484,3.0532307624816895,0.022935986518859863
29,intersection,no_actions,opposite,40,57.05147933959961,4.930419921875,0.12832993268966675
29,intersection,privileged,correct,1,0.11774736642837524,0.5084182024002075,0.0002749138220679015
29,intersection,privileged,correct,2,0.45842915773391724,1.0159469842910767,0.0010190814500674605
29,intersection,privileged,correct,5,2.482747793197632,1.8635902404785156,0.0034420574083924294
29,intersection,privileged,correct,10,7.46422815322876,3.0568699836730957,0.010450417175889015
29,intersection,privileged,correct,20,22.305030822753906,3.353647232055664,0.025181883946061134
29,intersection,privileged,correct,40,58.89204406738281,4.866052627563477,0.15254473686218262
29,intersection,privileged,shuffled,1,0.11891818046569824,0.4737858772277832,0.00021491532970685512
29,intersection,privileged,shuffled,2,0.4375907778739929,1.0077524185180664,0.0010164587292820215
29,intersection,privileged,shuffled,5,2.3055875301361084,1.696586012840271,0.0029365557711571455
29,intersection,privileged,shuffled,10,7.743912696838379,4.2072577476501465,0.01897095888853073
29,intersection,privileged,shuffled,20,29.007198333740234,4.3448166847229,0.04666348174214363
29,intersection,privileged,shuffled,40,75.70101928710938,5.077064514160156,0.20853054523468018
29,intersection,privileged,noop,1,0.11793794482946396,0.46322327852249146,0.00020519063400570303
29,intersection,privileged,noop,2,0.4369026720523834,0.9384925961494446,0.0008712682756595314
29,intersection,privileged,noop,5,2.4097900390625,1.9251995086669922,0.0036426554434001446
29,intersection,privileged,noop,10,8.103683471679688,4.1006760597229,0.019039321690797806
29,intersection,privileged,noop,20,30.256351470947266,4.7411088943481445,0.05250898748636246
29,intersection,privileged,noop,40,85.01083374023438,5.781090259552002,0.24860836565494537
29,intersection,privileged,opposite,1,0.11655963957309723,0.3821142613887787,0.0001599450479261577
29,intersection,privileged,opposite,2,0.44390955567359924,1.0069129467010498,0.0009606193634681404
29,intersection,privileged,opposite,5,3.133741855621338,2.639284133911133,0.005894923582673073
29,intersection,privileged,opposite,10,10.535888671875,4.351361274719238,0.025930829346179962
29,intersection,privileged,opposite,20,28.397876739501953,3.9991869926452637,0.04422079026699066
29,intersection,privileged,opposite,40,45.99017333984375,5.557082653045654,0.1231788620352745
29,intersection,memoryless,correct,1,3.6414527893066406,0.6717785596847534,0.03151021525263786
29,intersection,memoryless,correct,2,3.6196885108947754,1.062345027923584,0.03106812946498394
29,intersection,memoryless,correct,5,4.4175519943237305,1.7679758071899414,0.029801568016409874
29,intersection,memoryless,correct,10,9.717207908630371,3.5201892852783203,0.03999847173690796
29,intersection,memoryless,correct,20,25.80246353149414,3.626826524734497,0.07268878072500229
29,intersection,memoryless,correct,40,71.61099243164062,5.787703990936279,0.3045361042022705
29,intersection,memoryless,shuffled,1,3.6433510780334473,0.6590099334716797,0.03149077668786049
29,intersection,memoryless,shuffled,2,3.6096396446228027,1.0878933668136597,0.031053567305207253
29,intersection,memoryless,shuffled,5,4.552038192749023,1.7904469966888428,0.030000213533639908
29,intersection,memoryless,shuffled,10,9.852069854736328,3.774583339691162,0.04279899224638939
29,intersection,memoryless,shuffled,20,27.49226951599121,4.096853256225586,0.08401095122098923
29,intersection,memoryless,shuffled,40,76.39608764648438,5.990480899810791,0.33438611030578613
29,intersection,memoryless,noop,1,3.6384499073028564,0.6534364819526672,0.031525831669569016
29,intersection,memoryless,noop,2,3.6085147857666016,1.0916509628295898,0.03115987218916416
29,intersection,memoryless,noop,5,4.475358009338379,1.8594112396240234,0.030099185183644295
29,intersection,memoryless,noop,10,9.907441139221191,3.7753281593322754,0.04270137846469879
29,intersection,memoryless,noop,20,27.63620376586914,4.194053649902344,0.08382807672023773
29,intersection,memoryless,noop,40,77.45491027832031,6.553125381469727,0.3457641303539276
29,intersection,memoryless,opposite,1,3.6221301555633545,0.6384884715080261,0.03156910464167595
29,intersection,memoryless,opposite,2,3.6150314807891846,1.1378170251846313,0.03152529150247574
29,intersection,memoryless,opposite,5,4.672063827514648,2.0725600719451904,0.03170030936598778
29,intersection,memoryless,opposite,10,10.785263061523438,3.911263942718506,0.042763181030750275
29,intersection,memoryless,opposite,20,26.67489242553711,3.4711170196533203,0.06449368596076965
29,intersection,memoryless,opposite,40,61.65058517456055,4.735110282897949,0.24628174304962158
29,intersection,orchestra,correct,1,0.5027405023574829,0.6030964851379395,0.000557746971026063
29,intersection,orchestra,correct,2,0.8339249491691589,1.0416793823242188,0.0016080643981695175
29,intersection,orchestra,correct,5,3.218683958053589,2.8494889736175537,0.009079989977180958
29,intersection,orchestra,correct,10,11.397584915161133,2.9624383449554443,0.0136176235973835
29,intersection,orchestra,correct,20,20.77837371826172,2.558472156524658,0.02330496720969677
29,intersection,orchestra,correct,40,36.98310089111328,2.437954902648926,0.06107714772224426
29,intersection,orchestra,shuffled,1,0.49819931387901306,0.5358385443687439,0.0005497730453498662
29,intersection,orchestra,shuffled,2,0.8052511215209961,1.1204845905303955,0.0016962307272478938
29,intersection,orchestra,shuffled,5,3.33479642868042,3.1610751152038574,0.010656628757715225
29,intersection,orchestra,shuffled,10,12.65461540222168,3.562842607498169,0.018497755751013756
29,intersection,orchestra,shuffled,20,20.148292541503906,2.3878443241119385,0.02450386993587017
29,intersection,orchestra,shuffled,40,35.88829040527344,2.3049261569976807,0.05846542492508888
29,intersection,orchestra,noop,1,0.4975125789642334,0.5964828729629517,0.0005833147442899644
29,intersection,orchestra,noop,2,0.8213773965835571,1.1129354238510132,0.0017644005129113793
29,intersection,orchestra,noop,5,3.5283732414245605,3.165541887283325,0.010516990907490253
29,intersection,orchestra,noop,10,12.563587188720703,3.3639297485351562,0.017150061205029488
29,intersection,orchestra,noop,20,22.28236961364746,2.8288137912750244,0.026861948892474174
29,intersection,orchestra,noop,40,39.568626403808594,2.6317801475524902,0.06115305796265602
29,intersection,orchestra,opposite,1,0.5189290046691895,0.7090985178947449,0.0007647968013770878
29,intersection,orchestra,opposite,2,0.8992413282394409,1.3185975551605225,0.002366130705922842
29,intersection,orchestra,opposite,5,4.116414546966553,3.7508416175842285,0.01409751083701849
29,intersection,orchestra,opposite,10,14.406781196594238,3.622199296951294,0.021952582523226738
29,intersection,orchestra,opposite,20,23.54541015625,2.7847437858581543,0.029907681047916412
29,intersection,orchestra,opposite,40,40.161155700683594,2.514512062072754,0.07074316591024399
29,intersection,persistence,correct,1,5.575293064117432,0.7828521728515625,0.037419337779283524
29,intersection,persistence,correct,2,7.343560218811035,1.3290610313415527,0.03850847855210304
29,intersection,persistence,correct,5,13.096844673156738,2.4571692943573,0.04377378895878792
29,intersection,persistence,correct,10,23.85953140258789,3.2214324474334717,0.05625784769654274
29,intersection,persistence,correct,20,34.41254425048828,2.2791519165039062,0.0661766529083252
29,intersection,persistence,correct,40,44.81120300292969,3.234121084213257,0.09324858337640762
29,intersection,persistence,shuffled,1,5.575293064117432,0.7828521728515625,0.037419337779283524
29,intersection,persistence,shuffled,2,7.343560218811035,1.3290610313415527,0.03850847855210304
29,intersection,persistence,shuffled,5,13.096844673156738,2.4571692943573,0.04377378895878792
29,intersection,persistence,shuffled,10,23.85953140258789,3.2214324474334717,0.05625784769654274
29,intersection,persistence,shuffled,20,34.41254425048828,2.2791519165039062,0.0661766529083252
29,intersection,persistence,shuffled,40,44.81120300292969,3.234121084213257,0.09324858337640762
29,intersection,persistence,noop,1,5.575293064117432,0.7828521728515625,0.037419337779283524
29,intersection,persistence,noop,2,7.343560218811035,1.3290610313415527,0.03850847855210304
29,intersection,persistence,noop,5,13.096844673156738,2.4571692943573,0.04377378895878792
29,intersection,persistence,noop,10,23.85953140258789,3.2214324474334717,0.05625784769654274
29,intersection,persistence,noop,20,34.41254425048828,2.2791519165039062,0.0661766529083252
29,intersection,persistence,noop,40,44.81120300292969,3.234121084213257,0.09324858337640762
29,intersection,persistence,opposite,1,5.575293064117432,0.7828521728515625,0.037419337779283524
29,intersection,persistence,opposite,2,7.343560218811035,1.3290610313415527,0.03850847855210304
29,intersection,persistence,opposite,5,13.096844673156738,2.4571692943573,0.04377378895878792
29,intersection,persistence,opposite,10,23.85953140258789,3.2214324474334717,0.05625784769654274
29,intersection,persistence,opposite,20,34.41254425048828,2.2791519165039062,0.0661766529083252
29,intersection,persistence,opposite,40,44.81120300292969,3.234121084213257,0.09324858337640762
29,intersection,constant_velocity,correct,1,3.7601497173309326,0.7828521728515625,0.0373103953897953
29,intersection,constant_velocity,correct,2,3.6444168090820312,1.3290610313415527,0.03808309882879257
29,intersection,constant_velocity,correct,5,4.290750026702881,2.4571692943573,0.04116407409310341
29,intersection,constant_velocity,correct,10,9.42007827758789,3.2214324474334717,0.04704369977116585
29,intersection,constant_velocity,correct,20,18.309715270996094,2.2791519165039062,0.047487106174230576
29,intersection,constant_velocity,correct,40,44.16896057128906,3.234121084213257,0.10024044662714005
29,intersection,constant_velocity,shuffled,1,3.7601497173309326,0.7828521728515625,0.0373103953897953
29,intersection,constant_velocity,shuffled,2,3.6444168090820312,1.3290610313415527,0.03808309882879257
29,intersection,constant_velocity,shuffled,5,4.290750026702881,2.4571692943573,0.04116407409310341
29,intersection,constant_velocity,shuffled,10,9.42007827758789,3.2214324474334717,0.04704369977116585
29,intersection,constant_velocity,shuffled,20,18.309715270996094,2.2791519165039062,0.047487106174230576
29,intersection,constant_velocity,shuffled,40,44.16896057128906,3.234121084213257,0.10024044662714005
29,intersection,constant_velocity,noop,1,3.7601497173309326,0.7828521728515625,0.0373103953897953
29,intersection,constant_velocity,noop,2,3.6444168090820312,1.3290610313415527,0.03808309882879257
29,intersection,constant_velocity,noop,5,4.290750026702881,2.4571692943573,0.04116407409310341
29,intersection,constant_velocity,noop,10,9.42007827758789,3.2214324474334717,0.04704369977116585
29,intersection,constant_velocity,noop,20,18.309715270996094,2.2791519165039062,0.047487106174230576
29,intersection,constant_velocity,noop,40,44.16896057128906,3.234121084213257,0.10024044662714005
29,intersection,constant_velocity,opposite,1,3.7601497173309326,0.7828521728515625,0.0373103953897953
29,intersection,constant_velocity,opposite,2,3.6444168090820312,1.3290610313415527,0.03808309882879257
29,intersection,constant_velocity,opposite,5,4.290750026702881,2.4571692943573,0.04116407409310341
29,intersection,constant_velocity,opposite,10,9.42007827758789,3.2214324474334717,0.04704369977116585
29,intersection,constant_velocity,opposite,20,18.309715270996094,2.2791519165039062,0.047487106174230576
29,intersection,constant_velocity,opposite,40,44.16896057128906,3.234121084213257,0.10024044662714005
29,merge,independent,correct,1,0.3148486614227295,0.5258902907371521,0.0003299236122984439
29,merge,independent,correct,2,0.6791975498199463,0.9433426856994629,0.007155718747526407
29,merge,independent,correct,5,2.915432929992676,1.6780515909194946,0.010876985266804695
29,merge,independent,correct,10,8.844756126403809,2.8330931663513184,0.0322105772793293
29,merge,independent,correct,20,15.60322380065918,1.3331738710403442,0.04104197770357132
29,merge,independent,correct,40,22.315752029418945,1.773566722869873,0.04445898160338402
29,merge,independent,shuffled,1,0.31460386514663696,0.5259169340133667,0.00032996584195643663
29,merge,independent,shuffled,2,0.6793240308761597,0.9433891177177429,0.007155068218708038
29,merge,independent,shuffled,5,2.9162166118621826,1.678466796875,0.01087625790387392
29,merge,independent,shuffled,10,8.84618091583252,2.832207679748535,0.03220514953136444
29,merge,independent,shuffled,20,15.582027435302734,1.33090341091156,0.041024260222911835
29,merge,independent,shuffled,40,22.2679500579834,1.7754440307617188,0.04448492452502251
29,merge,independent,noop,1,0.31474819779396057,0.5258488059043884,0.0003299223608337343
29,merge,independent,noop,2,0.6794474124908447,0.9432314038276672,0.007155580446124077
29,merge,independent,noop,5,2.9161839485168457,1.6780521869659424,0.010876205749809742
29,merge,independent,noop,10,8.846107482910156,2.832594871520996,0.032205041497945786
29,merge,independent,noop,20,15.59835433959961,1.3324803113937378,0.04103490710258484
29,merge,independent,noop,40,22.303789138793945,1.7737318277359009,0.04443355277180672
29,merge,independent,opposite,1,0.3146539330482483,0.5258094072341919,0.00032992131309583783
29,merge,independent,opposite,2,0.6796988844871521,0.9431205987930298,0.007155445404350758
29,merge,independent,opposite,5,2.916996717453003,1.6780531406402588,0.010875468142330647
29,merge,independent,opposite,10,8.847602844238281,2.832091808319092,0.03220002353191376
29,merge,independent,opposite,20,15.594182014465332,1.331841230392456,0.041028182953596115
29,merge,independent,opposite,40,22.2940673828125,1.7737923860549927,0.04440171644091606
29,merge,no_actions,correct,1,0.3197038173675537,0.5255552530288696,0.00033026825985871255
29,merge,no_actions,correct,2,0.6914483308792114,0.9394389390945435,0.0070970249362289906
29,merge,no_actions,correct,5,2.91304349899292,1.629547119140625,0.010676983743906021
29,merge,no_actions,correct,10,8.679783821105957,2.8013741970062256,0.031709007918834686
29,merge,no_actions,correct,20,17.91236114501953,2.4712748527526855,0.04747500643134117
29,merge,no_actions,correct,40,46.71520233154297,3.884866952896118,0.07726085186004639
29,merge,no_actions,shuffled,1,0.3197038173675537,0.5255552530288696,0.00033026825985871255
29,merge,no_actions,shuffled,2,0.6914483308792114,0.9394389390945435,0.0070970249362289906
29,merge,no_actions,shuffled,5,2.91304349899292,1.629547119140625,0.010676983743906021
29,merge,no_actions,shuffled,10,8.679783821105957,2.8013741970062256,0.031709007918834686
29,merge,no_actions,shuffled,20,17.91236114501953,2.4712748527526855,0.04747500643134117
29,merge,no_actions,shuffled,40,46.71520233154297,3.884866952896118,0.07726085186004639
29,merge,no_actions,noop,1,0.3197038173675537,0.5255552530288696,0.00033026825985871255
29,merge,no_actions,noop,2,0.6914483308792114,0.9394389390945435,0.0070970249362289906
29,merge,no_actions,noop,5,2.91304349899292,1.629547119140625,0.010676983743906021
29,merge,no_actions,noop,10,8.679783821105957,2.8013741970062256,0.031709007918834686
29,merge,no_actions,noop,20,17.91236114501953,2.4712748527526855,0.04747500643134117
29,merge,no_actions,noop,40,46.71520233154297,3.884866952896118,0.07726085186004639
29,merge,no_actions,opposite,1,0.3197038173675537,0.5255552530288696,0.00033026825985871255
29,merge,no_actions,opposite,2,0.6914483308792114,0.9394389390945435,0.0070970249362289906
29,merge,no_actions,opposite,5,2.91304349899292,1.629547119140625,0.010676983743906021
29,merge,no_actions,opposite,10,8.679783821105957,2.8013741970062256,0.031709007918834686
29,merge,no_actions,opposite,20,17.91236114501953,2.4712748527526855,0.04747500643134117
29,merge,no_actions,opposite,40,46.71520233154297,3.884866952896118,0.07726085186004639
29,merge,privileged,correct,1,0.11961736530065536,0.5408275127410889,0.00035757498699240386
29,merge,privileged,correct,2,0.5306029319763184,0.9161276817321777,0.007324902806431055
29,merge,privileged,correct,5,2.690216302871704,1.2551370859146118,0.010182755067944527
29,merge,privileged,correct,10,7.286279201507568,2.1678831577301025,0.027548741549253464
29,merge,privileged,correct,20,21.20551872253418,2.693330764770508,0.046523090451955795
29,merge,privileged,correct,40,54.24406433105469,5.262807369232178,0.12463507801294327
29,merge,privileged,shuffled,1,0.11867578327655792,0.46875762939453125,0.00024775287602096796
29,merge,privileged,shuffled,2,0.47561970353126526,0.8871726989746094,0.007192564662545919
29,merge,privileged,shuffled,5,2.463313579559326,1.0168497562408447,0.00974156055599451
29,merge,privileged,shuffled,10,7.407404899597168,3.2368054389953613,0.034054119139909744
29,merge,privileged,shuffled,20,26.828964233398438,4.119729995727539,0.06769856065511703
29,merge,privileged,shuffled,40,64.66793060302734,5.399885177612305,0.16500520706176758
29,merge,privileged,noop,1,0.11984968185424805,0.43211379647254944,0.000238877342781052
29,merge,privileged,noop,2,0.4787575304508209,0.7646228075027466,0.0070560891181230545
29,merge,privileged,noop,5,2.4484333992004395,1.1764055490493774,0.010087843984365463
29,merge,privileged,noop,10,7.664440155029297,3.0758626461029053,0.03430518880486488
29,merge,privileged,noop,20,28.246952056884766,4.503056526184082,0.0749673917889595
29,merge,privileged,noop,40,76.3681411743164,6.071103096008301,0.22532431781291962
29,merge,privileged,opposite,1,0.11842377483844757,0.3615521192550659,0.00015848546172492206
29,merge,privileged,opposite,2,0.49223071336746216,0.7665667533874512,0.006889988202601671
29,merge,privileged,opposite,5,2.740713357925415,1.9186203479766846,0.011203492060303688
29,merge,privileged,opposite,10,10.251137733459473,3.6824347972869873,0.04183937981724739
29,merge,privileged,opposite,20,22.759122848510742,3.0484397411346436,0.05759178847074509
29,merge,privileged,opposite,40,38.65062713623047,4.101048469543457,0.08547542244195938
29,merge,memoryless,correct,1,3.3529670238494873,0.8407716751098633,0.027336236089468002
29,merge,memoryless,correct,2,2.9995553493499756,1.1199201345443726,0.030867479741573334
29,merge,memoryless,correct,5,5.064091682434082,1.5866920948028564,0.02963160164654255
29,merge,memoryless,correct,10,10.001522064208984,2.6250343322753906,0.04485036060214043
29,merge,memoryless,correct,20,25.307815551757812,2.661526679992676,0.06941603124141693
29,merge,memoryless,correct,40,58.918182373046875,3.287280321121216,0.11456479877233505
29,merge,memoryless,shuffled,1,3.3524227142333984,0.8265001177787781,0.027342306450009346
29,merge,memoryless,shuffled,2,3.0358996391296387,1.1182682514190674,0.030926518142223358
29,merge,memoryless,shuffled,5,5.166627407073975,1.6073017120361328,0.02977762557566166
29,merge,memoryless,shuffled,10,10.065518379211426,2.8751697540283203,0.04676073044538498
29,merge,memoryless,shuffled,20,27.035512924194336,3.1321630477905273,0.07520376145839691
29,merge,memoryless,shuffled,40,63.07926940917969,3.4857192039489746,0.124896340072155
29,merge,memoryless,noop,1,3.3533949851989746,0.8334512710571289,0.02733345702290535
29,merge,memoryless,noop,2,2.965376853942871,1.1345182657241821,0.03084775060415268
29,merge,memoryless,noop,5,5.01288366317749,1.6570234298706055,0.02966926619410515
29,merge,memoryless,noop,10,10.194292068481445,2.893744945526123,0.04672481119632721
29,merge,memoryless,noop,20,27.658565521240234,3.3080005645751953,0.07704330235719681
29,merge,memoryless,noop,40,64.20304870605469,3.6654882431030273,0.13168954849243164
29,merge,memoryless,opposite,1,3.324371337890625,0.81580650806427,0.027336426079273224
29,merge,memoryless,opposite,2,2.903667688369751,1.1849398612976074,0.03087296523153782
29,merge,memoryless,opposite,5,4.8616862297058105,1.8064159154891968,0.030195152387022972
29,merge,memoryless,opposite,10,9.977346420288086,3.0120227336883545,0.04818953946232796
29,merge,memoryless,opposite,20,24.533905029296875,2.141066551208496,0.0681740865111351
29,merge,memoryless,opposite,40,44.43388366699219,3.0385494232177734,0.08954884856939316
29,merge,orchestra,correct,1,0.38818487524986267,0.6046152710914612,0.0003893570974469185
29,merge,orchestra,correct,2,0.8012375831604004,0.9480039477348328,0.007039057090878487
29,merge,orchestra,correct,5,2.7932968139648438,1.8618505001068115,0.010824322700500488
29,merge,orchestra,correct,10,8.826455116271973,2.992990732192993,0.03160196170210838
29,merge,orchestra,correct,20,17.69688606262207,1.7272701263427734,0.03885919973254204
29,merge,orchestra,correct,40,36.15226364135742,2.3029956817626953,0.04967029392719269
29,merge,orchestra,shuffled,1,0.369875967502594,0.49224114418029785,0.00033083526068367064
29,merge,orchestra,shuffled,2,0.7417190074920654,0.8831477165222168,0.006947221700102091
29,merge,orchestra,shuffled,5,2.9402475357055664,2.107182502746582,0.011735605075955391
29,merge,orchestra,shuffled,10,10.260153770446777,3.9272124767303467,0.03671219199895859
29,merge,orchestra,shuffled,20,20.935606002807617,1.1233484745025635,0.03994269669055939
29,merge,orchestra,shuffled,40,34.93749237060547,2.5292797088623047,0.05175424739718437
29,merge,orchestra,noop,1,0.3830741345882416,0.5564538836479187,0.0003696158528327942
29,merge,orchestra,noop,2,0.7510344982147217,1.0210206508636475,0.007088929880410433
29,merge,orchestra,noop,5,3.0648648738861084,2.122119665145874,0.012025284580886364
29,merge,orchestra,noop,10,9.864681243896484,3.407097578048706,0.03492446616292
29,merge,orchestra,noop,20,17.69202995300293,1.8004834651947021,0.03932153433561325
29,merge,orchestra,noop,40,39.49834442138672,2.689347267150879,0.05934567376971245
29,merge,orchestra,opposite,1,0.42115816473960876,0.6171835064888,0.00041233559022657573
29,merge,orchestra,opposite,2,0.7831722497940063,1.0860724449157715,0.0073525975458323956
29,merge,orchestra,opposite,5,3.4294052124023438,2.507678270339966,0.014491960406303406
29,merge,orchestra,opposite,10,12.07219123840332,3.875967025756836,0.04122341051697731
29,merge,orchestra,opposite,20,19.43840789794922,1.9136003255844116,0.04123823717236519
29,merge,orchestra,opposite,40,43.50524139404297,2.671875476837158,0.06341978162527084
29,merge,persistence,correct,1,5.4696574211120605,0.896411120891571,0.03762272745370865
29,merge,persistence,correct,2,6.740427494049072,1.3057775497436523,0.04467646777629852
29,merge,persistence,correct,5,10.846006393432617,2.003345012664795,0.04939945042133331
29,merge,persistence,correct,10,19.24405288696289,2.757364511489868,0.06555537134408951
29,merge,persistence,correct,20,24.77812957763672,1.476305365562439,0.07536011189222336
29,merge,persistence,correct,40,40.661590576171875,2.401639699935913,0.10378667712211609
29,merge,persistence,shuffled,1,5.4696574211120605,0.896411120891571,0.03762272745370865
29,merge,persistence,shuffled,2,6.740427494049072,1.3057775497436523,0.04467646777629852
29,merge,persistence,shuffled,5,10.846006393432617,2.003345012664795,0.04939945042133331
29,merge,persistence,shuffled,10,19.24405288696289,2.757364511489868,0.06555537134408951
29,merge,persistence,shuffled,20,24.77812957763672,1.476305365562439,0.07536011189222336
29,merge,persistence,shuffled,40,40.661590576171875,2.401639699935913,0.10378667712211609
29,merge,persistence,noop,1,5.4696574211120605,0.896411120891571,0.03762272745370865
29,merge,persistence,noop,2,6.740427494049072,1.3057775497436523,0.04467646777629852
29,merge,persistence,noop,5,10.846006393432617,2.003345012664795,0.04939945042133331
29,merge,persistence,noop,10,19.24405288696289,2.757364511489868,0.06555537134408951
29,merge,persistence,noop,20,24.77812957763672,1.476305365562439,0.07536011189222336
29,merge,persistence,noop,40,40.661590576171875,2.401639699935913,0.10378667712211609
29,merge,persistence,opposite,1,5.4696574211120605,0.896411120891571,0.03762272745370865
29,merge,persistence,opposite,2,6.740427494049072,1.3057775497436523,0.04467646777629852
29,merge,persistence,opposite,5,10.846006393432617,2.003345012664795,0.04939945042133331
29,merge,persistence,opposite,10,19.24405288696289,2.757364511489868,0.06555537134408951
29,merge,persistence,opposite,20,24.77812957763672,1.476305365562439,0.07536011189222336
29,merge,persistence,opposite,40,40.661590576171875,2.401639699935913,0.10378667712211609
29,merge,constant_velocity,correct,1,4.198819160461426,0.896411120891571,0.0375526063144207
29,merge,constant_velocity,correct,2,4.325936317443848,1.3057775497436523,0.044399846345186234
29,merge,constant_velocity,correct,5,5.6383490562438965,2.003345012664795,0.047802962362766266
29,merge,constant_velocity,correct,10,10.375914573669434,2.757364511489868,0.05966409295797348
29,merge,constant_velocity,correct,20,17.13977813720703,1.476305365562439,0.07290876656770706
29,merge,constant_velocity,correct,40,26.54355812072754,2.401639699935913,0.08749985694885254
29,merge,constant_velocity,shuffled,1,4.198819160461426,0.896411120891571,0.0375526063144207
29,merge,constant_velocity,shuffled,2,4.325936317443848,1.3057775497436523,0.044399846345186234
29,merge,constant_velocity,shuffled,5,5.6383490562438965,2.003345012664795,0.047802962362766266
29,merge,constant_velocity,shuffled,10,10.375914573669434,2.757364511489868,0.05966409295797348
29,merge,constant_velocity,shuffled,20,17.13977813720703,1.476305365562439,0.07290876656770706
29,merge,constant_velocity,shuffled,40,26.54355812072754,2.401639699935913,0.08749985694885254
29,merge,constant_velocity,noop,1,4.198819160461426,0.896411120891571,0.0375526063144207
29,merge,constant_velocity,noop,2,4.325936317443848,1.3057775497436523,0.044399846345186234
29,merge,constant_velocity,noop,5,5.6383490562438965,2.003345012664795,0.047802962362766266
29,merge,constant_velocity,noop,10,10.375914573669434,2.757364511489868,0.05966409295797348
29,merge,constant_velocity,noop,20,17.13977813720703,1.476305365562439,0.07290876656770706
29,merge,constant_velocity,noop,40,26.54355812072754,2.401639699935913,0.08749985694885254
29,merge,constant_velocity,opposite,1,4.198819160461426,0.896411120891571,0.0375526063144207
29,merge,constant_velocity,opposite,2,4.325936317443848,1.3057775497436523,0.044399846345186234
29,merge,constant_velocity,opposite,5,5.6383490562438965,2.003345012664795,0.047802962362766266
29,merge,constant_velocity,opposite,10,10.375914573669434,2.757364511489868,0.05966409295797348
29,merge,constant_velocity,opposite,20,17.13977813720703,1.476305365562439,0.07290876656770706
29,merge,constant_velocity,opposite,40,26.54355812072754,2.401639699935913,0.08749985694885254
43,intersection,independent,correct,1,0.6002644300460815,0.6692510843276978,0.0004500146606005728
43,intersection,independent,correct,2,0.9629557728767395,1.1154193878173828,0.0012294613989070058
43,intersection,independent,correct,5,3.0036633014678955,1.7754348516464233,0.0033202660270035267
43,intersection,independent,correct,10,6.259291648864746,2.89813232421875,0.009044190868735313
43,intersection,independent,correct,20,15.100151062011719,2.525120258331299,0.012106426991522312
43,intersection,independent,correct,40,33.74991989135742,3.044605255126953,0.04085799679160118
43,intersection,independent,shuffled,1,0.6003102660179138,0.6692261099815369,0.0004500224022194743
43,intersection,independent,shuffled,2,0.9631063342094421,1.1154643297195435,0.0012294985353946686
43,intersection,independent,shuffled,5,3.0046579837799072,1.775316596031189,0.0033188490197062492
43,intersection,independent,shuffled,10,6.2600226402282715,2.8988900184631348,0.00904303789138794
43,intersection,independent,shuffled,20,15.105565071105957,2.524503707885742,0.012106457725167274
43,intersection,independent,shuffled,40,33.73326110839844,3.0439367294311523,0.040882524102926254
43,intersection,independent,noop,1,0.6003409028053284,0.6692583560943604,0.00045005863648839295
43,intersection,independent,noop,2,0.963161826133728,1.1154382228851318,0.0012295416090637445
43,intersection,independent,noop,5,3.0045080184936523,1.7754799127578735,0.0033189342357218266
43,intersection,independent,noop,10,6.259674072265625,2.899057388305664,0.009045080281794071
43,intersection,independent,noop,20,15.104464530944824,2.525455951690674,0.012113695032894611
43,intersection,independent,noop,40,33.749664306640625,3.0445892810821533,0.040936097502708435
43,intersection,independent,opposite,1,0.6004133224487305,0.6692653894424438,0.0004501021176110953
43,intersection,independent,opposite,2,0.9633702039718628,1.1154565811157227,0.0012296305503696203
43,intersection,independent,opposite,5,3.00534725189209,1.7755215167999268,0.003317534225061536
43,intersection,independent,opposite,10,6.260067939758301,2.900059938430786,0.009046115912497044
43,intersection,independent,opposite,20,15.109926223754883,2.5258381366729736,0.01211982499808073
43,intersection,independent,opposite,40,33.74814987182617,3.0445239543914795,0.04100334644317627
43,intersection,no_actions,correct,1,0.6036510467529297,0.6825432181358337,0.00047086802078410983
43,intersection,no_actions,correct,2,0.9523137807846069,1.1431915760040283,0.001288896077312529
43,intersection,no_actions,correct,5,3.029433250427246,1.8033998012542725,0.0034072711132466793
43,intersection,no_actions,correct,10,6.838669776916504,3.4296059608459473,0.012324979528784752
43,intersection,no_actions,correct,20,20.523326873779297,3.815274715423584,0.025560306385159492
43,intersection,no_actions,correct,40,55.74376678466797,5.376755714416504,0.12918142974376678
43,intersection,no_actions,shuffled,1,0.6036510467529297,0.6825432181358337,0.00047086802078410983
43,intersection,no_actions,shuffled,2,0.9523137807846069,1.1431915760040283,0.001288896077312529
43,intersection,no_actions,shuffled,5,3.029433250427246,1.8033998012542725,0.0034072711132466793
43,intersection,no_actions,shuffled,10,6.838669776916504,3.4296059608459473,0.012324979528784752
43,intersection,no_actions,shuffled,20,20.523326873779297,3.815274715423584,0.025560306385159492
43,intersection,no_actions,shuffled,40,55.74376678466797,5.376755714416504,0.12918142974376678
43,intersection,no_actions,noop,1,0.6036510467529297,0.6825432181358337,0.00047086802078410983
43,intersection,no_actions,noop,2,0.9523137807846069,1.1431915760040283,0.001288896077312529
43,intersection,no_actions,noop,5,3.029433250427246,1.8033998012542725,0.0034072711132466793
43,intersection,no_actions,noop,10,6.838669776916504,3.4296059608459473,0.012324979528784752
43,intersection,no_actions,noop,20,20.523326873779297,3.815274715423584,0.025560306385159492
43,intersection,no_actions,noop,40,55.74376678466797,5.376755714416504,0.12918142974376678
43,intersection,no_actions,opposite,1,0.6036510467529297,0.6825432181358337,0.00047086802078410983
43,intersection,no_actions,opposite,2,0.9523137807846069,1.1431915760040283,0.001288896077312529
43,intersection,no_actions,opposite,5,3.029433250427246,1.8033998012542725,0.0034072711132466793
43,intersection,no_actions,opposite,10,6.838669776916504,3.4296059608459473,0.012324979528784752
43,intersection,no_actions,opposite,20,20.523326873779297,3.815274715423584,0.025560306385159492
43,intersection,no_actions,opposite,40,55.74376678466797,5.376755714416504,0.12918142974376678
43,intersection,privileged,correct,1,0.1593361794948578,0.8404679298400879,0.0007841283804737031
43,intersection,privileged,correct,2,0.6664012670516968,1.606009840965271,0.0025801374576985836
43,intersection,privileged,correct,5,4.085988521575928,2.759150266647339,0.0073672509752213955
43,intersection,privileged,correct,10,9.761037826538086,2.316615104675293,0.007762791123241186
43,intersection,privileged,correct,20,16.425613403320312,2.0559654235839844,0.012625395320355892
43,intersection,privileged,correct,40,32.03783416748047,1.9246076345443726,0.03309889882802963
43,intersection,privileged,shuffled,1,0.1581486314535141,0.9388749003410339,0.0009271859307773411
43,intersection,privileged,shuffled,2,0.7169743180274963,1.5473730564117432,0.0022408626973628998
43,intersection,privileged,shuffled,5,3.6562633514404297,2.6043570041656494,0.006998663302510977
43,intersection,privileged,shuffled,10,10.26954174041748,2.602112054824829,0.008680651895701885
43,intersection,privileged,shuffled,20,18.028043746948242,3.0434958934783936,0.018709203228354454
43,intersection,privileged,shuffled,40,46.26213836669922,3.0859057903289795,0.06789115816354752
43,intersection,privileged,noop,1,0.15995214879512787,0.8276873826980591,0.0007186310831457376
43,intersection,privileged,noop,2,0.6624917984008789,1.5890003442764282,0.002391393994912505
43,intersection,privileged,noop,5,4.0493855476379395,3.0920214653015137,0.008461971767246723
43,intersection,privileged,noop,10,12.620916366577148,4.396594047546387,0.020209861919283867
43,intersection,privileged,noop,20,35.79419708251953,5.815749168395996,0.05893242359161377
43,intersection,privileged,noop,40,105.30538940429688,6.724205493927002,0.27140820026397705
43,intersection,privileged,opposite,1,0.16160184144973755,0.7982575297355652,0.0007120231748558581
43,intersection,privileged,opposite,2,0.6645529270172119,1.5120816230773926,0.0026489237789064646
43,intersection,privileged,opposite,5,4.06621789932251,3.359959363937378,0.011376073583960533
43,intersection,privileged,opposite,10,12.516515731811523,3.7808616161346436,0.016899103298783302
43,intersection,privileged,opposite,20,29.405166625976562,5.039198875427246,0.04731542617082596
43,intersection,privileged,opposite,40,71.3266830444336,3.105194330215454,0.147622212767601
43,intersection,memoryless,correct,1,6.907726287841797,1.344165563583374,0.07364656776189804
43,intersection,memoryless,correct,2,6.6104631423950195,1.8503097295761108,0.07462450861930847
43,intersection,memoryless,correct,5,6.644254207611084,2.5447938442230225,0.07877497375011444
43,intersection,memoryless,correct,10,10.265779495239258,3.2405624389648438,0.0874650776386261
43,intersection,memoryless,correct,20,22.494800567626953,3.286717653274536,0.11919701099395752
43,intersection,memoryless,correct,40,55.96363830566406,5.146655559539795,0.2731744945049286
43,intersection,memoryless,shuffled,1,6.90139627456665,1.3702970743179321,0.07362988591194153
43,intersection,memoryless,shuffled,2,6.6566877365112305,1.8457753658294678,0.07449816167354584
43,intersection,memoryless,shuffled,5,6.460665225982666,2.587892770767212,0.0781106948852539
43,intersection,memoryless,shuffled,10,9.915650367736816,3.0736136436462402,0.08579789102077484
43,intersection,memoryless,shuffled,20,21.943382263183594,3.4851112365722656,0.12207243591547012
43,intersection,memoryless,shuffled,40,54.604496002197266,5.23405122756958,0.27264484763145447
43,intersection,memoryless,noop,1,6.9023919105529785,1.3358509540557861,0.07360454648733139
43,intersection,memoryless,noop,2,6.604530334472656,1.839055061340332,0.07451150566339493
43,intersection,memoryless,noop,5,6.56081485748291,2.617938280105591,0.0786798819899559
43,intersection,memoryless,noop,10,10.68919563293457,3.7594947814941406,0.09409181028604507
43,intersection,memoryless,noop,20,27.227310180664062,4.52601957321167,0.1551247388124466
43,intersection,memoryless,noop,40,70.54627990722656,6.347013473510742,0.3751924932003021
43,intersection,memoryless,opposite,1,6.887916564941406,1.3154258728027344,0.07352890819311142
43,intersection,memoryless,opposite,2,6.601706027984619,1.7975355386734009,0.07442265003919601
43,intersection,memoryless,opposite,5,6.432745933532715,2.7173147201538086,0.07844289392232895
43,intersection,memoryless,opposite,10,9.987059593200684,3.10622501373291,0.08764933794736862
43,intersection,memoryless,opposite,20,21.941312789916992,3.777493715286255,0.13233524560928345
43,intersection,memoryless,opposite,40,57.42134475708008,5.104151725769043,0.29969191551208496
43,intersection,orchestra,correct,1,0.6097586750984192,0.8468633890151978,0.0007996390340849757
43,intersection,orchestra,correct,2,1.0218323469161987,1.3640472888946533,0.0020060152746737003
43,intersection,orchestra,correct,5,3.352926731109619,1.9838874340057373,0.006037137936800718
43,intersection,orchestra,correct,10,6.460304260253906,1.2242841720581055,0.004026993177831173
43,intersection,orchestra,correct,20,13.84333324432373,1.8115135431289673,0.015486347489058971
43,intersection,orchestra,correct,40,34.0739631652832,2.6882474422454834,0.0838596299290657
43,intersection,orchestra,shuffled,1,0.6288027167320251,0.9174169301986694,0.000895993085578084
43,intersection,orchestra,shuffled,2,1.0364530086517334,1.3417400121688843,0.0020690460223704576
43,intersection,orchestra,shuffled,5,3.3445091247558594,2.1062796115875244,0.007482417393475771
43,intersection,orchestra,shuffled,10,6.934242248535156,1.4124844074249268,0.0047168368473649025
43,intersection,orchestra,shuffled,20,15.19322395324707,1.8980960845947266,0.014921173453330994
43,intersection,orchestra,shuffled,40,35.098724365234375,2.9255988597869873,0.08457271009683609
43,intersection,orchestra,noop,1,0.6143081188201904,0.8432556390762329,0.0007519461796618998
43,intersection,orchestra,noop,2,1.0245481729507446,1.367442011833191,0.001927937031723559
43,intersection,orchestra,noop,5,3.360927104949951,2.018883228302002,0.006486691068857908
43,intersection,orchestra,noop,10,6.157443046569824,1.31099534034729,0.0035718223080039024
43,intersection,orchestra,noop,20,14.006193161010742,1.8980960845947266,0.011182267218828201
43,intersection,orchestra,noop,40,34.236820220947266,2.9977757930755615,0.06367767602205276
43,intersection,orchestra,opposite,1,0.6378117203712463,0.9159427881240845,0.0009309242595918477
43,intersection,orchestra,opposite,2,1.0696948766708374,1.487877607345581,0.0026080692186951637
43,intersection,orchestra,opposite,5,3.7520592212677,2.50954532623291,0.009773260913789272
43,intersection,orchestra,opposite,10,7.371001243591309,1.408494234085083,0.005243844818323851
43,intersection,orchestra,opposite,20,14.278979301452637,1.7803773880004883,0.014554871246218681
43,intersection,orchestra,opposite,40,31.659873962402344,2.9791274070739746,0.0776662826538086
43,intersection,persistence,correct,1,8.06308650970459,1.6321042776107788,0.07547983527183533
43,intersection,persistence,correct,2,8.890417098999023,2.0786423683166504,0.07654189318418503
43,intersection,persistence,correct,5,10.843945503234863,2.752925157546997,0.07953380793333054
43,intersection,persistence,correct,10,13.516940116882324,2.144162654876709,0.07702043652534485
43,intersection,persistence,correct,20,21.733196258544922,2.273268222808838,0.08332213759422302
43,intersection,persistence,correct,40,36.13154602050781,2.792208433151245,0.11390276998281479
43,intersection,persistence,shuffled,1,8.06308650970459,1.6321042776107788,0.07547983527183533
43,intersection,persistence,shuffled,2,8.890417098999023,2.0786423683166504,0.07654189318418503
43,intersection,persistence,shuffled,5,10.843945503234863,2.752925157546997,0.07953380793333054
43,intersection,persistence,shuffled,10,13.516940116882324,2.144162654876709,0.07702043652534485
43,intersection,persistence,shuffled,20,21.733196258544922,2.273268222808838,0.08332213759422302
43,intersection,persistence,shuffled,40,36.13154602050781,2.792208433151245,0.11390276998281479
43,intersection,persistence,noop,1,8.06308650970459,1.6321042776107788,0.07547983527183533
43,intersection,persistence,noop,2,8.890417098999023,2.0786423683166504,0.07654189318418503
43,intersection,persistence,noop,5,10.843945503234863,2.752925157546997,0.07953380793333054
43,intersection,persistence,noop,10,13.516940116882324,2.144162654876709,0.07702043652534485
43,intersection,persistence,noop,20,21.733196258544922,2.273268222808838,0.08332213759422302
43,intersection,persistence,noop,40,36.13154602050781,2.792208433151245,0.11390276998281479
43,intersection,persistence,opposite,1,8.06308650970459,1.6321042776107788,0.07547983527183533
43,intersection,persistence,opposite,2,8.890417098999023,2.0786423683166504,0.07654189318418503
43,intersection,persistence,opposite,5,10.843945503234863,2.752925157546997,0.07953380793333054
43,intersection,persistence,opposite,10,13.516940116882324,2.144162654876709,0.07702043652534485
43,intersection,persistence,opposite,20,21.733196258544922,2.273268222808838,0.08332213759422302
43,intersection,persistence,opposite,40,36.13154602050781,2.792208433151245,0.11390276998281479
43,intersection,constant_velocity,correct,1,6.879030704498291,1.6321042776107788,0.07541671395301819
43,intersection,constant_velocity,correct,2,6.572718620300293,2.0786423683166504,0.07629148662090302
43,intersection,constant_velocity,correct,5,6.082211017608643,2.752925157546997,0.07808037847280502
43,intersection,constant_velocity,correct,10,7.964540958404541,2.144162654876709,0.07338753342628479
43,intersection,constant_velocity,correct,20,15.240984916687012,2.273268222808838,0.07745226472616196
43,intersection,constant_velocity,correct,40,30.51266860961914,2.792208433151245,0.10558242350816727
43,intersection,constant_velocity,shuffled,1,6.879030704498291,1.6321042776107788,0.07541671395301819
43,intersection,constant_velocity,shuffled,2,6.572718620300293,2.0786423683166504,0.07629148662090302
43,intersection,constant_velocity,shuffled,5,6.082211017608643,2.752925157546997,0.07808037847280502
43,intersection,constant_velocity,shuffled,10,7.964540958404541,2.144162654876709,0.07338753342628479
43,intersection,constant_velocity,shuffled,20,15.240984916687012,2.273268222808838,0.07745226472616196
43,intersection,constant_velocity,shuffled,40,30.51266860961914,2.792208433151245,0.10558242350816727
43,intersection,constant_velocity,noop,1,6.879030704498291,1.6321042776107788,0.07541671395301819
43,intersection,constant_velocity,noop,2,6.572718620300293,2.0786423683166504,0.07629148662090302
43,intersection,constant_velocity,noop,5,6.082211017608643,2.752925157546997,0.07808037847280502
43,intersection,constant_velocity,noop,10,7.964540958404541,2.144162654876709,0.07338753342628479
43,intersection,constant_velocity,noop,20,15.240984916687012,2.273268222808838,0.07745226472616196
43,intersection,constant_velocity,noop,40,30.51266860961914,2.792208433151245,0.10558242350816727
43,intersection,constant_velocity,opposite,1,6.879030704498291,1.6321042776107788,0.07541671395301819
43,intersection,constant_velocity,opposite,2,6.572718620300293,2.0786423683166504,0.07629148662090302
43,intersection,constant_velocity,opposite,5,6.082211017608643,2.752925157546997,0.07808037847280502
43,intersection,constant_velocity,opposite,10,7.964540958404541,2.144162654876709,0.07338753342628479
43,intersection,constant_velocity,opposite,20,15.240984916687012,2.273268222808838,0.07745226472616196
43,intersection,constant_velocity,opposite,40,30.51266860961914,2.792208433151245,0.10558242350816727
43,merge,independent,correct,1,0.7132179737091064,0.6890672445297241,0.00047770680976100266
43,merge,independent,correct,2,1.131932020187378,1.0191324949264526,0.0012225938262417912
43,merge,independent,correct,5,2.8903355598449707,1.4735229015350342,0.004464685916900635
43,merge,independent,correct,10,7.068110466003418,1.9960676431655884,0.01238713227212429
43,merge,independent,correct,20,13.888059616088867,1.5407382249832153,0.022200971841812134
43,merge,independent,correct,40,25.866840362548828,2.7451846599578857,0.054427482187747955
43,merge,independent,shuffled,1,0.712938666343689,0.6891770362854004,0.0004778982256539166
43,merge,independent,shuffled,2,1.1313875913619995,1.0193731784820557,0.001223232364282012
43,merge,independent,shuffled,5,2.8896448612213135,1.4739822149276733,0.004467422608286142
43,merge,independent,shuffled,10,7.0699028968811035,1.9968249797821045,0.01238448079675436
43,merge,independent,shuffled,20,13.896781921386719,1.5401461124420166,0.022192610427737236
43,merge,independent,shuffled,40,25.860950469970703,2.7438950538635254,0.05445839464664459
43,merge,independent,noop,1,0.713030219078064,0.689142107963562,0.00047783940681256354
43,merge,independent,noop,2,1.1314728260040283,1.019333839416504,0.0012231533182784915
43,merge,independent,noop,5,2.8897690773010254,1.4742014408111572,0.004468436818569899
43,merge,independent,noop,10,7.070858001708984,1.9970238208770752,0.012389997020363808
43,merge,independent,noop,20,13.898347854614258,1.5411131381988525,0.022206801921129227
43,merge,independent,noop,40,25.87457275390625,2.744598388671875,0.05455559119582176
43,merge,independent,opposite,1,0.7128525972366333,0.6892135739326477,0.000477966561447829
43,merge,independent,opposite,2,1.1310079097747803,1.019535779953003,0.0012237203773111105
43,merge,independent,opposite,5,2.889125347137451,1.4749187231063843,0.00447258772328496
43,merge,independent,opposite,10,7.073746681213379,1.9980427026748657,0.01239380519837141
43,merge,independent,opposite,20,13.909810066223145,1.5415198802947998,0.022212408483028412
43,merge,independent,opposite,40,25.884435653686523,2.7439002990722656,0.05466170981526375
43,merge,no_actions,correct,1,0.7289658188819885,0.6850735545158386,0.00047581485705450177
43,merge,no_actions,correct,2,1.152342438697815,1.0198392868041992,0.001231541158631444
43,merge,no_actions,correct,5,2.9804635047912598,1.5262744426727295,0.004682738799601793
43,merge,no_actions,correct,10,8.052236557006836,2.3386566638946533,0.013619954697787762
43,merge,no_actions,correct,20,19.44316864013672,2.4283692836761475,0.029241852462291718
43,merge,no_actions,correct,40,60.21580123901367,5.077026844024658,0.11324834823608398
43,merge,no_actions,shuffled,1,0.7289658188819885,0.6850735545158386,0.00047581485705450177
43,merge,no_actions,shuffled,2,1.152342438697815,1.0198392868041992,0.001231541158631444
43,merge,no_actions,shuffled,5,2.9804635047912598,1.5262744426727295,0.004682738799601793
43,merge,no_actions,shuffled,10,8.052236557006836,2.3386566638946533,0.013619954697787762
43,merge,no_actions,shuffled,20,19.44316864013672,2.4283692836761475,0.029241852462291718
43,merge,no_actions,shuffled,40,60.21580123901367,5.077026844024658,0.11324834823608398
43,merge,no_actions,noop,1,0.7289658188819885,0.6850735545158386,0.00047581485705450177
43,merge,no_actions,noop,2,1.152342438697815,1.0198392868041992,0.001231541158631444
43,merge,no_actions,noop,5,2.9804635047912598,1.5262744426727295,0.004682738799601793
43,merge,no_actions,noop,10,8.052236557006836,2.3386566638946533,0.013619954697787762
43,merge,no_actions,noop,20,19.44316864013672,2.4283692836761475,0.029241852462291718
43,merge,no_actions,noop,40,60.21580123901367,5.077026844024658,0.11324834823608398
43,merge,no_actions,opposite,1,0.7289658188819885,0.6850735545158386,0.00047581485705450177
43,merge,no_actions,opposite,2,1.152342438697815,1.0198392868041992,0.001231541158631444
43,merge,no_actions,opposite,5,2.9804635047912598,1.5262744426727295,0.004682738799601793
43,merge,no_actions,opposite,10,8.052236557006836,2.3386566638946533,0.013619954697787762
43,merge,no_actions,opposite,20,19.44316864013672,2.4283692836761475,0.029241852462291718
43,merge,no_actions,opposite,40,60.21580123901367,5.077026844024658,0.11324834823608398
43,merge,privileged,correct,1,0.15959180891513824,0.8779247999191284,0.0009028908098116517
43,merge,privileged,correct,2,0.7026851773262024,1.6648778915405273,0.0030576069839298725
43,merge,privileged,correct,5,4.071287631988525,2.4803030490875244,0.008489509113132954
43,merge,privileged,correct,10,9.161213874816895,1.7823903560638428,0.013579098507761955
43,merge,privileged,correct,20,12.85700798034668,1.3172134160995483,0.021659070625901222
43,merge,privileged,correct,40,21.510112762451172,2.3296971321105957,0.039840295910835266
43,merge,privileged,shuffled,1,0.15027379989624023,0.608968198299408,0.0004374092386569828
43,merge,privileged,shuffled,2,0.5660161972045898,1.2445785999298096,0.0016414235578849912
43,merge,privileged,shuffled,5,2.8293442726135254,1.9451137781143188,0.006156178656965494
43,merge,privileged,shuffled,10,7.582150936126709,1.6894137859344482,0.012193398550152779
43,merge,privileged,shuffled,20,14.45013427734375,1.9387178421020508,0.024478746578097343
43,merge,privileged,shuffled,40,24.407032012939453,1.7755725383758545,0.04396688565611839
43,merge,privileged,noop,1,0.15674984455108643,0.7591959834098816,0.0006382549181580544
43,merge,privileged,noop,2,0.6418386697769165,1.4692884683609009,0.0022319776471704245
43,merge,privileged,noop,5,3.5980446338653564,2.501519203186035,0.0082551846280694
43,merge,privileged,noop,10,10.795674324035645,3.585750102996826,0.021878479048609734
43,merge,privileged,noop,20,30.172771453857422,4.923954963684082,0.05911225080490112
43,merge,privileged,noop,40,94.0795669555664,6.595761775970459,0.25211718678474426
43,merge,privileged,opposite,1,0.14553402364253998,0.49413609504699707,0.0002713102730922401
43,merge,privileged,opposite,2,0.49686646461486816,0.9170762300491333,0.0009233287419192493
43,merge,privileged,opposite,5,2.277596950531006,1.824174165725708,0.005248541012406349
43,merge,privileged,opposite,10,7.346179008483887,2.455989360809326,0.015548521652817726
43,merge,privileged,opposite,20,22.332962036132812,3.733851194381714,0.0448765903711319
43,merge,privileged,opposite,40,54.404014587402344,2.7135541439056396,0.11334986239671707
43,merge,memoryless,correct,1,7.855947017669678,1.0968742370605469,0.05592653527855873
43,merge,memoryless,correct,2,7.2961931228637695,1.554214358329773,0.05028948560357094
43,merge,memoryless,correct,5,9.762299537658691,1.9773108959197998,0.04564712569117546
43,merge,memoryless,correct,10,16.413549423217773,2.452397584915161,0.054320815950632095
43,merge,memoryless,correct,20,26.95949363708496,1.8046386241912842,0.07136090099811554
43,merge,memoryless,correct,40,52.44873809814453,4.223403453826904,0.12934322655200958
43,merge,memoryless,shuffled,1,7.822467803955078,1.0384012460708618,0.05580238997936249
43,merge,memoryless,shuffled,2,7.096730709075928,1.4448316097259521,0.049734290689229965
43,merge,memoryless,shuffled,5,8.664189338684082,1.667449951171875,0.04396740719676018
43,merge,memoryless,shuffled,10,14.736642837524414,2.2996926307678223,0.05257873982191086
43,merge,memoryless,shuffled,20,25.986862182617188,2.0974817276000977,0.07075473666191101
43,merge,memoryless,shuffled,40,53.5773811340332,4.547666549682617,0.13510671257972717
43,merge,memoryless,noop,1,7.8459038734436035,1.08247971534729,0.055884700268507004
43,merge,memoryless,noop,2,7.175638675689697,1.516800880432129,0.050055600702762604
43,merge,memoryless,noop,5,9.250482559204102,2.0026357173919678,0.04516442120075226
43,merge,memoryless,noop,10,16.609020233154297,3.0609593391418457,0.05651233345270157
43,merge,memoryless,noop,20,33.2812385559082,3.1398024559020996,0.08102445304393768
43,merge,memoryless,noop,40,78.37220001220703,5.603845596313477,0.2010660469532013
43,merge,memoryless,opposite,1,7.798365116119385,0.9769282341003418,0.055667947977781296
43,merge,memoryless,opposite,2,7.024774074554443,1.2868682146072388,0.049214232712984085
43,merge,memoryless,opposite,5,7.93365478515625,1.4271186590194702,0.042658884078264236
43,merge,memoryless,opposite,10,12.974334716796875,2.2812366485595703,0.05156734213232994
43,merge,memoryless,opposite,20,25.162078857421875,2.5663347244262695,0.07119422405958176
43,merge,memoryless,opposite,40,54.817138671875,4.761663436889648,0.14160782098770142
43,merge,orchestra,correct,1,0.7179248332977295,0.6981279253959656,0.0006014388054609299
43,merge,orchestra,correct,2,1.1551010608673096,1.1879315376281738,0.0016085567185655236
43,merge,orchestra,correct,5,2.7957863807678223,1.4867993593215942,0.0041661071591079235
43,merge,orchestra,correct,10,4.739417552947998,1.2293546199798584,0.009694314561784267
43,merge,orchestra,correct,20,10.714937210083008,1.9883534908294678,0.021600304171442986
43,merge,orchestra,correct,40,31.18548011779785,2.398223638534546,0.050614774227142334
43,merge,orchestra,shuffled,1,0.6298047304153442,0.4983820915222168,0.00033228419488295913
43,merge,orchestra,shuffled,2,0.8655479550361633,0.9704135060310364,0.0010715743992477655
43,merge,orchestra,shuffled,5,2.2576723098754883,1.6322053670883179,0.0040846411138772964
43,merge,orchestra,shuffled,10,4.788242340087891,1.3990418910980225,0.009952823631465435
43,merge,orchestra,shuffled,20,12.262629508972168,2.126708745956421,0.022715413942933083
43,merge,orchestra,shuffled,40,34.42970657348633,2.5383803844451904,0.055841680616140366
43,merge,orchestra,noop,1,0.6755511164665222,0.5774827599525452,0.0004228676261845976
43,merge,orchestra,noop,2,1.0169223546981812,0.9797303080558777,0.0009840496350079775
43,merge,orchestra,noop,5,2.201664447784424,1.25795578956604,0.003254510462284088
43,merge,orchestra,noop,10,4.041153907775879,1.048561453819275,0.009394926019012928
43,merge,orchestra,noop,20,8.744922637939453,2.126708745956421,0.021587282419204712
43,merge,orchestra,noop,40,29.969844818115234,2.669633388519287,0.05122017860412598
43,merge,orchestra,opposite,1,0.6053066253662109,0.47854071855545044,0.0002914741344284266
43,merge,orchestra,opposite,2,0.7404082417488098,0.8141776323318481,0.0007358389557339251
43,merge,orchestra,opposite,5,1.8885390758514404,1.3584587574005127,0.0038604396395385265
43,merge,orchestra,opposite,10,3.9274611473083496,1.0337212085723877,0.009426457807421684
43,merge,orchestra,opposite,20,10.235060691833496,2.078822612762451,0.022271553054451942
43,merge,orchestra,opposite,40,29.44657325744629,2.723320484161377,0.05052366107702255
43,merge,persistence,correct,1,10.579501152038574,1.260952353477478,0.0764564648270607
43,merge,persistence,correct,2,11.06286907196045,1.6844522953033447,0.07697543501853943
43,merge,persistence,correct,5,12.150899887084961,1.813185691833496,0.07812463492155075
43,merge,persistence,correct,10,14.353596687316895,1.8826560974121094,0.0837424173951149
43,merge,persistence,correct,20,20.388973236083984,1.8985942602157593,0.09334804862737656
43,merge,persistence,correct,40,34.54317092895508,3.0682318210601807,0.11384778469800949
43,merge,persistence,shuffled,1,10.579501152038574,1.260952353477478,0.0764564648270607
43,merge,persistence,shuffled,2,11.06286907196045,1.6844522953033447,0.07697543501853943
43,merge,persistence,shuffled,5,12.150899887084961,1.813185691833496,0.07812463492155075
43,merge,persistence,shuffled,10,14.353596687316895,1.8826560974121094,0.0837424173951149
43,merge,persistence,shuffled,20,20.388973236083984,1.8985942602157593,0.09334804862737656
43,merge,persistence,shuffled,40,34.54317092895508,3.0682318210601807,0.11384778469800949
43,merge,persistence,noop,1,10.579501152038574,1.260952353477478,0.0764564648270607
43,merge,persistence,noop,2,11.06286907196045,1.6844522953033447,0.07697543501853943
43,merge,persistence,noop,5,12.150899887084961,1.813185691833496,0.07812463492155075
43,merge,persistence,noop,10,14.353596687316895,1.8826560974121094,0.0837424173951149
43,merge,persistence,noop,20,20.388973236083984,1.8985942602157593,0.09334804862737656
43,merge,persistence,noop,40,34.54317092895508,3.0682318210601807,0.11384778469800949
43,merge,persistence,opposite,1,10.579501152038574,1.260952353477478,0.0764564648270607
43,merge,persistence,opposite,2,11.06286907196045,1.6844522953033447,0.07697543501853943
43,merge,persistence,opposite,5,12.150899887084961,1.813185691833496,0.07812463492155075
43,merge,persistence,opposite,10,14.353596687316895,1.8826560974121094,0.0837424173951149
43,merge,persistence,opposite,20,20.388973236083984,1.8985942602157593,0.09334804862737656
43,merge,persistence,opposite,40,34.54317092895508,3.0682318210601807,0.11384778469800949
43,merge,constant_velocity,correct,1,10.0473051071167,1.260952353477478,0.0764373242855072
43,merge,constant_velocity,correct,2,10.08012866973877,1.6844522953033447,0.07690582424402237
43,merge,constant_velocity,correct,5,10.88219165802002,1.813185691833496,0.07794295996427536
43,merge,constant_velocity,correct,10,13.624300003051758,1.8826560974121094,0.0837610736489296
43,merge,constant_velocity,correct,20,18.947406768798828,1.8985942602157593,0.09332046657800674
43,merge,constant_velocity,correct,40,31.45444107055664,3.0682318210601807,0.11234764754772186
43,merge,constant_velocity,shuffled,1,10.0473051071167,1.260952353477478,0.0764373242855072
43,merge,constant_velocity,shuffled,2,10.08012866973877,1.6844522953033447,0.07690582424402237
43,merge,constant_velocity,shuffled,5,10.88219165802002,1.813185691833496,0.07794295996427536
43,merge,constant_velocity,shuffled,10,13.624300003051758,1.8826560974121094,0.0837610736489296
43,merge,constant_velocity,shuffled,20,18.947406768798828,1.8985942602157593,0.09332046657800674
43,merge,constant_velocity,shuffled,40,31.45444107055664,3.0682318210601807,0.11234764754772186
43,merge,constant_velocity,noop,1,10.0473051071167,1.260952353477478,0.0764373242855072
43,merge,constant_velocity,noop,2,10.08012866973877,1.6844522953033447,0.07690582424402237
43,merge,constant_velocity,noop,5,10.88219165802002,1.813185691833496,0.07794295996427536
43,merge,constant_velocity,noop,10,13.624300003051758,1.8826560974121094,0.0837610736489296
43,merge,constant_velocity,noop,20,18.947406768798828,1.8985942602157593,0.09332046657800674
43,merge,constant_velocity,noop,40,31.45444107055664,3.0682318210601807,0.11234764754772186
43,merge,constant_velocity,opposite,1,10.0473051071167,1.260952353477478,0.0764373242855072
43,merge,constant_velocity,opposite,2,10.08012866973877,1.6844522953033447,0.07690582424402237
43,merge,constant_velocity,opposite,5,10.88219165802002,1.813185691833496,0.07794295996427536
43,merge,constant_velocity,opposite,10,13.624300003051758,1.8826560974121094,0.0837610736489296
43,merge,constant_velocity,opposite,20,18.947406768798828,1.8985942602157593,0.09332046657800674
43,merge,constant_velocity,opposite,40,31.45444107055664,3.0682318210601807,0.11234764754772186
