condition,seed,scenario,position_error,speed_error,world_error,hidden_position_error,plan_spearman,plan_regret,planning_objective,noop_objective
ID,17,intersection,2.9839065074920654,1.626061201095581,0.003317633643746376,3.8987607955932617,0.7352941176470589,0.0,4.079863508939743,1.650093201845884
ID,29,intersection,4.827264308929443,2.1139400005340576,0.005837716162204742,7.09194278717041,0.3911764705882353,0.961676290333271,4.082910890877247,1.6981361337006091
ID,43,intersection,5.448846817016602,2.806304454803467,0.008777426555752754,7.303826332092285,0.8147058823529412,0.0,1.4991421464085577,2.5686468686908484
density_OOD,17,intersection,5.219852447509766,2.332554578781128,0.007286861538887024,6.535159111022949,0.8264705882352942,0.0,3.7183339542150495,2.2263713769614695
density_OOD,29,intersection,4.442183017730713,1.964563012123108,0.0053841304033994675,5.464259147644043,-0.17941176470588235,0.48637820869684223,3.3443965369462965,1.8951546411961318
density_OOD,43,intersection,5.330177307128906,2.5487444400787354,0.00788764376193285,6.320187091827393,0.15882352941176472,0.4459401789307593,1.5181156864762304,2.2041884292662144
behavior_OOD,17,intersection,3.5839951038360596,1.9728150367736816,0.004663350526243448,4.867068767547607,-0.2676470588235294,1.2882024165987982,3.9381624644994737,4.467135950922966
behavior_OOD,29,intersection,5.4172186851501465,2.544041872024536,0.0079044783487916,8.07625961303711,0.8352941176470589,0.1520042079687114,5.45335777670145,3.155986379384994
behavior_OOD,43,intersection,5.99629020690918,3.13629150390625,0.010985370725393295,8.074525833129883,0.4970588235294117,0.0,3.871858813464642,2.88107700496912
topology_OOD,17,corridor,2.7146849632263184,1.7028253078460693,0.003936107270419598,3.426543951034546,0.6764705882352942,0.0,1.1469923987984658,1.6496859010308982
topology_OOD,29,corridor,3.0990285873413086,1.8101840019226074,0.004624237772077322,4.238854885101318,0.7970588235294117,0.0,1.788923254907131,2.270585068762302
topology_OOD,43,corridor,4.4441237449646,2.3345298767089844,0.006743600592017174,5.660355091094971,0.7529411764705882,0.0,3.3237322440743444,3.25701009362936
grid_OOD,17,grid,5.048828125,2.5958452224731445,0.01090233400464058,7.152774333953857,0.8558823529411764,0.0,10.19882710918784,10.781271078661083
grid_OOD,29,grid,5.294372081756592,2.684394598007202,0.010283824987709522,7.862292766571045,0.8117647058823528,0.0,15.339774656295775,16.100949313789606
grid_OOD,43,grid,3.9808590412139893,2.196523427963257,0.006945130415260792,4.779570579528809,0.7970588235294117,0.0,10.39583349570632,10.816711674034597
geometry_OOD,17,intersection,3.3483786582946777,1.7140065431594849,0.0034059472382068634,4.526540756225586,0.8911764705882352,0.0,0.2798634672164916,1.2500931958854196
geometry_OOD,29,intersection,4.663366794586182,2.533207654953003,0.007342375814914703,6.829464912414551,0.7911764705882354,0.0,0.8829108431935309,1.6981361337006091
geometry_OOD,43,intersection,6.825356960296631,3.9388060569763184,0.016021903604269028,9.58374309539795,0.8764705882352942,0.0,-0.11842719167470939,0.5497420081496237
combined_OOD,17,grid,4.1840434074401855,1.7360666990280151,0.0065796091221272945,4.778176307678223,0.9,0.0,10.32138983398676,10.570887865722181
combined_OOD,29,grid,3.3499271869659424,1.3487731218338013,0.0035152474883943796,3.827246904373169,0.7558823529411764,0.27421943053603215,12.663602014183997,12.690255382657051
combined_OOD,43,grid,3.3533198833465576,1.6043709516525269,0.004549019504338503,3.453767776489258,0.6794117647058824,0.0,9.79468271173537,9.975807700231671
stopped_vehicle,17,intersection,2.8281753063201904,1.5529580116271973,0.0031942653004080057,3.645113229751587,0.7352941176470589,0.0,4.932178664058448,2.48667941018939
stopped_vehicle,29,intersection,4.0229811668396,1.8064810037612915,0.004639158491045237,5.733074188232422,0.3970588235294118,0.9616763591766349,4.742868860661984,2.349387595057487
stopped_vehicle,43,intersection,5.209019184112549,2.4767825603485107,0.007832411676645279,6.902510166168213,0.711764705882353,0.0,2.427310162633657,3.4864938966929913
blocked_lane,17,intersection,2.1796300411224365,0.9926127791404724,0.0018158131279051304,2.889676570892334,0.5516248189017626,0.0,3.382700179219246,2.429104765355587
blocked_lane,29,intersection,3.4219765663146973,1.1408202648162842,0.002850302029401064,5.025955677032471,0.6696194325705888,0.0,5.352589475512504,3.0031997710466385
blocked_lane,43,intersection,4.192803859710693,2.4408793449401855,0.00789668969810009,5.4780049324035645,0.4719784546753048,0.0,2.6403148318827157,2.6942062525451185
full_sensing,17,intersection,2.492722988128662,1.7877070903778076,0.003777183825150132,,0.7029411764705883,0.0,4.079863508939743,1.650093201845884
full_sensing,29,intersection,2.232975482940674,1.816274642944336,0.0038649856578558683,,0.3970588235294118,0.961676290333271,4.082910890877247,1.6981361337006091
full_sensing,43,intersection,2.686382532119751,2.3207170963287354,0.0055924952030181885,,0.8382352941176471,0.0,1.4991421464085577,2.5686468686908484
sparse_sensing,17,intersection,6.668240547180176,1.6976865530014038,0.12799042463302612,23.27659034729004,0.7058823529411764,0.0,4.079863508939743,1.650093201845884
sparse_sensing,29,intersection,5.334314823150635,1.7715966701507568,0.13805373013019562,13.504190444946289,0.4176470588235294,0.961676290333271,4.082910890877247,1.6981361337006091
sparse_sensing,43,intersection,8.194380760192871,2.5622670650482178,0.14335045218467712,21.891937255859375,0.8382352941176471,0.0,1.4991421464085577,2.5686468686908484
probe_only,17,intersection,12.458189964294434,1.4810816049575806,0.2308274209499359,19.699596405029297,0.6088235294117647,0.0,4.079863508939743,1.650093201845884
probe_only,29,intersection,12.545942306518555,1.7189420461654663,0.23245087265968323,19.978588104248047,0.3911764705882353,0.961676290333271,4.082910890877247,1.6981361337006091
probe_only,43,intersection,14.62228775024414,2.7377359867095947,0.23687347769737244,22.61968231201172,0.6941176470588235,0.0,1.4991421464085577,2.5686468686908484
temporary_outage,17,intersection,3.5911099910736084,1.6134506464004517,0.003433946752920747,4.9104323387146,0.7352941176470589,0.0,4.079863508939743,1.650093201845884
temporary_outage,29,intersection,4.868383884429932,2.114034414291382,0.0058873794041574,7.163608074188232,0.4205882352941176,0.961676290333271,4.082910890877247,1.6981361337006091
temporary_outage,43,intersection,5.655013084411621,2.8518762588500977,0.009091407991945744,7.649675369262695,0.8147058823529412,0.0,1.4991421464085577,2.5686468686908484
without_lane_sensors,17,intersection,3.0659289360046387,1.5986214876174927,0.0033702387008816004,4.035440921783447,0.7205882352941175,0.0,4.079863508939743,1.650093201845884
without_lane_sensors,29,intersection,4.946914196014404,2.1209793090820312,0.005978286731988192,7.20793342590332,0.3970588235294118,0.961676290333271,4.082910890877247,1.6981361337006091
without_lane_sensors,43,intersection,5.5174407958984375,2.8430371284484863,0.009009157307446003,7.402598857879639,0.7970588235294117,0.0,1.4991421464085577,2.5686468686908484
