seed,model,occlusion_steps,reappearance,conflict_error,position_error,speed_error,world_error
17,orchestra,1,False,0.14681361615657806,1.0732277631759644,2.042926788330078,0.0031316643580794334
17,memoryless,1,False,0.2192532867193222,27.044063568115234,4.6875529289245605,0.3161284625530243
17,reset,1,False,0.16414420306682587,28.819875717163086,6.202221393585205,0.3591403067111969
17,current_observation,1,False,,29.13882064819336,6.685467720031738,0.3805922567844391
17,orchestra,2,False,0.14614613354206085,2.3511362075805664,3.0281689167022705,0.006928007584065199
17,memoryless,2,False,0.21784314513206482,23.535905838012695,5.329442977905273,0.3177565634250641
17,reset,2,False,0.16219471395015717,25.330936431884766,6.848255157470703,0.36242446303367615
17,current_observation,2,False,,25.64422035217285,7.330503940582275,0.38409844040870667
17,orchestra,3,False,0.4548107385635376,4.0891032218933105,3.8986775875091553,0.011609838344156742
17,memoryless,3,False,0.38369637727737427,19.733537673950195,5.857612609863281,0.31918802857398987
17,reset,3,False,0.4395316243171692,21.550952911376953,7.380873203277588,0.36525702476501465
17,current_observation,3,False,,21.859678268432617,7.86196231842041,0.38708293437957764
17,orchestra,4,False,0.055669426918029785,6.071664810180664,4.012689113616943,0.012647870928049088
17,memoryless,4,False,0.01475563645362854,15.854645729064941,5.636096000671387,0.3147934377193451
17,reset,4,False,0.0408799946308136,17.6975040435791,7.163536071777344,0.36054477095603943
17,current_observation,4,False,,18.003084182739258,7.643420219421387,0.38201066851615906
17,orchestra,5,False,0.05607903003692627,7.9217939376831055,3.369779586791992,0.009602578356862068
17,memoryless,5,False,0.013369977474212646,12.276750564575195,4.665309429168701,0.30552324652671814
17,reset,5,False,0.04169413447380066,14.146227836608887,6.196088790893555,0.34918323159217834
17,current_observation,5,False,,14.451138496398926,6.674878120422363,0.3698168694972992
17,orchestra,6,False,0.25583726167678833,9.262188911437988,1.9718080759048462,0.004498243797570467
17,memoryless,6,False,0.18762695789337158,9.376928329467773,2.945650577545166,0.2946496903896332
17,reset,6,False,0.24196723103523254,11.270967483520508,4.478446960449219,0.33440518379211426
17,current_observation,6,False,,11.578313827514648,4.95633602142334,0.353764146566391
17,orchestra,7,False,0.045305587351322174,9.833950996398926,0.2899675965309143,0.0019093318842351437
17,memoryless,7,False,0.1120220497250557,7.414170742034912,0.9458157420158386,0.28830352425575256
17,reset,7,False,0.058312468230724335,9.321877479553223,2.4790399074554443,0.32333019375801086
17,current_observation,7,False,,9.635942459106445,2.95633602142334,0.3413548469543457
17,orchestra,8,True,0.05028524994850159,9.567872047424316,1.390071153640747,0.0032423159573227167
17,memoryless,8,True,0.012546613812446594,6.453376770019531,1.0525317192077637,0.2883330285549164
17,reset,8,True,0.03860294818878174,8.35856819152832,0.4786800444126129,0.3184596300125122
17,current_observation,8,True,,8.681449890136719,0.956336259841919,0.33526691794395447
29,orchestra,1,False,0.15976457297801971,1.016135811805725,1.541607141494751,0.001792621216736734
29,memoryless,1,False,0.22051341831684113,32.506954193115234,1.5143579244613647,0.3071095943450928
29,reset,1,False,0.17252226173877716,34.2131462097168,0.006670206785202026,0.33480215072631836
29,current_observation,1,False,,34.58863830566406,0.48140811920166016,0.35344457626342773
29,orchestra,2,False,0.16322752833366394,1.6940664052963257,1.114702582359314,0.000998788163997233
29,memoryless,2,False,0.22042153775691986,32.203224182128906,1.2649457454681396,0.30624839663505554
29,reset,2,False,0.1737157702445984,33.90796661376953,0.24255970120429993,0.33442890644073486
29,current_observation,2,False,,34.285953521728516,0.7314081192016602,0.35332170128822327
29,orchestra,3,False,0.030057430267333984,2.0067102909088135,0.02517208456993103,0.00011752979480661452
29,memoryless,3,False,0.021715030074119568,31.628812789916992,0.36767518520355225,0.30471929907798767
29,reset,3,False,0.021979227662086487,33.30903625488281,1.1408575773239136,0.3344324827194214
29,current_observation,3,False,,33.69627380371094,1.631393551826477,0.3542287349700928
29,orchestra,4,False,0.029851660132408142,1.800644874572754,1.0606006383895874,0.0009602056816220284
29,memoryless,4,False,0.02106139063835144,30.584423065185547,0.5307110548019409,0.3036559522151947
29,reset,4,False,0.024147897958755493,32.28337478637695,2.041442632675171,0.3357703685760498
29,current_observation,4,False,,32.65755844116211,2.5310325622558594,0.3558538854122162
29,orchestra,5,False,0.033162012696266174,1.150832176208496,2.13222336769104,0.003489200957119465
29,memoryless,5,False,0.018746137619018555,29.073593139648438,1.428781509399414,0.30315467715263367
29,reset,5,False,0.028896644711494446,30.823749542236328,2.9422693252563477,0.3382846415042877
29,current_observation,5,False,,31.170495986938477,3.428941249847412,0.35823604464530945
29,orchestra,6,False,0.033900290727615356,0.9032014608383179,3.1910367012023926,0.007685357239097357
29,memoryless,6,False,0.018079593777656555,27.134031295776367,2.3200325965881348,0.303729385137558
29,reset,6,False,0.03026929497718811,28.906005859375,3.8367068767547607,0.3412931263446808
29,current_observation,6,False,,29.237045288085938,4.321897029876709,0.361416220664978
29,orchestra,7,False,0.16191862523555756,2.428992748260498,4.230463981628418,0.013516582548618317
29,memoryless,7,False,0.21707406640052795,24.745296478271484,3.2011027336120605,0.3051121234893799
29,reset,7,False,0.16570664942264557,26.55034065246582,4.721292495727539,0.3452789783477783
29,current_observation,7,False,,26.86161231994629,5.204118728637695,0.36542049050331116
29,orchestra,8,True,0.06184820085763931,4.720465660095215,5.245853424072266,0.020951829850673676
29,memoryless,8,True,0.1166517361998558,21.92833709716797,4.063150405883789,0.3075123727321625
29,reset,8,True,0.06540792435407639,23.74343490600586,5.584875583648682,0.3496098518371582
29,current_observation,8,True,,24.052631378173828,6.06674337387085,0.37023869156837463
43,orchestra,1,False,0.15400628745555878,0.864175021648407,1.6297978162765503,0.002001026412472129
43,memoryless,1,False,0.21953706443309784,29.489919662475586,4.809326648712158,0.3193419277667999
43,reset,1,False,0.16986414790153503,31.232378005981445,6.3195719718933105,0.3618551790714264
43,current_observation,1,False,,31.580665588378906,6.805252552032471,0.3842604160308838
43,orchestra,2,False,0.15396958589553833,1.9058691263198853,2.5167436599731445,0.00479585025459528
43,memoryless,2,False,0.21811605989933014,25.946535110473633,5.350258827209473,0.3199610412120819
43,reset,2,False,0.16798728704452515,27.696884155273438,6.863996505737305,0.3636094629764557
43,current_observation,2,False,,28.050003051757812,7.34938383102417,0.3864566385746002
43,orchestra,3,False,0.34635239839553833,3.3786864280700684,3.3687171936035156,0.008668516762554646
43,memoryless,3,False,0.2831798791885376,22.143028259277344,5.856392860412598,0.3209613561630249
43,reset,3,False,0.33377009630203247,23.909677505493164,7.374816417694092,0.3658832311630249
43,current_observation,3,False,,24.259117126464844,7.858931541442871,0.38889196515083313
43,orchestra,4,False,0.35034751892089844,5.251889705657959,4.123328685760498,0.013160031288862228
43,memoryless,4,False,0.28473299741744995,18.10483741760254,6.274871349334717,0.3218120038509369
43,reset,4,False,0.3387013077735901,19.913122177124023,7.799836158752441,0.3683846890926361
43,current_observation,4,False,,20.24074363708496,8.280434608459473,0.3909507989883423
43,orchestra,5,False,0.052684977650642395,7.312861919403076,4.120598793029785,0.01361403614282608
43,memoryless,5,False,0.013995617628097534,14.048172950744629,5.944167613983154,0.316477507352829
43,reset,5,False,0.0412769615650177,15.884942054748535,7.472870349884033,0.3624958097934723
43,current_observation,5,False,,16.20747184753418,7.951937198638916,0.3845508396625519
43,orchestra,6,False,0.25268059968948364,9.184125900268555,3.3628456592559814,0.00997141469269991
43,memoryless,6,False,0.18687668442726135,10.351367950439453,4.864497184753418,0.30621424317359924
43,reset,6,False,0.24153153598308563,12.21459674835205,6.395299434661865,0.34978166222572327
43,current_observation,6,False,,12.537798881530762,6.873439788818359,0.3709489405155182
43,orchestra,7,False,0.04862803965806961,10.489147186279297,1.8523999452590942,0.0046112569980323315
43,memoryless,7,False,0.11285112053155899,7.392360210418701,3.0364608764648438,0.2945918142795563
43,reset,7,False,0.059421174228191376,9.284235954284668,4.567326545715332,0.3339618742465973
43,current_observation,7,False,,9.608120918273926,5.044942855834961,0.353724867105484
43,orchestra,8,True,0.054217346012592316,10.997984886169434,0.1736953854560852,0.002324135275557637
43,memoryless,8,True,0.11361578851938248,5.408018112182617,1.03810453414917,0.2882457375526428
43,reset,8,True,0.06373336166143417,7.305869102478027,2.566152572631836,0.32258525490760803
43,current_observation,8,True,,7.641556262969971,3.044942855834961,0.341174453496933
