seed,scenario,model,plan,predicted_cost,true_cost
17,intersection,independent,0,7.401106365323066,3.733601496219635
17,intersection,independent,1,7.404311227500438,4.239994318634271
17,intersection,independent,2,7.398133665919303,3.7311691568791865
17,intersection,independent,3,7.402056146562099,5.110947764813901
17,intersection,independent,4,7.38983061015606,4.665730232596397
17,intersection,independent,5,7.413387294113636,5.733890201747418
17,intersection,independent,6,7.403985185325146,4.274493546187878
17,intersection,independent,7,7.4032453581690785,5.201196272969246
17,intersection,independent,8,7.398334787786007,3.8660387688875195
17,intersection,independent,9,7.397646443545818,3.696321936100721
17,intersection,independent,10,7.3982183477282515,3.8412271814048293
17,intersection,independent,11,7.405433358550072,5.1273947495222085
17,intersection,independent,12,7.399535243213177,3.7831222727894778
17,intersection,independent,13,7.40305161356926,4.237692982256412
17,intersection,independent,14,7.407062648236752,5.0118141427636145
17,intersection,independent,15,7.400959512293339,4.217689636051655
17,intersection,no_actions,0,6.2432470457255835,3.733601496219635
17,intersection,no_actions,1,6.2432470457255835,4.239994318634271
17,intersection,no_actions,2,6.2432470457255835,3.7311691568791865
17,intersection,no_actions,3,6.2432470457255835,5.110947764813901
17,intersection,no_actions,4,6.2432470457255835,4.665730232596397
17,intersection,no_actions,5,6.2432470457255835,5.733890201747418
17,intersection,no_actions,6,6.2432470457255835,4.274493546187878
17,intersection,no_actions,7,6.2432470457255835,5.201196272969246
17,intersection,no_actions,8,6.2432470457255835,3.8660387688875195
17,intersection,no_actions,9,6.2432470457255835,3.696321936100721
17,intersection,no_actions,10,6.2432470457255835,3.8412271814048293
17,intersection,no_actions,11,6.2432470457255835,5.1273947495222085
17,intersection,no_actions,12,6.2432470457255835,3.7831222727894778
17,intersection,no_actions,13,6.2432470457255835,4.237692982256412
17,intersection,no_actions,14,6.2432470457255835,5.0118141427636145
17,intersection,no_actions,15,6.2432470457255835,4.217689636051655
17,intersection,privileged,0,5.049123860001564,3.733601496219635
17,intersection,privileged,1,5.7056801629066465,4.239994318634271
17,intersection,privileged,2,4.82136980175972,3.7311691568791865
17,intersection,privileged,3,5.734346589893103,5.110947764813901
17,intersection,privileged,4,4.508105898201466,4.665730232596397
17,intersection,privileged,5,6.650250321924687,5.733890201747418
17,intersection,privileged,6,5.751422594487667,4.274493546187878
17,intersection,privileged,7,5.60001093134284,5.201196272969246
17,intersection,privileged,8,5.428191569149494,3.8660387688875195
17,intersection,privileged,9,5.018618715107441,3.696321936100721
17,intersection,privileged,10,4.999571514725686,3.8412271814048293
17,intersection,privileged,11,5.829078039526939,5.1273947495222085
17,intersection,privileged,12,5.311724631637335,3.7831222727894778
17,intersection,privileged,13,5.486254462003709,4.237692982256412
17,intersection,privileged,14,5.711395189166069,5.0118141427636145
17,intersection,privileged,15,5.207467228621244,4.217689636051655
17,intersection,memoryless,0,7.307060681581497,3.733601496219635
17,intersection,memoryless,1,8.265732641071082,4.239994318634271
17,intersection,memoryless,2,7.106264103204013,3.7311691568791865
17,intersection,memoryless,3,8.375949213206768,5.110947764813901
17,intersection,memoryless,4,6.6857790754735476,4.665730232596397
17,intersection,memoryless,5,10.395157504081727,5.733890201747418
17,intersection,memoryless,6,8.496417714357376,4.274493546187878
17,intersection,memoryless,7,8.570721654891967,5.201196272969246
17,intersection,memoryless,8,7.796195744425058,3.8660387688875195
17,intersection,memoryless,9,7.336576783657074,3.696321936100721
17,intersection,memoryless,10,7.410610945075749,3.8412271814048293
17,intersection,memoryless,11,8.739708637446164,5.1273947495222085
17,intersection,memoryless,12,7.676430355757475,3.7831222727894778
17,intersection,memoryless,13,8.050878943651915,4.237692982256412
17,intersection,memoryless,14,8.646681713759898,5.0118141427636145
17,intersection,memoryless,15,7.8484941035509115,4.217689636051655
17,intersection,orchestra,0,7.1281277173757545,3.733601496219635
17,intersection,orchestra,1,7.705613622665405,4.239994318634271
17,intersection,orchestra,2,6.798095588982105,3.7311691568791865
17,intersection,orchestra,3,7.535815689861774,5.110947764813901
17,intersection,orchestra,4,6.112803117483854,4.665730232596397
17,intersection,orchestra,5,8.484893466532231,5.733890201747418
17,intersection,orchestra,6,7.643421475291252,4.274493546187878
17,intersection,orchestra,7,7.538349458575249,5.201196272969246
17,intersection,orchestra,8,7.178981500864029,3.8660387688875195
17,intersection,orchestra,9,6.833393593728542,3.696321936100721
17,intersection,orchestra,10,6.92311301857233,3.8412271814048293
17,intersection,orchestra,11,7.721900325119496,5.1273947495222085
17,intersection,orchestra,12,7.179367647767067,3.7831222727894778
17,intersection,orchestra,13,7.404311868548393,4.237692982256412
17,intersection,orchestra,14,7.687621788084507,5.0118141427636145
17,intersection,orchestra,15,7.2442639526724815,4.217689636051655
17,intersection,persistence,0,3.478903555870056,3.733601496219635
17,intersection,persistence,1,3.478903555870056,4.239994318634271
17,intersection,persistence,2,3.478903555870056,3.7311691568791865
17,intersection,persistence,3,3.478903555870056,5.110947764813901
17,intersection,persistence,4,3.478903555870056,4.665730232596397
17,intersection,persistence,5,3.478903555870056,5.733890201747418
17,intersection,persistence,6,3.478903555870056,4.274493546187878
17,intersection,persistence,7,3.478903555870056,5.201196272969246
17,intersection,persistence,8,3.478903555870056,3.8660387688875195
17,intersection,persistence,9,3.478903555870056,3.696321936100721
17,intersection,persistence,10,3.478903555870056,3.8412271814048293
17,intersection,persistence,11,3.478903555870056,5.1273947495222085
17,intersection,persistence,12,3.478903555870056,3.7831222727894778
17,intersection,persistence,13,3.478903555870056,4.237692982256412
17,intersection,persistence,14,3.478903555870056,5.0118141427636145
17,intersection,persistence,15,3.478903555870056,4.217689636051655
17,intersection,constant_velocity,0,5.678903555870057,3.733601496219635
17,intersection,constant_velocity,1,5.678903555870057,4.239994318634271
17,intersection,constant_velocity,2,5.678903555870057,3.7311691568791865
17,intersection,constant_velocity,3,5.678903555870057,5.110947764813901
17,intersection,constant_velocity,4,5.678903555870057,4.665730232596397
17,intersection,constant_velocity,5,5.678903555870057,5.733890201747418
17,intersection,constant_velocity,6,5.678903555870057,4.274493546187878
17,intersection,constant_velocity,7,5.678903555870057,5.201196272969246
17,intersection,constant_velocity,8,5.678903555870057,3.8660387688875195
17,intersection,constant_velocity,9,5.678903555870057,3.696321936100721
17,intersection,constant_velocity,10,5.678903555870057,3.8412271814048293
17,intersection,constant_velocity,11,5.678903555870057,5.1273947495222085
17,intersection,constant_velocity,12,5.678903555870057,3.7831222727894778
17,intersection,constant_velocity,13,5.678903555870057,4.237692982256412
17,intersection,constant_velocity,14,5.678903555870057,5.0118141427636145
17,intersection,constant_velocity,15,5.678903555870057,4.217689636051655
17,intersection,oracle,0,3.733601496219635,3.733601496219635
17,intersection,oracle,1,4.239994318634271,4.239994318634271
17,intersection,oracle,2,3.7311691568791865,3.7311691568791865
17,intersection,oracle,3,5.110947764813901,5.110947764813901
17,intersection,oracle,4,4.665730232596397,4.665730232596397
17,intersection,oracle,5,5.733890201747418,5.733890201747418
17,intersection,oracle,6,4.274493546187878,4.274493546187878
17,intersection,oracle,7,5.201196272969246,5.201196272969246
17,intersection,oracle,8,3.8660387688875195,3.8660387688875195
17,intersection,oracle,9,3.696321936100721,3.696321936100721
17,intersection,oracle,10,3.8412271814048293,3.8412271814048293
17,intersection,oracle,11,5.1273947495222085,5.1273947495222085
17,intersection,oracle,12,3.7831222727894778,3.7831222727894778
17,intersection,oracle,13,4.237692982256412,4.237692982256412
17,intersection,oracle,14,5.0118141427636145,5.0118141427636145
17,intersection,oracle,15,4.217689636051655,4.217689636051655
17,merge,independent,0,7.410863061249256,5.063698884695769
17,merge,independent,1,7.414113227128984,5.44018901243806
17,merge,independent,2,7.407848334014416,5.061554784476757
17,merge,independent,3,7.411699104309082,5.115000647008419
17,merge,independent,4,7.399546145796776,4.789780457317829
17,merge,independent,5,7.423138135373592,6.9292847587913275
17,merge,independent,6,7.413747614324093,5.912206519842148
17,merge,independent,7,7.412922408878804,6.6101597727835175
17,merge,independent,8,7.4082122731208795,5.374407266378403
17,merge,independent,9,7.407308001816272,5.075844883918762
17,merge,independent,10,7.407826200425625,5.544816743731499
17,merge,independent,11,7.415266799926758,6.531197778135539
17,merge,independent,12,7.409332718253136,5.355343434363603
17,merge,independent,13,7.412800271213055,5.872849655300379
17,merge,independent,14,7.416847174167634,6.415571653842926
17,merge,independent,15,7.410655617415905,5.65373090237379
17,merge,no_actions,0,4.5989189176261425,5.063698884695769
17,merge,no_actions,1,4.5989189176261425,5.44018901243806
17,merge,no_actions,2,4.5989189176261425,5.061554784476757
17,merge,no_actions,3,4.5989189176261425,5.115000647008419
17,merge,no_actions,4,4.5989189176261425,4.789780457317829
17,merge,no_actions,5,4.5989189176261425,6.9292847587913275
17,merge,no_actions,6,4.5989189176261425,5.912206519842148
17,merge,no_actions,7,4.5989189176261425,6.6101597727835175
17,merge,no_actions,8,4.5989189176261425,5.374407266378403
17,merge,no_actions,9,4.5989189176261425,5.075844883918762
17,merge,no_actions,10,4.5989189176261425,5.544816743731499
17,merge,no_actions,11,4.5989189176261425,6.531197778135539
17,merge,no_actions,12,4.5989189176261425,5.355343434363603
17,merge,no_actions,13,4.5989189176261425,5.872849655300379
17,merge,no_actions,14,4.5989189176261425,6.415571653842926
17,merge,no_actions,15,4.5989189176261425,5.65373090237379
17,merge,privileged,0,5.102068668454885,5.063698884695769
17,merge,privileged,1,5.767746665030718,5.44018901243806
17,merge,privileged,2,4.87853636085987,5.061554784476757
17,merge,privileged,3,5.798984655290842,5.115000647008419
17,merge,privileged,4,4.520033111423254,4.789780457317829
17,merge,privileged,5,6.723702946901322,6.9292847587913275
17,merge,privileged,6,5.852437632679939,5.912206519842148
17,merge,privileged,7,5.710998290926218,6.6101597727835175
17,merge,privileged,8,5.491221473962069,5.374407266378403
17,merge,privileged,9,5.099742696881295,5.075844883918762
17,merge,privileged,10,5.042706799954175,5.544816743731499
17,merge,privileged,11,5.890284596383572,6.531197778135539
17,merge,privileged,12,5.356624604463578,5.355343434363603
17,merge,privileged,13,5.549000995457172,5.872849655300379
17,merge,privileged,14,5.755899787098169,6.415571653842926
17,merge,privileged,15,5.302043119817972,5.65373090237379
17,merge,memoryless,0,4.101853599399329,5.063698884695769
17,merge,memoryless,1,4.75481902256608,5.44018901243806
17,merge,memoryless,2,4.019924373328686,5.061554784476757
17,merge,memoryless,3,5.022389279752971,5.115000647008419
17,merge,memoryless,4,3.8410347858071323,4.789780457317829
17,merge,memoryless,5,6.710310845524073,6.9292847587913275
17,merge,memoryless,6,5.0156467264890665,5.912206519842148
17,merge,memoryless,7,5.080616331696511,6.6101597727835175
17,merge,memoryless,8,4.5688246062397955,5.374407266378403
17,merge,memoryless,9,4.173932307213545,5.075844883918762
17,merge,memoryless,10,4.232863397300243,5.544816743731499
17,merge,memoryless,11,5.25298885896802,6.531197778135539
17,merge,memoryless,12,4.397538315802812,5.355343434363603
17,merge,memoryless,13,4.715607638210058,5.872849655300379
17,merge,memoryless,14,5.140360125601291,6.415571653842926
17,merge,memoryless,15,4.4835927976667875,5.65373090237379
17,merge,orchestra,0,6.38190357759595,5.063698884695769
17,merge,orchestra,1,7.259344385415316,5.44018901243806
17,merge,orchestra,2,6.039057492315769,5.061554784476757
17,merge,orchestra,3,7.06409893065691,5.115000647008419
17,merge,orchestra,4,5.262719844579697,4.789780457317829
17,merge,orchestra,5,8.160382068753242,6.9292847587913275
17,merge,orchestra,6,7.209980733245612,5.912206519842148
17,merge,orchestra,7,7.165162506401539,6.6101597727835175
17,merge,orchestra,8,6.573679004758597,5.374407266378403
17,merge,orchestra,9,6.162366090416908,5.075844883918762
17,merge,orchestra,10,6.276013106405735,5.544816743731499
17,merge,orchestra,11,7.287894371449947,6.531197778135539
17,merge,orchestra,12,6.573943641334772,5.355343434363603
17,merge,orchestra,13,6.828073783814908,5.872849655300379
17,merge,orchestra,14,7.131712356507778,6.415571653842926
17,merge,orchestra,15,6.766965406090021,5.65373090237379
17,merge,persistence,0,3.8704586505889886,5.063698884695769
17,merge,persistence,1,3.8704586505889886,5.44018901243806
17,merge,persistence,2,3.8704586505889886,5.061554784476757
17,merge,persistence,3,3.8704586505889886,5.115000647008419
17,merge,persistence,4,3.8704586505889886,4.789780457317829
17,merge,persistence,5,3.8704586505889886,6.9292847587913275
17,merge,persistence,6,3.8704586505889886,5.912206519842148
17,merge,persistence,7,3.8704586505889886,6.6101597727835175
17,merge,persistence,8,3.8704586505889886,5.374407266378403
17,merge,persistence,9,3.8704586505889886,5.075844883918762
17,merge,persistence,10,3.8704586505889886,5.544816743731499
17,merge,persistence,11,3.8704586505889886,6.531197778135539
17,merge,persistence,12,3.8704586505889886,5.355343434363603
17,merge,persistence,13,3.8704586505889886,5.872849655300379
17,merge,persistence,14,3.8704586505889886,6.415571653842926
17,merge,persistence,15,3.8704586505889886,5.65373090237379
17,merge,constant_velocity,0,4.670458650588989,5.063698884695769
17,merge,constant_velocity,1,4.670458650588989,5.44018901243806
17,merge,constant_velocity,2,4.670458650588989,5.061554784476757
17,merge,constant_velocity,3,4.670458650588989,5.115000647008419
17,merge,constant_velocity,4,4.670458650588989,4.789780457317829
17,merge,constant_velocity,5,4.670458650588989,6.9292847587913275
17,merge,constant_velocity,6,4.670458650588989,5.912206519842148
17,merge,constant_velocity,7,4.670458650588989,6.6101597727835175
17,merge,constant_velocity,8,4.670458650588989,5.374407266378403
17,merge,constant_velocity,9,4.670458650588989,5.075844883918762
17,merge,constant_velocity,10,4.670458650588989,5.544816743731499
17,merge,constant_velocity,11,4.670458650588989,6.531197778135539
17,merge,constant_velocity,12,4.670458650588989,5.355343434363603
17,merge,constant_velocity,13,4.670458650588989,5.872849655300379
17,merge,constant_velocity,14,4.670458650588989,6.415571653842926
17,merge,constant_velocity,15,4.670458650588989,5.65373090237379
17,merge,oracle,0,5.063698884695769,5.063698884695769
17,merge,oracle,1,5.44018901243806,5.44018901243806
17,merge,oracle,2,5.061554784476757,5.061554784476757
17,merge,oracle,3,5.115000647008419,5.115000647008419
17,merge,oracle,4,4.789780457317829,4.789780457317829
17,merge,oracle,5,6.9292847587913275,6.9292847587913275
17,merge,oracle,6,5.912206519842148,5.912206519842148
17,merge,oracle,7,6.6101597727835175,6.6101597727835175
17,merge,oracle,8,5.374407266378403,5.374407266378403
17,merge,oracle,9,5.075844883918762,5.075844883918762
17,merge,oracle,10,5.544816743731499,5.544816743731499
17,merge,oracle,11,6.531197778135539,6.531197778135539
17,merge,oracle,12,5.355343434363603,5.355343434363603
17,merge,oracle,13,5.872849655300379,5.872849655300379
17,merge,oracle,14,6.415571653842926,6.415571653842926
17,merge,oracle,15,5.65373090237379,5.65373090237379
29,intersection,independent,0,7.415430189073086,3.7385100039839743
29,intersection,independent,1,7.418062397837639,2.709899325966835
29,intersection,independent,2,7.413046601116657,3.6776107969880103
29,intersection,independent,3,7.415309962928295,2.3463676752150056
29,intersection,independent,4,7.404944581091405,2.8209133240580564
29,intersection,independent,5,7.426936057507993,3.230456378757953
29,intersection,independent,6,7.4120057573914515,2.944601563513279
29,intersection,independent,7,7.422754595875739,3.8611710226535796
29,intersection,independent,8,7.413615036904812,3.5161274701356886
29,intersection,independent,9,7.419437310099601,2.863178368508816
29,intersection,independent,10,7.417103888988494,4.129833771437406
29,intersection,independent,11,7.409476787745952,2.112891647517681
29,intersection,independent,12,7.422007784545422,2.4421087561547754
29,intersection,independent,13,7.420856786370277,2.4696051141619684
29,intersection,independent,14,7.416566523313522,2.412723996043205
29,intersection,independent,15,7.416769461333752,4.1555310946702955
29,intersection,no_actions,0,6.005324710160494,3.7385100039839743
29,intersection,no_actions,1,6.005324710160494,2.709899325966835
29,intersection,no_actions,2,6.005324710160494,3.6776107969880103
29,intersection,no_actions,3,6.005324710160494,2.3463676752150056
29,intersection,no_actions,4,6.005324710160494,2.8209133240580564
29,intersection,no_actions,5,6.005324710160494,3.230456378757953
29,intersection,no_actions,6,6.005324710160494,2.944601563513279
29,intersection,no_actions,7,6.005324710160494,3.8611710226535796
29,intersection,no_actions,8,6.005324710160494,3.5161274701356886
29,intersection,no_actions,9,6.005324710160494,2.863178368508816
29,intersection,no_actions,10,6.005324710160494,4.129833771437406
29,intersection,no_actions,11,6.005324710160494,2.112891647517681
29,intersection,no_actions,12,6.005324710160494,2.4421087561547754
29,intersection,no_actions,13,6.005324710160494,2.4696051141619684
29,intersection,no_actions,14,6.005324710160494,2.412723996043205
29,intersection,no_actions,15,6.005324710160494,4.1555310946702955
29,intersection,privileged,0,4.636142067164183,3.7385100039839743
29,intersection,privileged,1,5.019577210545539,2.709899325966835
29,intersection,privileged,2,4.5771873125433915,3.6776107969880103
29,intersection,privileged,3,5.14569741204381,2.3463676752150056
29,intersection,privileged,4,4.2702008943259715,2.8209133240580564
29,intersection,privileged,5,6.16532137721777,3.230456378757953
29,intersection,privileged,6,4.827638491094113,2.944601563513279
29,intersection,privileged,7,5.493246882110834,3.8611710226535796
29,intersection,privileged,8,5.0942347386479385,3.5161274701356886
29,intersection,privileged,9,5.413317583203316,2.863178368508816
29,intersection,privileged,10,5.304653975665569,4.129833771437406
29,intersection,privileged,11,4.52435582190752,2.112891647517681
29,intersection,privileged,12,5.448346674442291,2.4421087561547754
29,intersection,privileged,13,5.626851420253515,2.4696051141619684
29,intersection,privileged,14,4.976770899891854,2.412723996043205
29,intersection,privileged,15,5.22631744787097,4.1555310946702955
29,intersection,memoryless,0,7.2067366252839555,3.7385100039839743
29,intersection,memoryless,1,7.968096156418323,2.709899325966835
29,intersection,memoryless,2,7.071382471323013,3.6776107969880103
29,intersection,memoryless,3,8.141282942295076,2.3463676752150056
29,intersection,memoryless,4,6.660535525530577,2.8209133240580564
29,intersection,memoryless,5,10.25419944256544,3.230456378757953
29,intersection,memoryless,6,7.48588922843337,2.944601563513279
29,intersection,memoryless,7,8.949840188324451,3.8611710226535796
29,intersection,memoryless,8,7.740555886626243,3.5161274701356886
29,intersection,memoryless,9,8.800192832499743,2.863178368508816
29,intersection,memoryless,10,8.260808150917292,4.129833771437406
29,intersection,memoryless,11,7.113211942017077,2.112891647517681
29,intersection,memoryless,12,8.780168431401254,2.4421087561547754
29,intersection,memoryless,13,9.016975237131119,2.4696051141619684
29,intersection,memoryless,14,8.084486282616854,2.412723996043205
29,intersection,memoryless,15,8.288750667721033,4.1555310946702955
29,intersection,orchestra,0,6.32581389784813,3.7385100039839743
29,intersection,orchestra,1,6.752883772552013,2.709899325966835
29,intersection,orchestra,2,6.1512908908724775,3.6776107969880103
29,intersection,orchestra,3,6.604175516068936,2.3463676752150056
29,intersection,orchestra,4,5.535273665040731,2.8209133240580564
29,intersection,orchestra,5,7.713973123431207,3.230456378757953
29,intersection,orchestra,6,6.207875126302241,2.944601563513279
29,intersection,orchestra,7,7.20658026278019,3.8611710226535796
29,intersection,orchestra,8,6.525963036417961,3.5161274701356886
29,intersection,orchestra,9,6.921899686455726,2.863178368508816
29,intersection,orchestra,10,6.84104869633913,4.129833771437406
29,intersection,orchestra,11,5.9052023635804645,2.112891647517681
29,intersection,orchestra,12,7.100719599127769,2.4421087561547754
29,intersection,orchestra,13,7.177436016499996,2.4696051141619684
29,intersection,orchestra,14,6.552548535317182,2.412723996043205
29,intersection,orchestra,15,6.746768304407597,4.1555310946702955
29,intersection,persistence,0,2.2735195755958557,3.7385100039839743
29,intersection,persistence,1,2.2735195755958557,2.709899325966835
29,intersection,persistence,2,2.2735195755958557,3.6776107969880103
29,intersection,persistence,3,2.2735195755958557,2.3463676752150056
29,intersection,persistence,4,2.2735195755958557,2.8209133240580564
29,intersection,persistence,5,2.2735195755958557,3.230456378757953
29,intersection,persistence,6,2.2735195755958557,2.944601563513279
29,intersection,persistence,7,2.2735195755958557,3.8611710226535796
29,intersection,persistence,8,2.2735195755958557,3.5161274701356886
29,intersection,persistence,9,2.2735195755958557,2.863178368508816
29,intersection,persistence,10,2.2735195755958557,4.129833771437406
29,intersection,persistence,11,2.2735195755958557,2.112891647517681
29,intersection,persistence,12,2.2735195755958557,2.4421087561547754
29,intersection,persistence,13,2.2735195755958557,2.4696051141619684
29,intersection,persistence,14,2.2735195755958557,2.412723996043205
29,intersection,persistence,15,2.2735195755958557,4.1555310946702955
29,intersection,constant_velocity,0,6.273519575595856,3.7385100039839743
29,intersection,constant_velocity,1,6.273519575595856,2.709899325966835
29,intersection,constant_velocity,2,6.273519575595856,3.6776107969880103
29,intersection,constant_velocity,3,6.273519575595856,2.3463676752150056
29,intersection,constant_velocity,4,6.273519575595856,2.8209133240580564
29,intersection,constant_velocity,5,6.273519575595856,3.230456378757953
29,intersection,constant_velocity,6,6.273519575595856,2.944601563513279
29,intersection,constant_velocity,7,6.273519575595856,3.8611710226535796
29,intersection,constant_velocity,8,6.273519575595856,3.5161274701356886
29,intersection,constant_velocity,9,6.273519575595856,2.863178368508816
29,intersection,constant_velocity,10,6.273519575595856,4.129833771437406
29,intersection,constant_velocity,11,6.273519575595856,2.112891647517681
29,intersection,constant_velocity,12,6.273519575595856,2.4421087561547754
29,intersection,constant_velocity,13,6.273519575595856,2.4696051141619684
29,intersection,constant_velocity,14,6.273519575595856,2.412723996043205
29,intersection,constant_velocity,15,6.273519575595856,4.1555310946702955
29,intersection,oracle,0,3.7385100039839743,3.7385100039839743
29,intersection,oracle,1,2.709899325966835,2.709899325966835
29,intersection,oracle,2,3.6776107969880103,3.6776107969880103
29,intersection,oracle,3,2.3463676752150056,2.3463676752150056
29,intersection,oracle,4,2.8209133240580564,2.8209133240580564
29,intersection,oracle,5,3.230456378757953,3.230456378757953
29,intersection,oracle,6,2.944601563513279,2.944601563513279
29,intersection,oracle,7,3.8611710226535796,3.8611710226535796
29,intersection,oracle,8,3.5161274701356886,3.5161274701356886
29,intersection,oracle,9,2.863178368508816,2.863178368508816
29,intersection,oracle,10,4.129833771437406,4.129833771437406
29,intersection,oracle,11,2.112891647517681,2.112891647517681
29,intersection,oracle,12,2.4421087561547754,2.4421087561547754
29,intersection,oracle,13,2.4696051141619684,2.4696051141619684
29,intersection,oracle,14,2.412723996043205,2.412723996043205
29,intersection,oracle,15,4.1555310946702955,4.1555310946702955
29,merge,independent,0,7.426419496536255,6.533213918954135
29,merge,independent,1,7.429085901081562,4.293545160889626
29,merge,independent,2,7.424004395604134,3.9138908490538604
29,merge,independent,3,7.426323404610157,4.745661249160767
29,merge,independent,4,7.415830123722553,7.12958120137453
29,merge,independent,5,7.437981286644935,5.678753049671649
29,merge,independent,6,7.4230039817094795,4.193576222732663
29,merge,independent,7,7.433740635812283,4.582175953090191
29,merge,independent,8,7.424589825570584,6.434732637107372
29,merge,independent,9,7.430365080237388,5.094230208098888
29,merge,independent,10,7.428056431114673,4.020093211531639
29,merge,independent,11,7.4202945888042455,3.3391112828254697
29,merge,independent,12,7.433014440238476,5.960121095478534
29,merge,independent,13,7.431981108784675,4.809091444909573
29,merge,independent,14,7.427551619410515,4.5508846136927605
29,merge,independent,15,7.427674765586852,4.57711382061243
29,merge,no_actions,0,4.269217832237482,6.533213918954135
29,merge,no_actions,1,4.269217832237482,4.293545160889626
29,merge,no_actions,2,4.269217832237482,3.9138908490538604
29,merge,no_actions,3,4.269217832237482,4.745661249160767
29,merge,no_actions,4,4.269217832237482,7.12958120137453
29,merge,no_actions,5,4.269217832237482,5.678753049671649
29,merge,no_actions,6,4.269217832237482,4.193576222732663
29,merge,no_actions,7,4.269217832237482,4.582175953090191
29,merge,no_actions,8,4.269217832237482,6.434732637107372
29,merge,no_actions,9,4.269217832237482,5.094230208098888
29,merge,no_actions,10,4.269217832237482,4.020093211531639
29,merge,no_actions,11,4.269217832237482,3.3391112828254697
29,merge,no_actions,12,4.269217832237482,5.960121095478534
29,merge,no_actions,13,4.269217832237482,4.809091444909573
29,merge,no_actions,14,4.269217832237482,4.5508846136927605
29,merge,no_actions,15,4.269217832237482,4.57711382061243
29,merge,privileged,0,4.539479963779449,6.533213918954135
29,merge,privileged,1,4.9058121368289,4.293545160889626
29,merge,privileged,2,4.476109769940376,3.9138908490538604
29,merge,privileged,3,5.059803492575884,4.745661249160767
29,merge,privileged,4,4.152565039396286,7.12958120137453
29,merge,privileged,5,6.097834654450417,5.678753049671649
29,merge,privileged,6,4.739430505931377,4.193576222732663
29,merge,privileged,7,5.428261838555336,4.582175953090191
29,merge,privileged,8,5.0578061014413835,6.434732637107372
29,merge,privileged,9,5.3256071725487715,5.094230208098888
29,merge,privileged,10,5.239849861264228,4.020093211531639
29,merge,privileged,11,4.4054194401204585,3.3391112828254697
29,merge,privileged,12,5.373738134801387,5.960121095478534
29,merge,privileged,13,5.576724284291267,4.809091444909573
29,merge,privileged,14,4.861859461516142,4.5508846136927605
29,merge,privileged,15,5.137750608026981,4.57711382061243
29,merge,memoryless,0,4.060483966916799,6.533213918954135
29,merge,memoryless,1,4.536224686801433,4.293545160889626
29,merge,memoryless,2,4.0017719168961055,3.9138908490538604
29,merge,memoryless,3,4.856130074113607,4.745661249160767
29,merge,memoryless,4,3.8232331049442294,7.12958120137453
29,merge,memoryless,5,6.68255960777402,5.678753049671649
29,merge,memoryless,6,4.31615770637989,4.193576222732663
29,merge,memoryless,7,5.4408776211738585,4.582175953090191
29,merge,memoryless,8,4.540993614792824,6.434732637107372
29,merge,memoryless,9,5.389201922565698,5.094230208098888
29,merge,memoryless,10,4.886021145880223,4.020093211531639
29,merge,memoryless,11,4.094813986122609,3.3391112828254697
29,merge,memoryless,12,5.315259749740362,5.960121095478534
29,merge,memoryless,13,5.579826656430959,4.809091444909573
29,merge,memoryless,14,4.753421602994203,4.5508846136927605
29,merge,memoryless,15,4.926618779450655,4.57711382061243
29,merge,orchestra,0,6.023413306027651,6.533213918954135
29,merge,orchestra,1,6.707263194173574,4.293545160889626
29,merge,orchestra,2,5.808335537165403,3.9138908490538604
29,merge,orchestra,3,6.595525711625814,4.745661249160767
29,merge,orchestra,4,5.074358809739351,7.12958120137453
29,merge,orchestra,5,7.807350077927113,5.678753049671649
29,merge,orchestra,6,6.056960283368825,4.193576222732663
29,merge,orchestra,7,7.24939982816577,4.582175953090191
29,merge,orchestra,8,6.449858247935772,6.434732637107372
29,merge,orchestra,9,6.968351709097624,5.094230208098888
29,merge,orchestra,10,6.817595708221196,4.020093211531639
29,merge,orchestra,11,5.607071332782507,3.3391112828254697
29,merge,orchestra,12,7.100355398356914,5.960121095478534
29,merge,orchestra,13,7.219949882626533,4.809091444909573
29,merge,orchestra,14,6.535101103037595,4.5508846136927605
29,merge,orchestra,15,6.7439805975556375,4.57711382061243
29,merge,persistence,0,2.9168280601501464,6.533213918954135
29,merge,persistence,1,2.9168280601501464,4.293545160889626
29,merge,persistence,2,2.9168280601501464,3.9138908490538604
29,merge,persistence,3,2.9168280601501464,4.745661249160767
29,merge,persistence,4,2.9168280601501464,7.12958120137453
29,merge,persistence,5,2.9168280601501464,5.678753049671649
29,merge,persistence,6,2.9168280601501464,4.193576222732663
29,merge,persistence,7,2.9168280601501464,4.582175953090191
29,merge,persistence,8,2.9168280601501464,6.434732637107372
29,merge,persistence,9,2.9168280601501464,5.094230208098888
29,merge,persistence,10,2.9168280601501464,4.020093211531639
29,merge,persistence,11,2.9168280601501464,3.3391112828254697
29,merge,persistence,12,2.9168280601501464,5.960121095478534
29,merge,persistence,13,2.9168280601501464,4.809091444909573
29,merge,persistence,14,2.9168280601501464,4.5508846136927605
29,merge,persistence,15,2.9168280601501464,4.57711382061243
29,merge,constant_velocity,0,4.916828060150147,6.533213918954135
29,merge,constant_velocity,1,4.916828060150147,4.293545160889626
29,merge,constant_velocity,2,4.916828060150147,3.9138908490538604
29,merge,constant_velocity,3,4.916828060150147,4.745661249160767
29,merge,constant_velocity,4,4.916828060150147,7.12958120137453
29,merge,constant_velocity,5,4.916828060150147,5.678753049671649
29,merge,constant_velocity,6,4.916828060150147,4.193576222732663
29,merge,constant_velocity,7,4.916828060150147,4.582175953090191
29,merge,constant_velocity,8,4.916828060150147,6.434732637107372
29,merge,constant_velocity,9,4.916828060150147,5.094230208098888
29,merge,constant_velocity,10,4.916828060150147,4.020093211531639
29,merge,constant_velocity,11,4.916828060150147,3.3391112828254697
29,merge,constant_velocity,12,4.916828060150147,5.960121095478534
29,merge,constant_velocity,13,4.916828060150147,4.809091444909573
29,merge,constant_velocity,14,4.916828060150147,4.5508846136927605
29,merge,constant_velocity,15,4.916828060150147,4.57711382061243
29,merge,oracle,0,6.533213918954135,6.533213918954135
29,merge,oracle,1,4.293545160889626,4.293545160889626
29,merge,oracle,2,3.9138908490538604,3.9138908490538604
29,merge,oracle,3,4.745661249160767,4.745661249160767
29,merge,oracle,4,7.12958120137453,7.12958120137453
29,merge,oracle,5,5.678753049671649,5.678753049671649
29,merge,oracle,6,4.193576222732663,4.193576222732663
29,merge,oracle,7,4.582175953090191,4.582175953090191
29,merge,oracle,8,6.434732637107372,6.434732637107372
29,merge,oracle,9,5.094230208098888,5.094230208098888
29,merge,oracle,10,4.020093211531639,4.020093211531639
29,merge,oracle,11,3.3391112828254697,3.3391112828254697
29,merge,oracle,12,5.960121095478534,5.960121095478534
29,merge,oracle,13,4.809091444909573,4.809091444909573
29,merge,oracle,14,4.5508846136927605,4.5508846136927605
29,merge,oracle,15,4.57711382061243,4.57711382061243
43,intersection,independent,0,7.4006231158971785,3.5837928974628452
43,intersection,independent,1,7.403819898366929,3.7275533263385294
43,intersection,independent,2,7.397657600641251,3.583591224849224
43,intersection,independent,3,7.401169750392437,4.219208166003227
43,intersection,independent,4,7.389634045958518,3.049249811470508
43,intersection,independent,5,7.4126301252841955,5.466917275190354
43,intersection,independent,6,7.401716309189797,3.6241048943996432
43,intersection,independent,7,7.4009453484416,3.6617804723978042
43,intersection,independent,8,7.4045728278160095,4.526826043128967
43,intersection,independent,9,7.404057288467884,5.127956163883209
43,intersection,independent,10,7.407597277760506,4.365582860708237
43,intersection,independent,11,7.4094899183511735,5.339662044048309
43,intersection,independent,12,7.399172110557557,3.7443229416012764
43,intersection,independent,13,7.395725599527359,4.12534117847681
43,intersection,independent,14,7.394569320678712,3.279154827296734
43,intersection,independent,15,7.396699743568897,3.438633132576942
43,intersection,no_actions,0,5.994722306877375,3.5837928974628452
43,intersection,no_actions,1,5.994722306877375,3.7275533263385294
43,intersection,no_actions,2,5.994722306877375,3.583591224849224
43,intersection,no_actions,3,5.994722306877375,4.219208166003227
43,intersection,no_actions,4,5.994722306877375,3.049249811470508
43,intersection,no_actions,5,5.994722306877375,5.466917275190354
43,intersection,no_actions,6,5.994722306877375,3.6241048943996432
43,intersection,no_actions,7,5.994722306877375,3.6617804723978042
43,intersection,no_actions,8,5.994722306877375,4.526826043128967
43,intersection,no_actions,9,5.994722306877375,5.127956163883209
43,intersection,no_actions,10,5.994722306877375,4.365582860708237
43,intersection,no_actions,11,5.994722306877375,5.339662044048309
43,intersection,no_actions,12,5.994722306877375,3.7443229416012764
43,intersection,no_actions,13,5.994722306877375,4.12534117847681
43,intersection,no_actions,14,5.994722306877375,3.279154827296734
43,intersection,no_actions,15,5.994722306877375,3.438633132576942
43,intersection,privileged,0,4.392513945251704,3.5837928974628452
43,intersection,privileged,1,5.042866145521402,3.7275533263385294
43,intersection,privileged,2,4.197709135711194,3.583591224849224
43,intersection,privileged,3,5.040345563441515,4.219208166003227
43,intersection,privileged,4,3.994312102645636,3.049249811470508
43,intersection,privileged,5,5.9219369792938235,5.466917275190354
43,intersection,privileged,6,4.749231841415167,3.6241048943996432
43,intersection,privileged,7,4.7180421629548075,3.6617804723978042
43,intersection,privileged,8,5.338250729590655,4.526826043128967
43,intersection,privileged,9,5.06470748886466,5.127956163883209
43,intersection,privileged,10,5.58097173422575,4.365582860708237
43,intersection,privileged,11,5.622521988749504,5.339662044048309
43,intersection,privileged,12,4.706830213218927,3.7443229416012764
43,intersection,privileged,13,4.478092420846224,4.12534117847681
43,intersection,privileged,14,4.583840092718601,3.279154827296734
43,intersection,privileged,15,4.78549173951149,3.438633132576942
43,intersection,memoryless,0,7.243214702904224,3.5837928974628452
43,intersection,memoryless,1,8.159665147662164,3.7275533263385294
43,intersection,memoryless,2,7.041951272338629,3.583591224849224
43,intersection,memoryless,3,8.271104483455419,4.219208166003227
43,intersection,memoryless,4,6.6311945162713535,3.049249811470508
43,intersection,memoryless,5,10.476164778769014,5.466917275190354
43,intersection,memoryless,6,7.873477293998003,3.6241048943996432
43,intersection,memoryless,7,7.769770543128252,3.6617804723978042
43,intersection,memoryless,8,8.904612207114695,4.526826043128967
43,intersection,memoryless,9,8.612060157209633,5.127956163883209
43,intersection,memoryless,10,9.543892702758312,4.365582860708237
43,intersection,memoryless,11,9.73003965139389,5.339662044048309
43,intersection,memoryless,12,7.630321726202965,3.7443229416012764
43,intersection,memoryless,13,7.370046629607678,4.12534117847681
43,intersection,memoryless,14,7.319598411023616,3.279154827296734
43,intersection,memoryless,15,7.667411945909262,3.438633132576942
43,intersection,orchestra,0,6.271937442272902,3.5837928974628452
43,intersection,orchestra,1,6.837673045396805,3.7275533263385294
43,intersection,orchestra,2,5.982020483016967,3.583591224849224
43,intersection,orchestra,3,6.656301465332508,4.219208166003227
43,intersection,orchestra,4,5.419461959302426,3.049249811470508
43,intersection,orchestra,5,7.684565180242062,5.466917275190354
43,intersection,orchestra,6,6.478908177763223,3.6241048943996432
43,intersection,orchestra,7,6.532168096899986,3.6617804723978042
43,intersection,orchestra,8,7.024593150019646,4.526826043128967
43,intersection,orchestra,9,6.92175297409296,5.127956163883209
43,intersection,orchestra,10,7.360915637910367,4.365582860708237
43,intersection,orchestra,11,7.456546455919742,5.339662044048309
43,intersection,orchestra,12,6.385802501440049,3.7443229416012764
43,intersection,orchestra,13,6.0755131551623345,4.12534117847681
43,intersection,orchestra,14,6.100129928439856,3.279154827296734
43,intersection,orchestra,15,6.344293988496066,3.438633132576942
43,intersection,persistence,0,2.0944927096366883,3.5837928974628452
43,intersection,persistence,1,2.0944927096366883,3.7275533263385294
43,intersection,persistence,2,2.0944927096366883,3.583591224849224
43,intersection,persistence,3,2.0944927096366883,4.219208166003227
43,intersection,persistence,4,2.0944927096366883,3.049249811470508
43,intersection,persistence,5,2.0944927096366883,5.466917275190354
43,intersection,persistence,6,2.0944927096366883,3.6241048943996432
43,intersection,persistence,7,2.0944927096366883,3.6617804723978042
43,intersection,persistence,8,2.0944927096366883,4.526826043128967
43,intersection,persistence,9,2.0944927096366883,5.127956163883209
43,intersection,persistence,10,2.0944927096366883,4.365582860708237
43,intersection,persistence,11,2.0944927096366883,5.339662044048309
43,intersection,persistence,12,2.0944927096366883,3.7443229416012764
43,intersection,persistence,13,2.0944927096366883,4.12534117847681
43,intersection,persistence,14,2.0944927096366883,3.279154827296734
43,intersection,persistence,15,2.0944927096366883,3.438633132576942
43,intersection,constant_velocity,0,2.894492709636688,3.5837928974628452
43,intersection,constant_velocity,1,2.894492709636688,3.7275533263385294
43,intersection,constant_velocity,2,2.894492709636688,3.583591224849224
43,intersection,constant_velocity,3,2.894492709636688,4.219208166003227
43,intersection,constant_velocity,4,2.894492709636688,3.049249811470508
43,intersection,constant_velocity,5,2.894492709636688,5.466917275190354
43,intersection,constant_velocity,6,2.894492709636688,3.6241048943996432
43,intersection,constant_velocity,7,2.894492709636688,3.6617804723978042
43,intersection,constant_velocity,8,2.894492709636688,4.526826043128967
43,intersection,constant_velocity,9,2.894492709636688,5.127956163883209
43,intersection,constant_velocity,10,2.894492709636688,4.365582860708237
43,intersection,constant_velocity,11,2.894492709636688,5.339662044048309
43,intersection,constant_velocity,12,2.894492709636688,3.7443229416012764
43,intersection,constant_velocity,13,2.894492709636688,4.12534117847681
43,intersection,constant_velocity,14,2.894492709636688,3.279154827296734
43,intersection,constant_velocity,15,2.894492709636688,3.438633132576942
43,intersection,oracle,0,3.5837928974628452,3.5837928974628452
43,intersection,oracle,1,3.7275533263385294,3.7275533263385294
43,intersection,oracle,2,3.583591224849224,3.583591224849224
43,intersection,oracle,3,4.219208166003227,4.219208166003227
43,intersection,oracle,4,3.049249811470508,3.049249811470508
43,intersection,oracle,5,5.466917275190354,5.466917275190354
43,intersection,oracle,6,3.6241048943996432,3.6241048943996432
43,intersection,oracle,7,3.6617804723978042,3.6617804723978042
43,intersection,oracle,8,4.526826043128967,4.526826043128967
43,intersection,oracle,9,5.127956163883209,5.127956163883209
43,intersection,oracle,10,4.365582860708237,4.365582860708237
43,intersection,oracle,11,5.339662044048309,5.339662044048309
43,intersection,oracle,12,3.7443229416012764,3.7443229416012764
43,intersection,oracle,13,4.12534117847681,4.12534117847681
43,intersection,oracle,14,3.279154827296734,3.279154827296734
43,intersection,oracle,15,3.438633132576942,3.438633132576942
43,merge,independent,0,7.411831719577312,5.295094383656979
43,merge,independent,1,7.415074642896651,5.439297265857458
43,merge,independent,2,7.408823266327381,5.2948918551206585
43,merge,independent,3,7.412284035384656,5.562938936650753
43,merge,independent,4,7.400436927080154,5.294267871677875
43,merge,independent,5,7.424181849956512,6.025796210020781
43,merge,independent,6,7.412814741134643,5.5892554005980495
43,merge,independent,7,7.411958480775356,5.589457798302173
43,merge,independent,8,7.416011377871037,5.559913567006589
43,merge,independent,9,7.415491550564766,5.9606390209496025
43,merge,independent,10,7.418965820670127,5.904555789232255
43,merge,independent,11,7.421061165332794,5.960643088072539
43,merge,independent,12,7.410451294779778,5.439297265857458
43,merge,independent,13,7.406810074746609,5.415907517671585
43,merge,independent,14,7.405547342896462,5.438673163205385
43,merge,independent,15,7.407734322845935,5.294267871677875
43,merge,no_actions,0,4.550720471441746,5.295094383656979
43,merge,no_actions,1,4.550720471441746,5.439297265857458
43,merge,no_actions,2,4.550720471441746,5.2948918551206585
43,merge,no_actions,3,4.550720471441746,5.562938936650753
43,merge,no_actions,4,4.550720471441746,5.294267871677875
43,merge,no_actions,5,4.550720471441746,6.025796210020781
43,merge,no_actions,6,4.550720471441746,5.5892554005980495
43,merge,no_actions,7,4.550720471441746,5.589457798302173
43,merge,no_actions,8,4.550720471441746,5.559913567006589
43,merge,no_actions,9,4.550720471441746,5.9606390209496025
43,merge,no_actions,10,4.550720471441746,5.904555789232255
43,merge,no_actions,11,4.550720471441746,5.960643088072539
43,merge,no_actions,12,4.550720471441746,5.439297265857458
43,merge,no_actions,13,4.550720471441746,5.415907517671585
43,merge,no_actions,14,4.550720471441746,5.438673163205385
43,merge,no_actions,15,4.550720471441746,5.294267871677875
43,merge,privileged,0,4.669411326348782,5.295094383656979
43,merge,privileged,1,5.349826681166887,5.439297265857458
43,merge,privileged,2,4.4533859632909305,5.2948918551206585
43,merge,privileged,3,5.321979924589396,5.562938936650753
43,merge,privileged,4,4.1359642992913725,5.294267871677875
43,merge,privileged,5,6.2586471134424215,6.025796210020781
43,merge,privileged,6,4.992806345969438,5.5892554005980495
43,merge,privileged,7,5.052207482457161,5.589457798302173
43,merge,privileged,8,5.643777634352445,5.559913567006589
43,merge,privileged,9,5.4511630602180965,5.9606390209496025
43,merge,privileged,10,5.891471659243107,5.904555789232255
43,merge,privileged,11,5.973357053995133,5.960643088072539
43,merge,privileged,12,4.968372167497874,5.439297265857458
43,merge,privileged,13,4.771542175263166,5.415907517671585
43,merge,privileged,14,4.785173618346453,5.438673163205385
43,merge,privileged,15,5.041985077410937,5.294267871677875
43,merge,memoryless,0,4.10129315584898,5.295094383656979
43,merge,memoryless,1,4.835394748300314,5.439297265857458
43,merge,memoryless,2,4.0084592570364475,5.2948918551206585
43,merge,memoryless,3,5.118258238732816,5.562938936650753
43,merge,memoryless,4,3.811400021463633,5.294267871677875
43,merge,memoryless,5,7.117780979424715,6.025796210020781
43,merge,memoryless,6,4.761774970293046,5.5892554005980495
43,merge,memoryless,7,4.579607277065516,5.589457798302173
43,merge,memoryless,8,5.660627295672894,5.559913567006589
43,merge,memoryless,9,5.341156521588564,5.9606390209496025
43,merge,memoryless,10,6.218922841846943,5.904555789232255
43,merge,memoryless,11,6.356590564101934,5.960643088072539
43,merge,memoryless,12,4.449565472900868,5.439297265857458
43,merge,memoryless,13,4.3580639424920085,5.415907517671585
43,merge,memoryless,14,4.275686713010073,5.438673163205385
43,merge,memoryless,15,4.600561082363129,5.294267871677875
43,merge,orchestra,0,6.095540796518327,5.295094383656979
43,merge,orchestra,1,6.984036059677601,5.439297265857458
43,merge,orchestra,2,5.779846633374691,5.2948918551206585
43,merge,orchestra,3,6.792921740710735,5.562938936650753
43,merge,orchestra,4,5.069759054780006,5.294267871677875
43,merge,orchestra,5,7.942608533799649,6.025796210020781
43,merge,orchestra,6,6.454343777298927,5.5892554005980495
43,merge,orchestra,7,6.577563711553812,5.589457798302173
43,merge,orchestra,8,7.272462257891894,5.559913567006589
43,merge,orchestra,9,7.19964004099369,5.9606390209496025
43,merge,orchestra,10,7.583652357757091,5.904555789232255
43,merge,orchestra,11,7.731259470582009,5.960643088072539
43,merge,orchestra,12,6.350447570681572,5.439297265857458
43,merge,orchestra,13,6.096618294864893,5.415907517671585
43,merge,orchestra,14,5.9377116310596465,5.438673163205385
43,merge,orchestra,15,6.374977153092623,5.294267871677875
43,merge,persistence,0,2.8152100324630736,5.295094383656979
43,merge,persistence,1,2.8152100324630736,5.439297265857458
43,merge,persistence,2,2.8152100324630736,5.2948918551206585
43,merge,persistence,3,2.8152100324630736,5.562938936650753
43,merge,persistence,4,2.8152100324630736,5.294267871677875
43,merge,persistence,5,2.8152100324630736,6.025796210020781
43,merge,persistence,6,2.8152100324630736,5.5892554005980495
43,merge,persistence,7,2.8152100324630736,5.589457798302173
43,merge,persistence,8,2.8152100324630736,5.559913567006589
43,merge,persistence,9,2.8152100324630736,5.9606390209496025
43,merge,persistence,10,2.8152100324630736,5.904555789232255
43,merge,persistence,11,2.8152100324630736,5.960643088072539
43,merge,persistence,12,2.8152100324630736,5.439297265857458
43,merge,persistence,13,2.8152100324630736,5.415907517671585
43,merge,persistence,14,2.8152100324630736,5.438673163205385
43,merge,persistence,15,2.8152100324630736,5.294267871677875
43,merge,constant_velocity,0,3.8152100324630736,5.295094383656979
43,merge,constant_velocity,1,3.8152100324630736,5.439297265857458
43,merge,constant_velocity,2,3.8152100324630736,5.2948918551206585
43,merge,constant_velocity,3,3.8152100324630736,5.562938936650753
43,merge,constant_velocity,4,3.8152100324630736,5.294267871677875
43,merge,constant_velocity,5,3.8152100324630736,6.025796210020781
43,merge,constant_velocity,6,3.8152100324630736,5.5892554005980495
43,merge,constant_velocity,7,3.8152100324630736,5.589457798302173
43,merge,constant_velocity,8,3.8152100324630736,5.559913567006589
43,merge,constant_velocity,9,3.8152100324630736,5.9606390209496025
43,merge,constant_velocity,10,3.8152100324630736,5.904555789232255
43,merge,constant_velocity,11,3.8152100324630736,5.960643088072539
43,merge,constant_velocity,12,3.8152100324630736,5.439297265857458
43,merge,constant_velocity,13,3.8152100324630736,5.415907517671585
43,merge,constant_velocity,14,3.8152100324630736,5.438673163205385
43,merge,constant_velocity,15,3.8152100324630736,5.294267871677875
43,merge,oracle,0,5.295094383656979,5.295094383656979
43,merge,oracle,1,5.439297265857458,5.439297265857458
43,merge,oracle,2,5.2948918551206585,5.2948918551206585
43,merge,oracle,3,5.562938936650753,5.562938936650753
43,merge,oracle,4,5.294267871677875,5.294267871677875
43,merge,oracle,5,6.025796210020781,6.025796210020781
43,merge,oracle,6,5.5892554005980495,5.5892554005980495
43,merge,oracle,7,5.589457798302173,5.589457798302173
43,merge,oracle,8,5.559913567006589,5.559913567006589
43,merge,oracle,9,5.9606390209496025,5.9606390209496025
43,merge,oracle,10,5.904555789232255,5.904555789232255
43,merge,oracle,11,5.960643088072539,5.960643088072539
43,merge,oracle,12,5.439297265857458,5.439297265857458
43,merge,oracle,13,5.415907517671585,5.415907517671585
43,merge,oracle,14,5.438673163205385,5.438673163205385
43,merge,oracle,15,5.294267871677875,5.294267871677875
