seed,scenario,model,horizon,position_error,speed_error,world_error,lane_error,queue_error,collision_proxy_error
17,intersection,independent,1,0.4376811981201172,0.5251827239990234,0.0003395624808035791,0.06780265271663666,0.08602386713027954,0.01742200180888176
17,intersection,independent,2,0.6534325480461121,1.038196325302124,0.0011214632540941238,0.06780265271663666,0.08602386713027954,0.01696004346013069
17,intersection,independent,5,2.8210015296936035,2.11669659614563,0.004085739143192768,0.06780265271663666,0.14135701954364777,0.016429003328084946
17,intersection,independent,10,6.532132625579834,2.3991596698760986,0.007203802466392517,0.06780265271663666,0.08405661582946777,0.015977730974555016
17,intersection,independent,20,12.749387741088867,2.4198496341705322,0.01421809010207653,0.06780265271663666,0.073855921626091,0.015543773770332336
17,intersection,independent,40,22.57773208618164,1.8727786540985107,0.02230016700923443,0.06780265271663666,0.07256622612476349,0.015218637883663177
17,intersection,no_actions,1,0.4346688687801361,0.5379185676574707,0.0003418066189624369,0.0062214694917202,0.1117122694849968,0.016056092455983162
17,intersection,no_actions,2,0.6259938478469849,1.0123378038406372,0.0010799748124554753,0.002254124730825424,0.11251454055309296,0.01423160545527935
17,intersection,no_actions,5,2.610130786895752,1.8983871936798096,0.0034037777222692966,0.008261166512966156,0.11498890817165375,0.013250013813376427
17,intersection,no_actions,10,5.846645832061768,2.215207099914551,0.006684213876724243,0.05729803442955017,0.09414616227149963,0.012279655784368515
17,intersection,no_actions,20,13.430328369140625,3.2984726428985596,0.017589667811989784,0.13992485404014587,0.08128787577152252,0.011404452845454216
17,intersection,no_actions,40,43.26409149169922,4.80652379989624,0.09200141578912735,0.17157812416553497,0.08367570489645004,0.010717674158513546
17,intersection,privileged,1,0.15354016423225403,0.7061625719070435,0.0006339360843412578,0.023499149829149246,0.10643555968999863,0.01424506027251482
17,intersection,privileged,2,0.6066461801528931,1.2586288452148438,0.0019440778996795416,0.04054013267159462,0.10500119626522064,0.013083635829389095
17,intersection,privileged,5,3.1469902992248535,2.2945802211761475,0.005203035660088062,0.10994952917098999,0.06687141954898834,0.0138277942314744
17,intersection,privileged,10,9.239975929260254,3.2009971141815186,0.011503655463457108,0.17018766701221466,0.09689973294734955,0.012893683277070522
17,intersection,privileged,20,21.562564849853516,3.884856700897217,0.028397509828209877,0.16916562616825104,0.1626701056957245,0.013583346270024776
17,intersection,privileged,40,42.087913513183594,2.6603283882141113,0.06300515681505203,0.05374233052134514,0.12414087355136871,0.012198212556540966
17,intersection,memoryless,1,0.4571607708930969,0.661898136138916,0.0005098102847114205,0.005103792995214462,0.10413940250873566,0.01906055025756359
17,intersection,memoryless,2,0.5668194890022278,1.0269498825073242,0.0014552063075825572,0.00635785236954689,0.10317355394363403,0.01651875115931034
17,intersection,memoryless,5,2.550161838531494,1.5673339366912842,0.003939500078558922,0.012346211820840836,0.048198964446783066,0.01527397334575653
17,intersection,memoryless,10,6.127780914306641,2.232163429260254,0.012039882130920887,0.05069630965590477,0.09897850453853607,0.01280894037336111
17,intersection,memoryless,20,19.174762725830078,4.208329200744629,0.05461658537387848,0.15102963149547577,0.1713358759880066,0.012136099860072136
17,intersection,memoryless,40,60.973045349121094,5.8269243240356445,0.24662460386753082,0.6810991764068604,0.12487617880105972,0.010653707198798656
17,intersection,orchestra,1,0.43210524320602417,0.5943466424942017,0.00039714438025839627,0.02757883444428444,0.10763590037822723,0.01571587100625038
17,intersection,orchestra,2,0.6230744123458862,1.0345457792282104,0.0011529853800311685,0.020019840449094772,0.10649602860212326,0.014916726388037205
17,intersection,orchestra,5,2.2792181968688965,1.9733736515045166,0.005208311602473259,0.012678742408752441,0.07869285345077515,0.015960799530148506
17,intersection,orchestra,10,7.248227119445801,2.698434829711914,0.010336284525692463,0.006957240402698517,0.0968872606754303,0.014339644461870193
17,intersection,orchestra,20,20.30830192565918,2.2555930614471436,0.021976299583911896,0.09911265969276428,0.09879252314567566,0.014422133564949036
17,intersection,orchestra,40,36.319297790527344,2.0497066974639893,0.06946071982383728,0.1626112461090088,0.056223563849925995,0.012411033734679222
17,intersection,persistence,1,1.8573678731918335,0.527729868888855,0.000414701527915895,0.0,0.10000000149011612,
17,intersection,persistence,2,3.480619430541992,1.0369833707809448,0.0013963590608909726,0.0,0.10000000149011612,
17,intersection,persistence,5,9.387578964233398,2.0653929710388184,0.005824710708111525,0.0,0.02500000037252903,
17,intersection,persistence,10,20.13870620727539,2.3608932495117188,0.014565007761120796,0.0,0.10000000149011612,
17,intersection,persistence,20,36.84617614746094,2.5523998737335205,0.03676806390285492,0.0,0.17500001192092896,
17,intersection,persistence,40,49.586891174316406,2.217890739440918,0.04998345300555229,0.05000000447034836,0.125,
17,intersection,constant_velocity,1,0.4292202591896057,0.527729868888855,0.00034220327506773174,0.0,0.10000000149011612,
17,intersection,constant_velocity,2,0.6342905759811401,1.0369833707809448,0.0011211744276806712,0.0,0.10000000149011612,
17,intersection,constant_velocity,5,2.724069833755493,2.0653929710388184,0.003873210633173585,0.0,0.02500000037252903,
17,intersection,constant_velocity,10,6.156710147857666,2.3608932495117188,0.0068442742340266705,0.0,0.10000000149011612,
17,intersection,constant_velocity,20,13.072070121765137,2.5523998737335205,0.0136928241699934,0.0,0.17500001192092896,
17,intersection,constant_velocity,40,29.61685562133789,2.217890739440918,0.023103652521967888,0.05000000447034836,0.125,
17,merge,independent,1,0.45354151725769043,0.6702508330345154,0.0004012164718005806,0.14721693098545074,0.062327027320861816,0.017315689474344254
17,merge,independent,2,0.7232060432434082,1.1681792736053467,0.0011512883938848972,0.14721693098545074,0.11232702434062958,0.016892869025468826
17,merge,independent,5,2.9652960300445557,1.9559437036514282,0.006679087411612272,0.14721693098545074,0.10154032707214355,0.01638275384902954
17,merge,independent,10,6.125387191772461,1.7895549535751343,0.014697275124490261,0.14721693098545074,0.051540326327085495,0.01594218797981739
17,merge,independent,20,9.1424560546875,0.9677550196647644,0.020429445430636406,0.09721693396568298,0.11232703179121017,0.015520629473030567
17,merge,independent,40,20.804412841796875,1.650844693183899,0.046957142651081085,0.09721693396568298,0.11232703179121017,0.015207082033157349
17,merge,no_actions,1,0.4437333047389984,0.665077269077301,0.00039561782614327967,0.015415146946907043,0.08981882780790329,0.012874851934611797
17,merge,no_actions,2,0.7126845121383667,1.1614162921905518,0.0011403904063627124,0.010647028684616089,0.12648555636405945,0.011930900625884533
17,merge,no_actions,5,2.868198871612549,1.9233953952789307,0.006525232922285795,0.003829658031463623,0.10560521483421326,0.011384900659322739
17,merge,no_actions,10,5.8900346755981445,1.5776537656784058,0.01443577278405428,0.0847974568605423,0.05613776668906212,0.010731702670454979
17,merge,no_actions,20,9.559127807617188,1.6384645700454712,0.02319876290857792,0.20521977543830872,0.14695331454277039,0.010168585926294327
17,merge,no_actions,40,40.551170349121094,4.500603199005127,0.07299495488405228,0.3870704174041748,0.22902074456214905,0.009835267439484596
17,merge,privileged,1,0.15838029980659485,0.7616138458251953,0.0005312914727255702,0.01826035976409912,0.09261643141508102,0.01412875484675169
17,merge,privileged,2,0.599999725818634,1.3056442737579346,0.0016013557324185967,0.05290666222572327,0.1627187430858612,0.012647569179534912
17,merge,privileged,5,2.907125234603882,1.842620611190796,0.006776616908609867,0.1382465958595276,0.10417051613330841,0.01343472208827734
17,merge,privileged,10,8.555822372436523,3.0814313888549805,0.02219914086163044,0.1869926154613495,0.09629352390766144,0.012587817385792732
17,merge,privileged,20,20.66269874572754,2.8225135803222656,0.04738770052790642,0.1944621354341507,0.28427624702453613,0.013434275984764099
17,merge,privileged,40,52.300411224365234,3.179060935974121,0.15291719138622284,0.08467301726341248,0.29893577098846436,0.012105314061045647
17,merge,memoryless,1,0.6581189632415771,0.8589235544204712,0.0007361479802057147,0.02266240119934082,0.10871284455060959,0.009860950522124767
17,merge,memoryless,2,0.7837499380111694,1.3702449798583984,0.0018435341771692038,0.056323498487472534,0.20371264219284058,0.009161192923784256
17,merge,memoryless,5,3.7989776134490967,1.8786884546279907,0.0070854127407073975,0.14872804284095764,0.1512669324874878,0.008955875411629677
17,merge,memoryless,10,7.726932525634766,1.343649983406067,0.01511977519840002,0.31213733553886414,0.12561459839344025,0.008036102168262005
17,merge,memoryless,20,17.144145965576172,2.208338499069214,0.029190048575401306,0.6240879893302917,0.2936801314353943,0.00800012331455946
17,merge,memoryless,40,44.667396545410156,3.509152412414551,0.07478580623865128,1.3712457418441772,0.29966869950294495,0.007858232595026493
17,merge,orchestra,1,0.47390833497047424,0.6921250820159912,0.0004170706670265645,0.03126710653305054,0.1205495297908783,0.01327526941895485
17,merge,orchestra,2,0.7627421617507935,1.0739679336547852,0.0010112363379448652,0.029814183712005615,0.18577620387077332,0.013087275438010693
17,merge,orchestra,5,2.4537062644958496,1.358569622039795,0.0050402553752064705,0.00835070013999939,0.10271898657083511,0.014550290070474148
17,merge,orchestra,10,4.340295791625977,2.2281429767608643,0.01679561659693718,0.0038433074951171875,0.07015712559223175,0.012787880375981331
17,merge,orchestra,20,14.004566192626953,2.152496814727783,0.026535071432590485,0.0742122083902359,0.23343385756015778,0.013268818147480488
17,merge,orchestra,40,38.75776672363281,1.892587661743164,0.060103919357061386,0.2781587541103363,0.23950828611850739,0.011278015561401844
17,merge,persistence,1,1.5093575716018677,0.6790639162063599,0.0004557895881589502,0.0,0.25,
17,merge,persistence,2,2.7261648178100586,1.1819037199020386,0.0013492063153535128,0.0,0.30000001192092896,
17,merge,persistence,5,6.838889122009277,1.9541471004486084,0.0077216592617332935,0.0,0.20000000298023224,
17,merge,persistence,10,14.569793701171875,1.683178186416626,0.01880885288119316,0.0,0.15000000596046448,
17,merge,persistence,20,25.23982048034668,1.0369246006011963,0.030255291610956192,0.04999999701976776,0.30000001192092896,
17,merge,persistence,40,48.504085540771484,2.081477165222168,0.07211275398731232,0.04999999701976776,0.30000001192092896,
17,merge,constant_velocity,1,0.4509473443031311,0.6790639162063599,0.0004095926124136895,0.0,0.25,
17,merge,constant_velocity,2,0.7222650647163391,1.1819037199020386,0.0011760013876482844,0.0,0.30000001192092896,
17,merge,constant_velocity,5,2.942340135574341,1.9541471004486084,0.00661938451230526,0.0,0.20000000298023224,
17,merge,constant_velocity,10,6.145960330963135,1.683178186416626,0.014531831257045269,0.0,0.15000000596046448,
17,merge,constant_velocity,20,9.505029678344727,1.0369246006011963,0.02068193256855011,0.04999999701976776,0.30000001192092896,
17,merge,constant_velocity,40,25.19318199157715,2.081477165222168,0.043432969599962234,0.04999999701976776,0.30000001192092896,
29,intersection,independent,1,0.39102375507354736,0.4471572935581207,0.00031265191501006484,0.06736115366220474,0.12694519758224487,0.017413659021258354
29,intersection,independent,2,0.6585906147956848,0.994423508644104,0.0009898265125229955,0.06736115366220474,0.12694519758224487,0.016992144286632538
29,intersection,independent,5,2.837822198867798,2.1789698600769043,0.004641455132514238,0.06736115366220474,0.14182038605213165,0.01647729054093361
29,intersection,independent,10,9.299213409423828,3.529430866241455,0.014265613630414009,0.06736115366220474,0.11176416277885437,0.016026390716433525
29,intersection,independent,20,17.391033172607422,2.1858344078063965,0.013344678096473217,0.06736115366220474,0.03823584318161011,0.015581394545733929
29,intersection,independent,40,34.607879638671875,2.2856006622314453,0.04529699310660362,0.06736115366220474,0.07235708087682724,0.015247407369315624
29,intersection,no_actions,1,0.4365481436252594,0.45125627517700195,0.0002998261188622564,0.006975088268518448,0.11446519196033478,0.015440288931131363
29,intersection,no_actions,2,0.7128979563713074,0.9743043184280396,0.000968773034401238,0.0026124492287635803,0.11460912972688675,0.01374447625130415
29,intersection,no_actions,5,2.9079513549804688,2.053776979446411,0.0042782071977853775,0.009337596595287323,0.1115812137722969,0.012830155901610851
29,intersection,no_actions,10,8.960989952087402,3.592186450958252,0.015442886389791965,0.05841020867228508,0.10752978920936584,0.011930531822144985
29,intersection,no_actions,20,19.252376556396484,3.0532307624816895,0.022935986518859863,0.1416689157485962,0.0838361456990242,0.011138475500047207
29,intersection,no_actions,40,57.05147933959961,4.930419921875,0.12832993268966675,0.17208485305309296,0.08754827082157135,0.010539509356021881
29,intersection,privileged,1,0.11774736642837524,0.5084182024002075,0.0002749138220679015,0.015203040093183517,0.10199742019176483,0.015427778474986553
29,intersection,privileged,2,0.45842915773391724,1.0159469842910767,0.0010190814500674605,0.029753249138593674,0.09772645682096481,0.014249945059418678
29,intersection,privileged,5,2.482747793197632,1.8635902404785156,0.0034420574083924294,0.0941649079322815,0.061457499861717224,0.01423061452805996
29,intersection,privileged,10,7.46422815322876,3.0568699836730957,0.010450417175889015,0.15447168052196503,0.0784803032875061,0.014825436286628246
29,intersection,privileged,20,22.305030822753906,3.353647232055664,0.025181883946061134,0.14279738068580627,0.16053220629692078,0.013908077031373978
29,intersection,privileged,40,58.89204406738281,4.866052627563477,0.15254473686218262,0.054491396993398666,0.12417671829462051,0.01306767389178276
29,intersection,memoryless,1,3.6414527893066406,0.6717785596847534,0.03151021525263786,0.010950122028589249,0.10248693078756332,0.01923764869570732
29,intersection,memoryless,2,3.6196885108947754,1.062345027923584,0.03106812946498394,0.00841057300567627,0.09318354725837708,0.016343239694833755
29,intersection,memoryless,5,4.4175519943237305,1.7679758071899414,0.029801568016409874,0.018950246274471283,0.05122971162199974,0.014682615175843239
29,intersection,memoryless,10,9.717207908630371,3.5201892852783203,0.03999847173690796,0.06348925828933716,0.07708784937858582,0.013951757922768593
29,intersection,memoryless,20,25.80246353149414,3.626826524734497,0.07268878072500229,0.16650693118572235,0.17083683609962463,0.012253094464540482
29,intersection,memoryless,40,71.61099243164062,5.787703990936279,0.3045361042022705,0.5294175148010254,0.12491448223590851,0.010734038427472115
29,intersection,orchestra,1,0.5027405023574829,0.6030964851379395,0.000557746971026063,0.01694084331393242,0.10156653821468353,0.01624172367155552
29,intersection,orchestra,2,0.8339249491691589,1.0416793823242188,0.0016080643981695175,0.010544013231992722,0.10204174369573593,0.015903158113360405
29,intersection,orchestra,5,3.218683958053589,2.8494889736175537,0.009079989977180958,0.007860332727432251,0.0765170082449913,0.016010411083698273
29,intersection,orchestra,10,11.397584915161133,2.9624383449554443,0.0136176235973835,0.01627732440829277,0.09226888418197632,0.015581530518829823
29,intersection,orchestra,20,20.77837371826172,2.558472156524658,0.02330496720969677,0.11840220540761948,0.08650785684585571,0.013861335813999176
29,intersection,orchestra,40,36.98310089111328,2.437954902648926,0.06107714772224426,0.17700102925300598,0.07474909722805023,0.013063589110970497
29,intersection,persistence,1,5.575293064117432,0.7828521728515625,0.037419337779283524,0.0,0.05000000074505806,
29,intersection,persistence,2,7.343560218811035,1.3290610313415527,0.03850847855210304,0.0,0.05000000074505806,
29,intersection,persistence,5,13.096844673156738,2.4571692943573,0.04377378895878792,0.0,0.02500000037252903,
29,intersection,persistence,10,23.85953140258789,3.2214324474334717,0.05625784769654274,0.0,0.07500000298023224,
29,intersection,persistence,20,34.41254425048828,2.2791519165039062,0.0661766529083252,0.0,0.17499999701976776,
29,intersection,persistence,40,44.81120300292969,3.234121084213257,0.09324858337640762,0.05000000447034836,0.125,
29,intersection,constant_velocity,1,3.7601497173309326,0.7828521728515625,0.0373103953897953,0.0,0.05000000074505806,
29,intersection,constant_velocity,2,3.6444168090820312,1.3290610313415527,0.03808309882879257,0.0,0.05000000074505806,
29,intersection,constant_velocity,5,4.290750026702881,2.4571692943573,0.04116407409310341,0.0,0.02500000037252903,
29,intersection,constant_velocity,10,9.42007827758789,3.2214324474334717,0.04704369977116585,0.0,0.07500000298023224,
29,intersection,constant_velocity,20,18.309715270996094,2.2791519165039062,0.047487106174230576,0.0,0.17499999701976776,
29,intersection,constant_velocity,40,44.16896057128906,3.234121084213257,0.10024044662714005,0.05000000447034836,0.125,
29,merge,independent,1,0.3148486614227295,0.5258902907371521,0.0003299236122984439,0.14769664406776428,0.14347195625305176,0.017317747697234154
29,merge,independent,2,0.6791975498199463,0.9433426856994629,0.007155718747526407,0.14769664406776428,0.19347195327281952,0.016932787373661995
29,merge,independent,5,2.915432929992676,1.6780515909194946,0.010876985266804695,0.14769664406776428,0.14347195625305176,0.08356308937072754
29,merge,independent,10,8.844756126403809,2.8330931663513184,0.0322105772793293,0.14769664406776428,0.05652805045247078,0.015995439141988754
29,merge,independent,20,15.60322380065918,1.3331738710403442,0.04104197770357132,0.09769664704799652,0.16289646923542023,0.01556161604821682
29,merge,independent,40,22.315752029418945,1.773566722869873,0.04445898160338402,0.04769665002822876,0.06289646774530411,0.015239040367305279
29,merge,no_actions,1,0.3197038173675537,0.5255552530288696,0.00033026825985871255,0.018472924828529358,0.1423974633216858,0.012264324352145195
29,merge,no_actions,2,0.6914483308792114,0.9394389390945435,0.0070970249362289906,0.00855894386768341,0.1910853534936905,0.011362230405211449
29,merge,no_actions,5,2.91304349899292,1.629547119140625,0.010676983743906021,0.006525471806526184,0.1405518352985382,0.08909571170806885
29,merge,no_actions,10,8.679783821105957,2.8013741970062256,0.031709007918834686,0.08678668737411499,0.05861974135041237,0.01038950402289629
29,merge,no_actions,20,17.91236114501953,2.4712748527526855,0.04747500643134117,0.20529486238956451,0.20923969149589539,0.009951133280992508
29,merge,no_actions,40,46.71520233154297,3.884866952896118,0.07726085186004639,0.33566662669181824,0.1872359961271286,0.009683365933597088
29,merge,privileged,1,0.11961736530065536,0.5408275127410889,0.00035757498699240386,0.009027272462844849,0.14469295740127563,0.014185798354446888
29,merge,privileged,2,0.5306029319763184,0.9161276817321777,0.007324902806431055,0.042616456747055054,0.19463586807250977,0.012741764076054096
29,merge,privileged,5,2.690216302871704,1.2551370859146118,0.010182755067944527,0.12504762411117554,0.14556768536567688,0.08711199462413788
29,merge,privileged,10,7.286279201507568,2.1678831577301025,0.027548741549253464,0.17862629890441895,0.08222047984600067,0.013690530322492123
29,merge,privileged,20,21.20551872253418,2.693330764770508,0.046523090451955795,0.19358475506305695,0.33114054799079895,0.013135213404893875
29,merge,privileged,40,54.24406433105469,5.262807369232178,0.12463507801294327,0.020082011818885803,0.24917101860046387,0.012479824014008045
29,merge,memoryless,1,3.3529670238494873,0.8407716751098633,0.027336236089468002,0.00957953929901123,0.14568713307380676,0.009947092272341251
29,merge,memoryless,2,2.9995553493499756,1.1199201345443726,0.030867479741573334,0.0452994704246521,0.19593478739261627,0.009080183692276478
29,merge,memoryless,5,5.064091682434082,1.5866920948028564,0.02963160164654255,0.14762616157531738,0.14703983068466187,0.09136690199375153
29,merge,memoryless,10,10.001522064208984,2.6250343322753906,0.04485036060214043,0.28841981291770935,0.11167497932910919,0.00847075879573822
29,merge,memoryless,20,25.307815551757812,2.661526679992676,0.06941603124141693,0.5485661029815674,0.34173357486724854,0.008078929968178272
29,merge,memoryless,40,58.918182373046875,3.287280321121216,0.11456479877233505,1.0339202880859375,0.24979206919670105,0.007901445031166077
29,merge,orchestra,1,0.38818487524986267,0.6046152710914612,0.0003893570974469185,0.015576303005218506,0.14273881912231445,0.01401145476847887
29,merge,orchestra,2,0.8012375831604004,0.9480039477348328,0.007039057090878487,0.01705002784729004,0.19267767667770386,0.014192980714142323
29,merge,orchestra,5,2.7932968139648438,1.8618505001068115,0.010824322700500488,0.0029412955045700073,0.1426415741443634,0.08542999625205994
29,merge,orchestra,10,8.826455116271973,2.992990732192993,0.03160196170210838,0.021631374955177307,0.05725976079702377,0.014397860504686832
29,merge,orchestra,20,17.69688606262207,1.7272701263427734,0.03885919973254204,0.11604060232639313,0.2684634327888489,0.012694429606199265
29,merge,orchestra,40,36.15226364135742,2.3029956817626953,0.04967029392719269,0.30158019065856934,0.20550858974456787,0.012007204815745354
29,merge,persistence,1,5.4696574211120605,0.896411120891571,0.03762272745370865,0.0,0.15000000596046448,
29,merge,persistence,2,6.740427494049072,1.3057775497436523,0.04467646777629852,0.0,0.20000000298023224,
29,merge,persistence,5,10.846006393432617,2.003345012664795,0.04939945042133331,0.0,0.15000000596046448,
29,merge,persistence,10,19.24405288696289,2.757364511489868,0.06555537134408951,0.0,0.15000000596046448,
29,merge,persistence,20,24.77812957763672,1.476305365562439,0.07536011189222336,0.04999999701976776,0.3500000238418579,
29,merge,persistence,40,40.661590576171875,2.401639699935913,0.10378667712211609,0.09999999403953552,0.25,
29,merge,constant_velocity,1,4.198819160461426,0.896411120891571,0.0375526063144207,0.0,0.15000000596046448,
29,merge,constant_velocity,2,4.325936317443848,1.3057775497436523,0.044399846345186234,0.0,0.20000000298023224,
29,merge,constant_velocity,5,5.6383490562438965,2.003345012664795,0.047802962362766266,0.0,0.15000000596046448,
29,merge,constant_velocity,10,10.375914573669434,2.757364511489868,0.05966409295797348,0.0,0.15000000596046448,
29,merge,constant_velocity,20,17.13977813720703,1.476305365562439,0.07290876656770706,0.04999999701976776,0.3500000238418579,
29,merge,constant_velocity,40,26.54355812072754,2.401639699935913,0.08749985694885254,0.09999999403953552,0.25,
43,intersection,independent,1,0.6002644300460815,0.6692510843276978,0.0004500146606005728,0.06489112973213196,0.11425252258777618,0.017310211434960365
43,intersection,independent,2,0.9629557728767395,1.1154193878173828,0.0012294613989070058,0.06489112973213196,0.11425252258777618,0.016916636377573013
43,intersection,independent,5,3.0036633014678955,1.7754348516464233,0.0033202660270035267,0.06489112973213196,0.12132813036441803,0.0164213664829731
43,intersection,independent,10,6.259291648864746,2.89813232421875,0.009044190868735313,0.06489112973213196,0.06544432789087296,0.01598954200744629
43,intersection,independent,20,15.100151062011719,2.525120258331299,0.012106426991522312,0.06489112973213196,0.06169670820236206,0.015555573627352715
43,intersection,independent,40,33.74991989135742,3.044605255126953,0.04085799679160118,0.08989113569259644,0.06800013035535812,0.01521955244243145
43,intersection,no_actions,1,0.6036510467529297,0.6825432181358337,0.00047086802078410983,0.00453779473900795,0.06486285477876663,0.015510262921452522
43,intersection,no_actions,2,0.9523137807846069,1.1431915760040283,0.001288896077312529,0.005657479166984558,0.06513279676437378,0.01374810840934515
43,intersection,no_actions,5,3.029433250427246,1.8033998012542725,0.0034072711132466793,0.006175439804792404,0.10227061063051224,0.012796657159924507
43,intersection,no_actions,10,6.838669776916504,3.4296059608459473,0.012324979528784752,0.05101275071501732,0.08945222944021225,0.011903323233127594
43,intersection,no_actions,20,20.523326873779297,3.815274715423584,0.025560306385159492,0.1350950002670288,0.08724826574325562,0.011121101677417755
43,intersection,no_actions,40,55.74376678466797,5.376755714416504,0.12918142974376678,0.19405031204223633,0.08689645677804947,0.010524442419409752
43,intersection,privileged,1,0.1593361794948578,0.8404679298400879,0.0007841283804737031,0.017697658389806747,0.04390936717391014,0.015130794607102871
43,intersection,privileged,2,0.6664012670516968,1.606009840965271,0.0025801374576985836,0.032854966819286346,0.038121242076158524,0.013984616845846176
43,intersection,privileged,5,4.085988521575928,2.759150266647339,0.0073672509752213955,0.09917686879634857,0.11295155435800552,0.015033549629151821
43,intersection,privileged,10,9.761037826538086,2.316615104675293,0.007762791123241186,0.15387862920761108,0.1491570770740509,0.014588437043130398
43,intersection,privileged,20,16.425613403320312,2.0559654235839844,0.012625395320355892,0.1323825865983963,0.15262117981910706,0.01433954294770956
43,intersection,privileged,40,32.03783416748047,1.9246076345443726,0.03309889882802963,0.060494162142276764,0.12274909764528275,0.012955590151250362
43,intersection,memoryless,1,6.907726287841797,1.344165563583374,0.07364656776189804,0.013538610190153122,0.04257933050394058,0.019411366432905197
43,intersection,memoryless,2,6.6104631423950195,1.8503097295761108,0.07462450861930847,0.009217116981744766,0.037476085126399994,0.01680140383541584
43,intersection,memoryless,5,6.644254207611084,2.5447938442230225,0.07877497375011444,0.02375241369009018,0.11696967482566833,0.016109542921185493
43,intersection,memoryless,10,10.265779495239258,3.2405624389648438,0.0874650776386261,0.0997207909822464,0.1763659417629242,0.013894029892981052
43,intersection,memoryless,20,22.494800567626953,3.286717653274536,0.11919701099395752,0.2664191424846649,0.17017173767089844,0.012832332402467728
43,intersection,memoryless,40,55.96363830566406,5.146655559539795,0.2731744945049286,0.6937522292137146,0.124870166182518,0.011068998835980892
43,intersection,orchestra,1,0.6097586750984192,0.8468633890151978,0.0007996390340849757,0.02076347917318344,0.045157767832279205,0.015883315354585648
43,intersection,orchestra,2,1.0218323469161987,1.3640472888946533,0.0020060152746737003,0.01601586863398552,0.043371908366680145,0.015393455512821674
43,intersection,orchestra,5,3.352926731109619,1.9838874340057373,0.006037137936800718,0.017963223159313202,0.10671226680278778,0.016637612134218216
43,intersection,orchestra,10,6.460304260253906,1.2242841720581055,0.004026993177831173,0.009169545024633408,0.0909205824136734,0.015338108874857426
43,intersection,orchestra,20,13.84333324432373,1.8115135431289673,0.015486347489058971,0.09788597375154495,0.09336968511343002,0.01396449375897646
43,intersection,orchestra,40,34.0739631652832,2.6882474422454834,0.0838596299290657,0.2026226818561554,0.04919810593128204,0.012425616383552551
43,intersection,persistence,1,8.06308650970459,1.6321042776107788,0.07547983527183533,0.0,0.05000000074505806,
43,intersection,persistence,2,8.890417098999023,2.0786423683166504,0.07654189318418503,0.0,0.05000000074505806,
43,intersection,persistence,5,10.843945503234863,2.752925157546997,0.07953380793333054,0.0,0.125,
43,intersection,persistence,10,13.516940116882324,2.144162654876709,0.07702043652534485,0.0,0.20000000298023224,
43,intersection,persistence,20,21.733196258544922,2.273268222808838,0.08332213759422302,0.0,0.17500001192092896,
43,intersection,persistence,40,36.13154602050781,2.792208433151245,0.11390276998281479,0.02500000037252903,0.125,
43,intersection,constant_velocity,1,6.879030704498291,1.6321042776107788,0.07541671395301819,0.0,0.05000000074505806,
43,intersection,constant_velocity,2,6.572718620300293,2.0786423683166504,0.07629148662090302,0.0,0.05000000074505806,
43,intersection,constant_velocity,5,6.082211017608643,2.752925157546997,0.07808037847280502,0.0,0.125,
43,intersection,constant_velocity,10,7.964540958404541,2.144162654876709,0.07338753342628479,0.0,0.20000000298023224,
43,intersection,constant_velocity,20,15.240984916687012,2.273268222808838,0.07745226472616196,0.0,0.17500001192092896,
43,intersection,constant_velocity,40,30.51266860961914,2.792208433151245,0.10558242350816727,0.02500000037252903,0.125,
43,merge,independent,1,0.7132179737091064,0.6890672445297241,0.00047770680976100266,0.14826518297195435,0.053397852927446365,0.017224246636033058
43,merge,independent,2,1.131932020187378,1.0191324949264526,0.0012225938262417912,0.14826518297195435,0.01368868350982666,0.016861379146575928
43,merge,independent,5,2.8903355598449707,1.4735229015350342,0.004464685916900635,0.14826518297195435,0.11368869245052338,0.016382064670324326
43,merge,independent,10,7.068110466003418,1.9960676431655884,0.01238713227212429,0.14826518297195435,0.26368868350982666,0.015958238393068314
43,merge,independent,20,13.888059616088867,1.5407382249832153,0.022200971841812134,0.14826518297195435,0.11368869245052338,0.015534872189164162
43,merge,independent,40,25.866840362548828,2.7451846599578857,0.054427482187747955,0.14826518297195435,0.16368868947029114,0.015209680423140526
43,merge,no_actions,1,0.7289658188819885,0.6850735545158386,0.00047581485705450177,0.014112770557403564,0.0544041283428669,0.012804200872778893
43,merge,no_actions,2,1.152342438697815,1.0198392868041992,0.001231541158631444,0.01542004942893982,0.03429511934518814,0.011898087337613106
43,merge,no_actions,5,2.9804635047912598,1.5262744426727295,0.004682738799601793,0.012040793895721436,0.11057020723819733,0.011354620568454266
43,merge,no_actions,10,8.052236557006836,2.3386566638946533,0.013619954697787762,0.07343262434005737,0.26437294483184814,0.010702261701226234
43,merge,no_actions,20,19.44316864013672,2.4283692836761475,0.029241852462291718,0.2473900020122528,0.15372949838638306,0.010143453255295753
43,merge,no_actions,40,60.21580123901367,5.077026844024658,0.11324834823608398,0.43515264987945557,0.28226280212402344,0.009820266626775265
43,merge,privileged,1,0.15959180891513824,0.8779247999191284,0.0009028908098116517,0.011646777391433716,0.05297224596142769,0.014085458591580391
43,merge,privileged,2,0.7026851773262024,1.6648778915405273,0.0030576069839298725,0.0448421835899353,0.05593426525592804,0.012638726271688938
43,merge,privileged,5,4.071287631988525,2.4803030490875244,0.008489509113132954,0.12610191106796265,0.18932048976421356,0.013846363872289658
43,merge,privileged,10,9.161213874816895,1.7823903560638428,0.013579098507761955,0.15994125604629517,0.3729569911956787,0.013669364154338837
43,merge,privileged,20,12.85700798034668,1.3172134160995483,0.021659070625901222,0.10031941533088684,0.2673587501049042,0.013626769185066223
43,merge,privileged,40,21.510112762451172,2.3296971321105957,0.039840295910835266,0.17418333888053894,0.3470059633255005,0.012545757927000523
43,merge,memoryless,1,7.855947017669678,1.0968742370605469,0.05592653527855873,0.005399614572525024,0.05239642783999443,0.009921078570187092
43,merge,memoryless,2,7.2961931228637695,1.554214358329773,0.05028948560357094,0.040471792221069336,0.0891285389661789,0.009081605821847916
43,merge,memoryless,5,9.762299537658691,1.9773108959197998,0.04564712569117546,0.14545226097106934,0.2305525690317154,0.00926017016172409
43,merge,memoryless,10,16.413549423217773,2.452397584915161,0.054320815950632095,0.321736216545105,0.4059580862522125,0.00842506717890501
43,merge,memoryless,20,26.95949363708496,1.8046386241912842,0.07136090099811554,0.5815412402153015,0.2861397862434387,0.008433960378170013
43,merge,memoryless,40,52.44873809814453,4.223403453826904,0.12934322655200958,1.0178749561309814,0.34929561614990234,0.008215507492423058
43,merge,orchestra,1,0.7179248332977295,0.6981279253959656,0.0006014388054609299,0.022572338581085205,0.053723011165857315,0.013748759403824806
43,merge,orchestra,2,1.1551010608673096,1.1879315376281738,0.0016085567185655236,0.02366909384727478,0.07345715910196304,0.013729454949498177
43,merge,orchestra,5,2.7957863807678223,1.4867993593215942,0.0041661071591079235,0.012463241815567017,0.17321810126304626,0.015443197451531887
43,merge,orchestra,10,4.739417552947998,1.2293546199798584,0.009694314561784267,0.02194058895111084,0.32300278544425964,0.014271238818764687
43,merge,orchestra,20,10.714937210083008,1.9883534908294678,0.021600304171442986,0.08379550278186798,0.1635761260986328,0.01303315069526434
43,merge,orchestra,40,31.18548011779785,2.398223638534546,0.050614774227142334,0.36203476786613464,0.22052708268165588,0.011491768062114716
43,merge,persistence,1,10.579501152038574,1.260952353477478,0.0764564648270607,0.0,0.15000000596046448,
43,merge,persistence,2,11.06286907196045,1.6844522953033447,0.07697543501853943,0.0,0.20000000298023224,
43,merge,persistence,5,12.150899887084961,1.813185691833496,0.07812463492155075,0.0,0.30000001192092896,
43,merge,persistence,10,14.353596687316895,1.8826560974121094,0.0837424173951149,0.0,0.44999998807907104,
43,merge,persistence,20,20.388973236083984,1.8985942602157593,0.09334804862737656,0.0,0.30000001192092896,
43,merge,persistence,40,34.54317092895508,3.0682318210601807,0.11384778469800949,0.0,0.3500000238418579,
43,merge,constant_velocity,1,10.0473051071167,1.260952353477478,0.0764373242855072,0.0,0.15000000596046448,
43,merge,constant_velocity,2,10.08012866973877,1.6844522953033447,0.07690582424402237,0.0,0.20000000298023224,
43,merge,constant_velocity,5,10.88219165802002,1.813185691833496,0.07794295996427536,0.0,0.30000001192092896,
43,merge,constant_velocity,10,13.624300003051758,1.8826560974121094,0.0837610736489296,0.0,0.44999998807907104,
43,merge,constant_velocity,20,18.947406768798828,1.8985942602157593,0.09332046657800674,0.0,0.30000001192092896,
43,merge,constant_velocity,40,31.45444107055664,3.0682318210601807,0.11234764754772186,0.0,0.3500000238418579,
