model,horizon,mean,std,count,sem
constant_velocity,1,4.294245382150014,4.020792891179315,3,2.3214058580781116
constant_velocity,2,4.32995934287707,3.835712451774266,3,2.214549616565872
constant_velocity,5,5.426651954650879,2.852708174642508,3,1.647011832549298
constant_velocity,10,8.947917381922403,2.4630362931761733,3,1.4220346668890818
constant_velocity,20,15.36916414896647,3.5479512515682834,3,2.048410610164618
constant_velocity,40,31.24827766418457,3.9822249006864543,3,2.2991386183849554
independent,1,0.4850962559382121,0.1557037617749393,3,0.08989560877459857
independent,2,0.8015524248282114,0.21316964282188353,3,0.12307355066627083
independent,5,2.90559192498525,0.03679910031951821,3,0.021245970475409885
independent,10,7.354815244674683,1.4965125365124115,3,0.8640119158010905
independent,20,13.97905190785726,2.811215693515812,3,1.6230561374014547
independent,40,26.653756141662598,4.350227673607159,3,2.511605118393253
memoryless,1,3.8122288088003793,3.422987456012363,3,1.97626272916145
memoryless,2,3.646078258752823,3.1525163661595887,3,1.8201061726269394
memoryless,5,5.372889479001363,2.5732481455196132,3,1.485665509507454
memoryless,10,10.042128721872965,3.210058344171339,3,1.853328049121727
memoryless,20,22.81391366322835,4.052084219725096,3,2.339471915037319
memoryless,40,57.43033218383789,6.819962787966469,3,3.9375073514956718
no_actions,1,0.4945451666911443,0.1518535704027025,3,0.08767269974940609
no_actions,2,0.8079468111197153,0.21227619185604144,3,0.12255771651063417
no_actions,5,2.8848702112833657,0.13473228745399518,3,0.07778772243009816
no_actions,10,7.3780601024627686,1.4771767664583182,3,0.852848403755371
no_actions,20,16.68678156534831,4.550679060126805,3,2.627335780359804
no_actions,40,50.59025192260742,8.113728209104531,3,4.684463165657961
orchestra,1,0.5207704106966654,0.1239608218783239,3,0.07156881388041755
orchestra,2,0.8663187523682913,0.20223284155891985,3,0.11675918551302532
orchestra,5,2.8156030575434365,0.3904665095277538,3,0.22543594438538225
orchestra,10,7.168714125951131,2.5508302695205765,3,1.4727225427647506
orchestra,20,16.22439972559611,3.5716491980263827,3,2.062092625931443
orchestra,40,35.57864538828532,2.5995674398382707,3,1.500860961167212
persistence,1,5.50904393196106,3.818983268427726,3,2.2048910180574244
persistence,2,6.707343022028605,3.4488241590417137,3,1.9911795566104182
persistence,5,10.527360757191977,2.1040854346561297,3,1.2147942920966872
persistence,10,17.61377016703288,3.814888142046683,3,2.202526695738964
persistence,20,27.233139991760254,5.393943857467911,3,3.114194938102827
persistence,40,42.37308120727539,6.861283034553912,3,3.9613636069859135
privileged,1,0.1447021973629792,0.022601832022418153,3,0.013049173802321824
privileged,2,0.5941274066766103,0.09534673872403147,3,0.05504846526867249
privileged,5,3.230725963910421,0.7666439554204014,3,0.44262209403456826
privileged,10,8.578092892964682,1.0790842009698447,3,0.6230095539082121
privileged,20,19.169739087422688,3.934875512486516,3,2.2718014363617565
privileged,40,43.512063344319664,15.23450693718748,3,8.795646681156413
