seed,scenario,model,pearson,spearman,selected_true_rank,regret,rank_accuracy,top_5_overlap,top_10_overlap,outcome_pearson,outcome_spearman
17,intersection,independent,0.5955072837560655,0.7088235294117646,11,0.9694082964956761,0.7833333333333333,0.0,0.5,0.70214522554566,0.6518577679005485
17,intersection,no_actions,,,3,0.03727956011891376,0.0,0.0,0.0,,
17,intersection,privileged,0.6919682117436133,0.7382352941176471,11,0.9694082964956761,0.8083333333333333,0.0,0.5,0.7603600363655654,0.759865268421418
17,intersection,memoryless,0.7716529248013204,0.8029411764705883,11,0.9694082964956761,0.8583333333333333,0.0,0.5,0.7554308685868167,0.7653378706854641
17,intersection,orchestra,0.613880925394984,0.7411764705882353,11,0.9694082964956761,0.8083333333333333,0.0,0.5,0.49317843095345315,0.4757205361483436
17,intersection,persistence,,,3,0.03727956011891376,0.0,0.0,0.0,,
17,intersection,constant_velocity,,,3,0.03727956011891376,0.0,0.0,0.0,,
17,intersection,oracle,1.0,1.0,1,0.0,1.0,1.0,1.0,0.9999999999999998,1.0
17,merge,independent,0.8209477861179282,0.788235294117647,1,0.0,0.8083333333333333,1.0,0.5,0.25614851282200374,0.2339120772275852
17,merge,no_actions,,,3,0.27391842737793937,0.0,0.0,0.0,,
17,merge,privileged,0.7915641693298736,0.7411764705882353,1,0.0,0.8,1.0,1.0,0.7625070982445722,0.7630043753038405
17,merge,memoryless,0.8412534711702364,0.8676470588235294,1,0.0,0.875,1.0,1.0,0.7777490031249104,0.7774220431974442
17,merge,orchestra,0.8079740122897385,0.8294117647058824,1,0.0,0.8416666666666667,1.0,1.0,0.557151525614422,0.5757413709285366
17,merge,persistence,,,3,0.27391842737793937,0.0,0.0,0.0,,
17,merge,constant_velocity,,,3,0.27391842737793937,0.0,0.0,0.0,,
17,merge,oracle,0.9999999999999998,1.0,1,0.0,1.0,1.0,1.0,0.9999999999999998,1.0
29,intersection,independent,0.1317866376916508,0.16764705882352943,7,0.7080216765403753,0.5666666666666667,0.0,0.5,0.48715915863415565,0.4680394471838321
29,intersection,no_actions,,,13,1.6256183564662932,0.0,0.0,0.0,,
29,intersection,privileged,0.09711179830520685,0.1647058823529412,7,0.7080216765403753,0.55,0.0,0.5,0.7196532519152306,0.7311966108757552
29,intersection,memoryless,0.031392533074035917,0.09999999999999999,7,0.7080216765403753,0.5333333333333333,0.0,0.0,0.670473661858201,0.6708035280227792
29,intersection,orchestra,0.14472893669030906,0.14705882352941177,7,0.7080216765403753,0.55,0.0,0.5,0.7400734412477178,0.7230641016737273
29,intersection,persistence,,,13,1.6256183564662932,0.0,0.0,0.0,,
29,intersection,constant_velocity,,,13,1.6256183564662932,0.0,0.0,0.0,,
29,intersection,oracle,1.0,1.0,1,0.0,1.0,1.0,1.0,0.9999999999999999,1.0
29,merge,independent,-0.040826899999188426,0.18529411764705883,16,3.7904699185490607,0.5833333333333334,0.0,0.5,0.33457657337107466,0.3085839294395444
29,merge,no_actions,,,15,3.1941026361286653,0.0,0.0,0.0,,
29,merge,privileged,0.0010046475059081461,0.2058823529411765,16,3.7904699185490607,0.6,0.0,0.5,0.8323709005443566,0.8412598097090075
29,merge,memoryless,0.02647967691704356,0.14705882352941177,16,3.7904699185490607,0.5833333333333334,0.0,0.5,0.8018345465738153,0.7892770331273004
29,merge,orchestra,-0.07036969651948252,0.13823529411764704,16,3.7904699185490607,0.5666666666666667,0.0,0.5,0.8212475745948,0.8206403222446003
29,merge,persistence,,,15,3.1941026361286653,0.0,0.0,0.0,,
29,merge,constant_velocity,,,15,3.1941026361286653,0.0,0.0,0.0,,
29,merge,oracle,1.0,1.0,1,0.0,1.0,1.0,1.0,0.9999999999999998,1.0
43,intersection,independent,0.8400163981195846,0.85,1,0.0,0.8583333333333333,1.0,1.0,0.36295605990579116,0.2998055420515313
43,intersection,no_actions,,,5,0.534543085992337,0.0,0.0,0.0,,
43,intersection,privileged,0.835458476348368,0.823529411764706,1,0.0,0.825,1.0,0.5,0.7232591335491374,0.7273213417598443
43,intersection,memoryless,0.8849128116173943,0.8764705882352942,1,0.0,0.8583333333333333,1.0,0.5,0.7550131790810943,0.7550454892700881
43,intersection,orchestra,0.8524424622536936,0.8588235294117647,1,0.0,0.8583333333333333,1.0,0.5,0.6489485198543921,0.6517049795124661
43,intersection,persistence,,,5,0.534543085992337,0.0,0.0,0.0,,
43,intersection,constant_velocity,,,5,0.534543085992337,0.0,0.0,0.0,,
43,intersection,oracle,0.9999999999999998,1.0,1,0.0,1.0,1.0,1.0,0.9999999999999998,1.0
43,merge,independent,0.8327988281592499,0.8630348093068483,1,0.0,0.8333333333333334,1.0,0.5,0.351366248400695,0.3664152914310059
43,merge,no_actions,,,4,0.0008265119791035502,0.016666666666666666,0.0,0.0,,
43,merge,privileged,0.8609189066842352,0.8424162302449099,1,0.0,0.85,1.0,0.5,0.6256910272375626,0.6290960342491659
43,merge,memoryless,0.894371850630421,0.8409434745976285,1,0.0,0.8416666666666667,1.0,0.5,0.6241228789713086,0.6468458594235968
43,merge,orchestra,0.8604824022644193,0.861562053659567,1,0.0,0.8416666666666667,1.0,0.5,0.43228846747740146,0.45647368830507085
43,merge,persistence,,,4,0.0008265119791035502,0.016666666666666666,0.0,0.0,,
43,merge,constant_velocity,,,4,0.0008265119791035502,0.016666666666666666,0.0,0.0,,
43,merge,oracle,0.9999999999999999,1.0,1,0.0,1.0,1.0,1.0,1.0,1.0
