seed,agents,inference_ms,planner_ms,selected_true_cost,position_error,speed_error,world_error
17,4,7.227228001283947,28.178161002870183,2.3029065987467767,1.3018776178359985,1.3677376508712769,0.002857486018911004
29,4,7.369975999608869,28.00182099963422,5.61719824641943,1.9560474157333374,2.0451877117156982,0.0045220754109323025
43,4,6.869657001516316,29.059161999612115,2.227194762825966,2.2038724422454834,2.222842216491699,0.00545724481344223
17,8,7.2294720011996105,35.77401000075042,2.3223372039198873,1.3168022632598877,1.4363120794296265,0.0026964396238327026
29,8,7.473779998690588,40.94899999836343,4.7538344761729245,2.2345407009124756,2.039975166320801,0.005109802354127169
43,8,7.286768999620108,40.76303300098516,3.0258899015188216,2.541327714920044,1.981956124305725,0.004665222950279713
17,16,8.161248999385862,51.12632899908931,2.532795680463314,1.576542854309082,1.312066912651062,0.0023371996358036995
29,16,8.069958003034117,53.04865099969902,4.564032083749771,1.7497543096542358,1.47199285030365,0.002892940305173397
43,16,7.914885998616228,50.18314100016141,3.2396649879217145,2.105778694152832,1.539442539215088,0.0032642704900354147
17,24,8.546941997337854,65.1835789976758,6.274185480773449,1.3999309539794922,1.0344316959381104,0.0016633416526019573
29,24,8.577208998758579,64.16252599956351,8.184860266149045,1.9829864501953125,1.130284070968628,0.0018281089141964912
43,24,8.483282002998749,66.21745799930068,7.222050284445285,2.272270917892456,1.3837727308273315,0.0026382666546851397
17,32,11.642073000984965,96.37491900139139,16.163613148331642,2.0020275115966797,0.8863146901130676,0.0013675594236701727
29,32,8.551891001843615,76.88564599811798,15.377896177172662,1.854570746421814,0.9128596186637878,0.001301160897128284
43,32,8.573020997573622,75.92649800062645,21.00709643125534,2.2898828983306885,1.0896152257919312,0.001957622356712818
